WN sighting Id,Provider sighting Id,Kingdom,Phylum,Class,Order,Family,Scientific name,Common name,Taxon Id,Taxon author,NCA,EPBC,Conservation significant,Establishment,Source,Project,Start date,End date,Sighting date,Locality,Latitude,Longitude,Datum,Precision,Count,Count type,Extralimital,Vetting,Restricted record
699301,"5553","Animalia","Chordata","Mammalia","Carnivora","Canidae","Canis familiaris","dog",1067,"Linnaeus, 1758",,,False,"II","Southeast Region Fauna Database","SE_FAUNA","02-01-1992","02-01-1992","02-01-1992","WEST OF LAKE WEYBA; NOOSA",-26.456727,153.042730,"GDA2020",300,,,,"U",0
939454,,"Animalia","Chordata","Mammalia","Carnivora","Canidae","Canis familiaris","dog",1067,"Linnaeus, 1758",,,False,"II","NatureSearch 1","NatureSearch Records","01-01-1992","31-12-1992","01-01-1992","PROPERTY ADJACENT TO RIDING SCHOOL AT THE BASE OF MT. O'REILLY.",-27.356726,152.826075,"GDA2020",1300,,,,"U",0
982004,,"Animalia","Chordata","Mammalia","Carnivora","Canidae","Canis familiaris","dog",1067,"Linnaeus, 1758",,,False,"II","NatureSearch 1","NatureSearch Records","01-01-1986","31-12-1992","01-01-1986","McKey Road, Crossdale",-27.206729,152.526078,"GDA2020",1300,,,,"U",0
1569727,,"Animalia","Chordata","Mammalia","Carnivora","Canidae","Canis familiaris","dog",1067,"Linnaeus, 1758",,,False,"II","Integrated Biological Information System (IBIS)","General Check Lists                                         ","01-04-1992","01-04-1992","01-04-1992","Eurimbula NP - Eurimbula Section",-24.181739,151.826065,"GDA2020",1000,,,,"C",0
1569833,,"Animalia","Chordata","Mammalia","Carnivora","Canidae","Canis familiaris","dog",1067,"Linnaeus, 1758",,,False,"II","Integrated Biological Information System (IBIS)","General Check Lists                                         ","01-05-1992","01-05-1992","01-05-1992","Goodnight Scrub NP",-25.234515,151.913569,"GDA2020",1000,,,,"C",0
1569637,,"Animalia","Chordata","Mammalia","Carnivora","Canidae","Canis familiaris","dog",1067,"Linnaeus, 1758",,,False,"II","Integrated Biological Information System (IBIS)","General Check Lists                                         ","01-05-1992","01-05-1992","01-05-1992","TR 581 Deep Creek",-25.527570,151.913572,"GDA2020",1000,,,,"C",0
1569358,,"Animalia","Chordata","Mammalia","Carnivora","Canidae","Canis familiaris","dog",1067,"Linnaeus, 1758",,,False,"II","Integrated Biological Information System (IBIS)","General Check Lists                                         ","01-03-1992","01-03-1992","01-03-1992","SF 28 Coominglah",-24.898402,150.001097,"GDA2020",2000,,,,"C",0
1569120,,"Animalia","Chordata","Mammalia","Carnivora","Canidae","Canis familiaris","dog",1067,"Linnaeus, 1758",,,False,"II","Integrated Biological Information System (IBIS)","General Check Lists                                         ","01-01-1992","01-01-1992","01-01-1992","Bania SF 54",-24.917849,151.498295,"GDA2020",1000,,,,"C",0
1570801,,"Animalia","Chordata","Mammalia","Carnivora","Canidae","Canis familiaris","dog",1067,"Linnaeus, 1758",,,False,"II","Integrated Biological Information System (IBIS)","General Check Lists                                         ","01-03-1993","01-03-1993","01-03-1993","Broome Head: Lot 33 on Ps 135 Parish of Torilla",-22.248412,150.167751,"GDA2020",2000,,,,"C",0
1573258,,"Animalia","Chordata","Mammalia","Carnivora","Canidae","Canis familiaris","dog",1067,"Linnaeus, 1758",,,False,"II","Integrated Biological Information System (IBIS)","General Check Lists                                         ","22-03-1997","22-03-1997","22-03-1997","Clermont",-22.739261,147.634171,"GDA2020",500,,,,"U",0
1573713,,"Animalia","Chordata","Mammalia","Carnivora","Canidae","Canis familiaris","dog",1067,"Linnaeus, 1758",,,False,"II","Integrated Biological Information System (IBIS)","General Check Lists                                         ","06-07-1998","06-07-1998","06-07-1998","Byfield NP",-22.881743,150.717748,"GDA2020",20000,,,,"C",0
1573934,,"Animalia","Chordata","Mammalia","Carnivora","Canidae","Canis familiaris","dog",1067,"Linnaeus, 1758",,,False,"II","Integrated Biological Information System (IBIS)","General Check Lists                                         ","06-07-1998","06-07-1998","06-07-1998","Eurimbula NP - Eurimbula Section",-24.181740,151.801065,"GDA2020",2000,,,,"C",0
1565669,,"Animalia","Chordata","Mammalia","Carnivora","Canidae","Canis familiaris","dog",1067,"Linnaeus, 1758",,,False,"II","Integrated Biological Information System (IBIS)","General Check Lists                                         ","01-07-1991","01-07-1991","01-07-1991","Mt Walsh NP",-25.581735,152.017738,"GDA2020",20000,,,,"U",0
981670,,"Animalia","Chordata","Mammalia","Carnivora","Canidae","Canis familiaris","dog",1067,"Linnaeus, 1758",,,False,"II","NatureSearch 1","NatureSearch Records","01-01-1992","01-08-1993","01-01-1992","Kimberley Park Forest, Logan City",-27.640056,153.176071,"GDA2020",1300,,,,"U",0
1583402,,"Animalia","Chordata","Mammalia","Carnivora","Canidae","Canis familiaris","dog",1067,"Linnaeus, 1758",,,False,"II","Integrated Biological Information System (IBIS)","General Check Lists                                         ","22-10-1993","22-10-1993","22-10-1993","Poona NP",-25.598397,152.831059,"GDA2020",2000,1,"A",,"U",0
1599949,"636165","Animalia","Chordata","Mammalia","Carnivora","Canidae","Canis familiaris","dog",1067,"Linnaeus, 1758",,,False,"II","Queensland Historical Fauna Database","Keilar Fox & McGhie (1993)","01-01-1992","31-12-1992","01-01-1992","8km SE of Jimboomba on Mundoolun Rd",-27.869223,153.076075,"GDA2020",1800,,,,"U",0
910061,,"Animalia","Chordata","Mammalia","Carnivora","Canidae","Canis familiaris","dog",1067,"Linnaeus, 1758",,,False,"II","NatureSearch 1","NatureSearch Records","16-04-1994","20-04-1994","16-04-1994","State Forest. Compt 40",-26.973394,152.892737,"GDA2020",1300,,,,"U",0
1601692,"637909","Animalia","Chordata","Mammalia","Carnivora","Canidae","Canis familiaris","dog",1067,"Linnaeus, 1758",,,False,"II","Queensland Historical Fauna Database","Brannock Humphreys (1995)","01-01-1994","31-12-1994","01-01-1994","Pelican Waters, Bell's Ck, Caloundra",-26.840059,153.098288,"GDA2020",1500,,,,"U",0
910049,,"Animalia","Chordata","Mammalia","Carnivora","Canidae","Canis familiaris","dog",1067,"Linnaeus, 1758",,,False,"II","NatureSearch 1","NatureSearch Records","24-03-1994","25-03-1994","24-03-1994","STATE FOREST. COMPT 5A",-26.956727,152.892737,"GDA2020",1300,2,"A",,"U",0
1601839,"638056","Animalia","Chordata","Mammalia","Carnivora","Canidae","Canis familiaris","dog",1067,"Linnaeus, 1758",,,False,"II","Queensland Historical Fauna Database","Environmental Research & Education (1995)","10-02-1995","10-02-1995","10-02-1995","Tarong area",-26.778957,151.909417,"GDA2020",3000,,,,"U",0
1602318,"638535","Animalia","Chordata","Mammalia","Carnivora","Canidae","Canis familiaris","dog",1067,"Linnaeus, 1758",,,False,"II","Queensland Historical Fauna Database","Environmental Research & Education (1995)","01-07-1995","31-07-1995","01-07-1995","Yarraman SF289 (Nth end)",-26.790068,151.930250,"GDA2020",900,,,,"U",0
1602569,"638786","Animalia","Chordata","Mammalia","Carnivora","Canidae","Canis familiaris","dog",1067,"Linnaeus, 1758",,,False,"II","Queensland Historical Fauna Database","Kershaw & Co (1996)","19-08-1995","19-08-1995","19-08-1995","Wallace Rd, NW of Beachmere",-27.108114,153.053291,"GDA2020",400,,,,"U",0
1602611,"638828","Animalia","Chordata","Mammalia","Carnivora","Canidae","Canis familiaris","dog",1067,"Linnaeus, 1758",,,False,"II","Queensland Historical Fauna Database","Environmental Research & Education (1995)","01-07-1995","31-07-1995","01-07-1995","Tarong Mining Lease",-26.781734,151.909417,"GDA2020",1800,,,,"U",0
1608907,"645136","Animalia","Chordata","Mammalia","Carnivora","Canidae","Canis familiaris","dog",1067,"Linnaeus, 1758",,,False,"II","Queensland Historical Fauna Database","Jelliffe (1993)","01-11-1992","30-11-1992","01-11-1992","Lot 149, Parish of Vernon, Toogoom area",-25.270621,152.701058,"GDA2020",900,,,,"U",0
1609114,"645343","Animalia","Chordata","Mammalia","Carnivora","Canidae","Canis familiaris","dog",1067,"Linnaeus, 1758",,,False,"II","Queensland Historical Fauna Database","WBM Oceanics (1993)","01-01-1993","31-01-1993","01-01-1993","Bellbird Forest, Brisbane",-27.647003,152.885798,"GDA2020",1500,,,,"U",0
1609241,"645470","Animalia","Chordata","Mammalia","Carnivora","Canidae","Canis familiaris","dog",1067,"Linnaeus, 1758",,,False,"II","Queensland Historical Fauna Database","Rankine & Hill (1992)","01-01-1984","31-12-1984","01-01-1984","Eastern Carbrook, Brisbane",-27.673389,153.242737,"GDA2020",1800,,,,"U",0
1614510,"650739","Animalia","Chordata","Mammalia","Carnivora","Canidae","Canis familiaris","dog",1067,"Linnaeus, 1758",,,False,"II","Queensland Historical Fauna Database","WBM Oceanics (1992)","01-08-1992","31-08-1992","01-08-1992","Flagstone Creek estate",-27.806724,152.951077,"GDA2020",2500,,,,"U",0
889902,,"Animalia","Chordata","Mammalia","Carnivora","Canidae","Canis familiaris","dog",1067,"Linnaeus, 1758",,,False,"II","NatureSearch 1","NatureSearch Records","01-06-1992","30-06-1993","01-06-1992","No locality provided, Esk",-27.390061,152.559413,"GDA2020",1300,1,"A",,"U",0
769865,,"Animalia","Chordata","Mammalia","Carnivora","Canidae","Canis familiaris","dog",1067,"Linnaeus, 1758",,,False,"II","NatureSearch 1","NatureSearch Records","01-11-1992","01-11-1992","01-11-1992","No locality provided, Brisbane",-27.623391,153.059407,"GDA2020",1300,1,"A",,"C",0
1617393,"653624","Animalia","Chordata","Mammalia","Carnivora","Canidae","Canis familiaris","dog",1067,"Linnaeus, 1758",,,False,"II","Queensland Historical Fauna Database","Bill Carter & Associates (1989)","29-05-1989","29-05-1989","29-05-1989","Maroochy North Shore Reserve",-26.627559,153.096898,"GDA2020",1200,,,,"U",0
1618898,"655130","Animalia","Chordata","Mammalia","Carnivora","Canidae","Canis familiaris","dog",1067,"Linnaeus, 1758",,,False,"II","Queensland Historical Fauna Database","Environmental Solutions & Investigations (1994)","10-04-1994","10-04-1994","10-04-1994","Proposed Bell's Ck Arterial Rd, Caloundra",-26.827559,153.059400,"GDA2020",6000,,,,"U",0
1619333,"655565","Animalia","Chordata","Mammalia","Carnivora","Canidae","Canis familiaris","dog",1067,"Linnaeus, 1758",,,False,"II","Queensland Historical Fauna Database","WBM Oceanics (1993)","01-02-1993","28-02-1993","01-02-1993","Wildlife corridor, Springfield development",-27.681725,152.909409,"GDA2020",2000,,,,"U",0
1620068,"656300","Animalia","Chordata","Mammalia","Carnivora","Canidae","Canis familiaris","dog",1067,"Linnaeus, 1758",,,False,"II","Queensland Historical Fauna Database","Liddy (1987)","01-04-1985","01-04-1985","01-04-1985","Chermside West, Brisbane",-27.381725,153.009405,"GDA2020",900,,,,"U",0
2439622,"85722","Animalia","Chordata","Mammalia","Carnivora","Canidae","Canis familiaris","dog",1067,"Linnaeus, 1758",,,False,"II","Queensland Historical Fauna Database","WBM (1990)","20-08-1990","20-08-1990","20-08-1990","Mooloolah River NP",-26.723392,153.092732,"GDA2020",2500,,,,"U",0
2451998,"99860","Animalia","Chordata","Mammalia","Carnivora","Canidae","Canis familiaris","dog",1067,"Linnaeus, 1758",,,False,"II","Queensland Historical Fauna Database","Pavey et al. (1994)","01-01-1989","31-12-1989","01-01-1989","J.C. Slaughter Falls area, BFP",-27.473392,152.967740,"GDA2020",900,,,,"U",0
2470269,"122268","Animalia","Chordata","Mammalia","Carnivora","Canidae","Canis familiaris","dog",1067,"Linnaeus, 1758",,,False,"II","Queensland Historical Fauna Database","Dyer & Hines (1994)","01-01-1986","31-12-1986","01-01-1986","Dune Rocks Headland, Point Lookout",-27.427554,153.542731,"GDA2020",450,,,,"U",0
2645717,"138256","Animalia","Chordata","Mammalia","Carnivora","Canidae","Canis familiaris","dog",1067,"Linnaeus, 1758",,,False,"II","Queensland Historical Fauna Database","Harrison & Lewis (1997)","01-10-1994","31-10-1994","01-10-1994","Mt St John sewage farm, Townsville",-19.256773,146.742779,"GDA2020",450,,,,"U",0
2648005,"140606","Animalia","Chordata","Mammalia","Carnivora","Canidae","Canis familiaris","dog",1067,"Linnaeus, 1758",,,False,"II","Queensland Historical Fauna Database","Lavery & Pollitt (1990)","18-09-1982","18-09-1982","18-09-1982","Northern area, Moreton Island",-27.173390,153.326065,"GDA2020",7000,,,,"U",0
2648030,"140632","Animalia","Chordata","Mammalia","Carnivora","Canidae","Canis familiaris","dog",1067,"Linnaeus, 1758",,,False,"II","Queensland Historical Fauna Database","Lavery & Pollitt (1990)","03-12-1988","03-12-1988","03-12-1988","Northern area, Moreton Island",-27.173390,153.326065,"GDA2020",7000,,,,"U",0
2656978,"149751","Animalia","Chordata","Mammalia","Carnivora","Canidae","Canis familiaris","dog",1067,"Linnaeus, 1758",,,False,"II","Queensland Historical Fauna Database","Templeton (1986-1994)","01-01-1992","31-12-1992","01-01-1992","East Nanango Fauna Sanctuary",-26.665067,152.026081,"GDA2020",450,,,,"U",0
2866170,,"Animalia","Chordata","Mammalia","Carnivora","Canidae","Canis familiaris","dog",1067,"Linnaeus, 1758",,,False,"II","Literature Records","Literature Records","01-01-1992","31-12-1995","01-01-1992","Pelican Waterhole area, terminus of Brown's Ck approx 14km W of Betoota, SWQ",-25.681809,140.617899,"GDA2020",3000,,,,"V",0
768967,,"Animalia","Chordata","Mammalia","Carnivora","Canidae","Canis familiaris","dog",1067,"Linnaeus, 1758",,,False,"II","NatureSearch 1","NatureSearch Records","06-04-1992","06-04-1992","06-04-1992","No locality provided, Esk",-27.340063,152.426081,"GDA2020",1300,,,,"C",0
1570244,,"Animalia","Chordata","Mammalia","Carnivora","Canidae","Canis familiaris","dog",1067,"Linnaeus, 1758",,,False,"II","Integrated Biological Information System (IBIS)","General Check Lists                                         ","01-06-1992","01-06-1992","01-06-1992","Boogooramunya SF648",-25.848402,152.080239,"GDA2020",1000,,,,"C",0
1570416,,"Animalia","Chordata","Mammalia","Carnivora","Canidae","Canis familiaris","dog",1067,"Linnaeus, 1758",,,False,"II","Integrated Biological Information System (IBIS)","General Check Lists                                         ","01-04-1992","01-04-1992","01-04-1992","Rundle Range NP",-23.656742,150.992745,"GDA2020",1000,,,,"C",0
1570573,,"Animalia","Chordata","Mammalia","Carnivora","Canidae","Canis familiaris","dog",1067,"Linnaeus, 1758",,,False,"II","Integrated Biological Information System (IBIS)","General Check Lists                                         ","01-03-1992","01-03-1992","01-03-1992","SF639 Wrattens",-26.398397,152.623291,"GDA2020",1000,,,,"C",0
1578609,,"Animalia","Chordata","Mammalia","Carnivora","Canidae","Canis familiaris","dog",1067,"Linnaeus, 1758",,,False,"II","Integrated Biological Information System (IBIS)","National Park sites and projects within Central             ","08-11-1996","08-11-1996","08-11-1996","Byfield NP: The entire Byfield Coastal Area",-22.881743,150.751081,"GDA2020",20000,1,"A",,"C",0
1578610,,"Animalia","Chordata","Mammalia","Carnivora","Canidae","Canis familiaris","dog",1067,"Linnaeus, 1758",,,False,"II","Integrated Biological Information System (IBIS)","National Park sites and projects within Central             ","08-11-1996","08-11-1996","08-11-1996","Byfield NP: The entire Byfield Coastal Area",-22.881743,150.751081,"GDA2020",20000,3,"A",,"C",0
1601435,"637651","Animalia","Chordata","Mammalia","Carnivora","Canidae","Canis familiaris","dog",1067,"Linnaeus, 1758",,,False,"II","Queensland Historical Fauna Database","Barlow Gregg & Associates (1995)","01-03-1995","31-03-1995","01-03-1995","Burrum Woods development, Burrum Heads",-25.194233,152.605225,"GDA2020",1200,,,,"U",0
3015358,"7593","Animalia","Chordata","Mammalia","Carnivora","Canidae","Canis familiaris","dog",1067,"Linnaeus, 1758",,,False,"II","SEQ Comprehensive Regional Assessment Fauna Survey Database","SEQ Comprehensive Regional Assessment Fauna Survey","15-08-1997","15-08-1997","15-08-1997","ON TAROMEO CK 15MIN * 2PERSON",-26.787441,152.153705,"GDA2020",500,1,"A",,"U",0
3015360,"7595","Animalia","Chordata","Mammalia","Carnivora","Canidae","Canis familiaris","dog",1067,"Linnaeus, 1758",,,False,"II","SEQ Comprehensive Regional Assessment Fauna Survey Database","SEQ Comprehensive Regional Assessment Fauna Survey","11-08-1997","15-08-1997","11-08-1997","BENARKIN STATE FOREST - RICKY'S HUT ROAD, ADJACENT CPT 17, MUDDY LOGGIGN AREA",-26.782961,152.190534,"GDA2020",500,1,"A",,"U",0
3015361,"7596","Animalia","Chordata","Mammalia","Carnivora","Canidae","Canis familiaris","dog",1067,"Linnaeus, 1758",,,False,"II","SEQ Comprehensive Regional Assessment Fauna Survey Database","SEQ Comprehensive Regional Assessment Fauna Survey","11-08-1997","15-08-1997","11-08-1997","BENARKIN STATE FOREST - RICKY'S HUT ROAD, ADJACENT CPT 17, MUDDY LOGGIGN AREA",-26.782961,152.190534,"GDA2020",500,1,"A",,"U",0
1601792,"638009","Animalia","Chordata","Mammalia","Carnivora","Canidae","Canis familiaris","dog",1067,"Linnaeus, 1758",,,False,"II","Queensland Historical Fauna Database","Environmental Research & Education (1994)","01-02-1994","28-02-1994","01-02-1994","Tarong Mining Lease",-26.781734,151.909417,"GDA2020",1800,,,,"U",0
3018154,"10783","Animalia","Chordata","Mammalia","Carnivora","Canidae","Canis familiaris","dog",1067,"Linnaeus, 1758",,,False,"II","SEQ Comprehensive Regional Assessment Fauna Survey Database","SEQ Comprehensive Regional Assessment Fauna Survey","08-09-1997","12-09-1997","08-09-1997","MT WALSH NP, MUNGORE LANE, 1ST SITE",-25.627643,152.000258,"GDA2020",500,1,"A",,"V",0
3018156,"10785","Animalia","Chordata","Mammalia","Carnivora","Canidae","Canis familiaris","dog",1067,"Linnaeus, 1758",,,False,"II","SEQ Comprehensive Regional Assessment Fauna Survey Database","SEQ Comprehensive Regional Assessment Fauna Survey","08-09-1997","12-09-1997","08-09-1997","MT WALSH NP, MUNGORE LANE, 1ST SITE",-25.627643,152.000258,"GDA2020",500,1,"A",,"V",0
3018159,"10788","Animalia","Chordata","Mammalia","Carnivora","Canidae","Canis familiaris","dog",1067,"Linnaeus, 1758",,,False,"II","SEQ Comprehensive Regional Assessment Fauna Survey Database","SEQ Comprehensive Regional Assessment Fauna Survey","08-09-1997","12-09-1997","08-09-1997","GULLY IN DSF ON COONGARA FALLS RD, WEST OF MT WALSH NP",-25.667396,152.003692,"GDA2020",500,1,"A",,"V",0
1617042,"653273","Animalia","Chordata","Mammalia","Carnivora","Canidae","Canis familiaris","dog",1067,"Linnaeus, 1758",,,False,"II","Queensland Historical Fauna Database","PPK (1992)","01-01-1992","31-12-1992","01-01-1992","Underwood Rd, Priestdale",-27.609501,153.159405,"GDA2020",900,,,,"U",0
3010078,"1678","Animalia","Chordata","Mammalia","Carnivora","Canidae","Canis familiaris","dog",1067,"Linnaeus, 1758",,,False,"II","SEQ Comprehensive Regional Assessment Fauna Survey Database","SEQ Comprehensive Regional Assessment Fauna Survey","23-06-1997","27-06-1997","23-06-1997","BINGERA STATE FOREST - ADJACENT WATER POINT 16",-25.033570,152.332464,"GDA2020",500,1,"A",,"U",0
3010301,"1928","Animalia","Chordata","Mammalia","Carnivora","Canidae","Canis familiaris","dog",1067,"Linnaeus, 1758",,,False,"II","SEQ Comprehensive Regional Assessment Fauna Survey Database","SEQ Comprehensive Regional Assessment Fauna Survey","23-06-1997","27-06-1997","23-06-1997","BINGERA STATE FOREST",-25.006431,152.306261,"GDA2020",500,1,"A",,"U",0
3010566,"2220","Animalia","Chordata","Mammalia","Carnivora","Canidae","Canis familiaris","dog",1067,"Linnaeus, 1758",,,False,"II","SEQ Comprehensive Regional Assessment Fauna Survey Database","SEQ Comprehensive Regional Assessment Fauna Survey","07-07-1997","11-07-1997","07-07-1997","TIMBER RESERVE 353 - MANY PEAKS",-24.566575,151.312739,"GDA2020",500,2,"A",,"U",0
3010571,"2225","Animalia","Chordata","Mammalia","Carnivora","Canidae","Canis familiaris","dog",1067,"Linnaeus, 1758",,,False,"II","SEQ Comprehensive Regional Assessment Fauna Survey Database","SEQ Comprehensive Regional Assessment Fauna Survey","07-07-1997","11-07-1997","07-07-1997","TIMBER RESERVE 353 - MANY PEAKS",-24.566575,151.312739,"GDA2020",500,1,"A",,"U",0
1616239,"652469","Animalia","Chordata","Mammalia","Carnivora","Canidae","Canis familiaris","dog",1067,"Linnaeus, 1758",,,False,"II","Queensland Historical Fauna Database","WBM Oceanics (1992)","21-07-1992","21-07-1992","21-07-1992","Windsor Park estate S of Esk",-27.331730,152.359416,"GDA2020",3500,,,,"U",0
3008534,"23","Animalia","Chordata","Mammalia","Carnivora","Canidae","Canis familiaris","dog",1067,"Linnaeus, 1758",,,False,"II","SEQ Comprehensive Regional Assessment Fauna Survey Database","SEQ Comprehensive Regional Assessment Fauna Survey","10-06-1997","14-06-1997","10-06-1997","MARODIAN SF, FIRST TRACK OFF THUNDER ROAD",-25.939135,152.204608,"GDA2020",500,5,"A",,"U",0
3022683,"907","Animalia","Chordata","Mammalia","Carnivora","Canidae","Canis familiaris","dog",1067,"Linnaeus, 1758",,,False,"II","SEQ Comprehensive Regional Assessment Fauna Survey Database","SEQ CRA Fauna Survey Incidental Records","01-01-1997","30-06-1998","01-01-1997","Various sites within Cordalba State Forest",-25.090915,152.152367,"GDA2020",500,,,,"U",0
3008979,"502","Animalia","Chordata","Mammalia","Carnivora","Canidae","Canis familiaris","dog",1067,"Linnaeus, 1758",,,False,"II","SEQ Comprehensive Regional Assessment Fauna Survey Database","SEQ Comprehensive Regional Assessment Fauna Survey","26-05-1997","29-05-1997","26-05-1997","SITE 4, LOCKYER SF; MIDSLOPE ON RIDGE ON EASTERN SIDE OF HELIDON HILLS",-27.462325,152.287985,"GDA2020",500,3,"A",,"U",0
3012327,"4178","Animalia","Chordata","Mammalia","Carnivora","Canidae","Canis familiaris","dog",1067,"Linnaeus, 1758",,,False,"II","SEQ Comprehensive Regional Assessment Fauna Survey Database","SEQ Comprehensive Regional Assessment Fauna Survey","21-07-1997","26-07-1997","21-07-1997","EURIMBULA NATIONAL PARK - CROSSING OF EURIMBULA CREEK AND MAIN ACCESS TRACK TO MIDDLE CREEK ROAD",-24.200136,151.793717,"GDA2020",500,1,"A",,"U",0
3018067,"10695","Animalia","Chordata","Mammalia","Carnivora","Canidae","Canis familiaris","dog",1067,"Linnaeus, 1758",,,False,"II","SEQ Comprehensive Regional Assessment Fauna Survey Database","SEQ Comprehensive Regional Assessment Fauna Survey","08-09-1997","10-09-1997","08-09-1997","LOGGING TRACK LEADING TO PALM VALLEY, MT WALSH NATIONAL PARK",-25.647188,152.027848,"GDA2020",500,1,"A",,"V",0
3018171,"10801","Animalia","Chordata","Mammalia","Carnivora","Canidae","Canis familiaris","dog",1067,"Linnaeus, 1758",,,False,"II","SEQ Comprehensive Regional Assessment Fauna Survey Database","SEQ Comprehensive Regional Assessment Fauna Survey","28-08-1997","28-08-1997","28-08-1997","TAUDACTYLUS MONITORING SITE, KROOMBIT TOPS",-24.356852,151.007630,"GDA2020",500,1,"A",,"V",0
2988793,"566827","Animalia","Chordata","Mammalia","Carnivora","Canidae","Canis familiaris","dog",1067,"Linnaeus, 1758",,,False,"II","Queensland Historical Fauna Database","Hollingsworth, Dames & Moore (1990)","01-01-1990","31-01-1990","01-01-1990","Black Head area, Curtis Island",-23.669242,151.267740,"GDA2020",900,,,,"U",0
2442250,"88704","Animalia","Chordata","Mammalia","Carnivora","Canidae","Canis familiaris","dog",1067,"Linnaeus, 1758",,,False,"II","Queensland Historical Fauna Database","Hrdina (1993)","25-03-1991","25-03-1991","25-03-1991","Redbank Rifle Range",-27.615059,152.878854,"GDA2020",1800,,,,"U",0
699300,"5552","Animalia","Chordata","Mammalia","Carnivora","Canidae","Canis familiaris","dog",1067,"Linnaeus, 1758",,,False,"II","Southeast Region Fauna Database","SE_FAUNA","02-01-1992","02-01-1992","02-01-1992","EAST END OF LAKE WEYBA; NOOSA",-26.431726,153.092729,"GDA2020",300,,,,"U",0
2994875,"574456","Animalia","Chordata","Mammalia","Carnivora","Canidae","Canis familiaris","dog",1067,"Linnaeus, 1758",,,False,"II","Queensland Historical Fauna Database","Schulz et al. (1997)","11-11-1997","11-11-1997","11-11-1997","Yarraman State Forest 289",-26.769234,151.932750,"GDA2020",500,,,,"U",0
3018163,"10792","Animalia","Chordata","Mammalia","Carnivora","Canidae","Canis familiaris","dog",1067,"Linnaeus, 1758",,,False,"II","SEQ Comprehensive Regional Assessment Fauna Survey Database","SEQ Comprehensive Regional Assessment Fauna Survey","27-08-1997","27-08-1997","27-08-1997","UBOBO RD, BEECH SCIENTIFIC AREA, KROOMBIT TOPS SF",-24.411821,151.037145,"GDA2020",500,1,"A",,"V",0
3019420,"12173","Animalia","Chordata","Mammalia","Carnivora","Canidae","Canis familiaris","dog",1067,"Linnaeus, 1758",,,False,"II","SEQ Comprehensive Regional Assessment Fauna Survey Database","SEQ Comprehensive Regional Assessment Fauna Survey","22-09-1997","26-09-1997","22-09-1997","YARRAMAN STATE FOREST - SITE LOCATED AT T INTERSECTION OF FOREST DRIVE AND TAROONG LOOKOUT ROAD",-26.856232,151.897713,"GDA2020",500,1,"A",,"V",0
2438604,"84391","Animalia","Chordata","Mammalia","Carnivora","Canidae","Canis familiaris","dog",1067,"Linnaeus, 1758",,,False,"II","Queensland Historical Fauna Database","Bartrim (1993)","22-01-1992","22-01-1992","22-01-1992","Hummock Hill Island",-24.015074,151.476070,"GDA2020",1800,,,,"U",0
1579621,,"Animalia","Chordata","Mammalia","Carnivora","Canidae","Canis familiaris","dog",1067,"Linnaeus, 1758",,,False,"II","Integrated Biological Information System (IBIS)","Central Coast Wildlife Atlas - Bundaberg                    ","27-02-1997","27-02-1997","27-02-1997","Bullyard CP",-24.987571,152.054955,"GDA2020",200,4,"A",,"C",0
3025845,"16258","Animalia","Chordata","Mammalia","Carnivora","Canidae","Canis familiaris","dog",1067,"Linnaeus, 1758",,,False,"II","SEQ Comprehensive Regional Assessment Fauna Survey Database","SEQ Comprehensive Regional Assessment Fauna Survey","16-06-1997","20-06-1997","16-06-1997","Cordalba State Forest",-25.132371,152.077881,"GDA2020",500,3,"A",,"C",0
3024872,"15218","Animalia","Chordata","Mammalia","Carnivora","Canidae","Canis familiaris","dog",1067,"Linnaeus, 1758",,,False,"II","SEQ Comprehensive Regional Assessment Fauna Survey Database","SEQ Comprehensive Regional Assessment Fauna Survey","10-02-1997","14-02-1997","10-02-1997","Wrattens State Forest, off service road from Wrattens-Kandanga Rd",-26.309184,152.361586,"GDA2020",500,,,,"C",0
3018153,"10782","Animalia","Chordata","Mammalia","Carnivora","Canidae","Canis familiaris","dog",1067,"Linnaeus, 1758",,,False,"II","SEQ Comprehensive Regional Assessment Fauna Survey Database","SEQ Comprehensive Regional Assessment Fauna Survey","10-09-1997","12-09-1997","10-09-1997","COONGARA CRK CROSSING BELOW COONGARA ROCK, TR 1063 ADJACENT MT WALSH NATIONAL PARK",-25.660654,151.987190,"GDA2020",500,1,"A",,"V",0
3025846,"16259","Animalia","Chordata","Mammalia","Carnivora","Canidae","Canis familiaris","dog",1067,"Linnaeus, 1758",,,False,"II","SEQ Comprehensive Regional Assessment Fauna Survey Database","SEQ Comprehensive Regional Assessment Fauna Survey","16-06-1997","20-06-1997","16-06-1997","Cordalba State Forest",-25.132371,152.077881,"GDA2020",500,1,"A",,"C",0
3023612,"13909","Animalia","Chordata","Mammalia","Carnivora","Canidae","Canis familiaris","dog",1067,"Linnaeus, 1758",,,False,"II","SEQ Comprehensive Regional Assessment Fauna Survey Database","SEQ Comprehensive Regional Assessment Fauna Survey","02-06-1997","06-06-1997","02-06-1997","Mothar Mountain State Forest 393, Ridge between west boundary of State Forest and Southern tributary",-26.283909,152.793022,"GDA2020",500,3,"A",,"C",0
3024870,"15216","Animalia","Chordata","Mammalia","Carnivora","Canidae","Canis familiaris","dog",1067,"Linnaeus, 1758",,,False,"II","SEQ Comprehensive Regional Assessment Fauna Survey Database","SEQ Comprehensive Regional Assessment Fauna Survey","11-02-1997","14-02-1997","11-02-1997","Wrattens State Forest, restricted road off Coolamon Rd",-26.273132,152.347762,"GDA2020",500,,,,"C",0
1617702,"653933","Animalia","Chordata","Mammalia","Carnivora","Canidae","Canis familiaris","dog",1067,"Linnaeus, 1758",,,False,"II","Queensland Historical Fauna Database","Leisuremark Australia (1992)","01-11-1986","30-11-1986","01-11-1986","Resort/airport site, Noosa North Shore",-26.342838,153.051062,"GDA2020",4500,,,,"U",0
3024871,"15217","Animalia","Chordata","Mammalia","Carnivora","Canidae","Canis familiaris","dog",1067,"Linnaeus, 1758",,,False,"II","SEQ Comprehensive Regional Assessment Fauna Survey Database","SEQ Comprehensive Regional Assessment Fauna Survey","11-02-1997","14-02-1997","11-02-1997","Wrattens State Forest, restricted road off Coolamon Rd",-26.273132,152.347762,"GDA2020",500,,,,"C",0
3023610,"13907","Animalia","Chordata","Mammalia","Carnivora","Canidae","Canis familiaris","dog",1067,"Linnaeus, 1758",,,False,"II","SEQ Comprehensive Regional Assessment Fauna Survey Database","SEQ Comprehensive Regional Assessment Fauna Survey","02-06-1997","06-06-1997","02-06-1997","Mothar Mountain State Forest 393, Ridge between west boundary of State Forest and Southern tributary",-26.283909,152.793022,"GDA2020",500,3,"A",,"C",0
3025775,"16176","Animalia","Chordata","Mammalia","Carnivora","Canidae","Canis familiaris","dog",1067,"Linnaeus, 1758",,,False,"II","SEQ Comprehensive Regional Assessment Fauna Survey Database","SEQ Comprehensive Regional Assessment Fauna Survey","21-05-1997","26-05-1997","21-05-1997","Brooyar State Forest, gully next to powerline clearing",-26.144471,152.546862,"GDA2020",500,,,,"C",0
3025777,"16179","Animalia","Chordata","Mammalia","Carnivora","Canidae","Canis familiaris","dog",1067,"Linnaeus, 1758",,,False,"II","SEQ Comprehensive Regional Assessment Fauna Survey Database","SEQ Comprehensive Regional Assessment Fauna Survey","21-05-1997","26-05-1997","21-05-1997","Brooyar State Forest",-26.155019,152.513904,"GDA2020",500,,,,"C",0
3026111,"16530","Animalia","Chordata","Mammalia","Carnivora","Canidae","Canis familiaris","dog",1067,"Linnaeus, 1758",,,False,"II","SEQ Comprehensive Regional Assessment Fauna Survey Database","SEQ Comprehensive Regional Assessment Fauna Survey","16-06-1997","20-06-1997","16-06-1997","Cordalba State Forest - unnamed track NWsection of State Forest",-25.111078,152.066338,"GDA2020",500,,,,"C",0
3017750,"10335","Animalia","Chordata","Mammalia","Carnivora","Canidae","Canis familiaris","dog",1067,"Linnaeus, 1758",,,False,"II","SEQ Comprehensive Regional Assessment Fauna Survey Database","SEQ Comprehensive Regional Assessment Fauna Survey","20-10-1997","24-10-1997","20-10-1997","300M SOUTH OF COOLOOLA WILDERNESS TRAIL CROSSING ON COOLOOLA WAY; EAST OF ROAD",-26.102281,152.970068,"GDA2020",500,1,"A",,"U",0
3026566,"17000","Animalia","Chordata","Mammalia","Carnivora","Canidae","Canis familiaris","dog",1067,"Linnaeus, 1758",,,False,"II","SEQ Comprehensive Regional Assessment Fauna Survey Database","SEQ Comprehensive Regional Assessment Fauna Survey","16-06-1997","20-06-1997","16-06-1997","Cordalba State Forest, compartment 30",-25.058509,152.123443,"GDA2020",500,1,"A",,"C",0
3027791,"18294","Animalia","Chordata","Mammalia","Carnivora","Canidae","Canis familiaris","dog",1067,"Linnaeus, 1758",,,False,"II","SEQ Comprehensive Regional Assessment Fauna Survey Database","SEQ Comprehensive Regional Assessment Fauna Survey","13-07-1997","18-07-1997","13-07-1997","Bulburin State Forest",-24.596550,151.546057,"GDA2020",500,,,,"V",0
3017181,"9653","Animalia","Chordata","Mammalia","Carnivora","Canidae","Canis familiaris","dog",1067,"Linnaeus, 1758",,,False,"II","SEQ Comprehensive Regional Assessment Fauna Survey Database","SEQ Comprehensive Regional Assessment Fauna Survey","19-06-1997","19-06-1997","19-06-1997","PLANTED COMPARTMENT GRONGAH SF. SITE IS ADJACENT TO SITE GR23",-25.966726,152.095047,"GDA2020",500,1,"A",,"U",0
3016951,"9410","Animalia","Chordata","Mammalia","Carnivora","Canidae","Canis familiaris","dog",1067,"Linnaeus, 1758",,,False,"II","SEQ Comprehensive Regional Assessment Fauna Survey Database","SEQ Comprehensive Regional Assessment Fauna Survey","22-09-1997","26-09-1997","22-09-1997","YARRAMAN STATE FOREST - CREEK CROSSING ON MAIDENWELL ROAD",-26.925518,151.804446,"GDA2020",500,1,"A",,"U",0
3019427,"12180","Animalia","Chordata","Mammalia","Carnivora","Canidae","Canis familiaris","dog",1067,"Linnaeus, 1758",,,False,"II","SEQ Comprehensive Regional Assessment Fauna Survey Database","SEQ Comprehensive Regional Assessment Fauna Survey","22-09-1997","26-09-1997","22-09-1997","CAMP SITE ADJACENT TO SITE BL61, YARRAMAN SF",-26.879233,151.837873,"GDA2020",500,1,"A",,"V",0
3017987,"10603","Animalia","Chordata","Mammalia","Carnivora","Canidae","Canis familiaris","dog",1067,"Linnaeus, 1758",,,False,"II","SEQ Comprehensive Regional Assessment Fauna Survey Database","SEQ Comprehensive Regional Assessment Fauna Survey","18-08-1997","22-08-1997","18-08-1997","2 KMS UP STEAMERS CK ROAD. NORTH OF STERN, SOUTH OF DAVIES RIDGE",-28.193532,152.425478,"GDA2020",500,1,"A",,"V",0
3028742,"19370","Animalia","Chordata","Mammalia","Carnivora","Canidae","Canis familiaris","dog",1067,"Linnaeus, 1758",,,False,"II","SEQ Comprehensive Regional Assessment Fauna Survey Database","SEQ Comprehensive Regional Assessment Fauna Survey","30-06-1997","04-07-1997","30-06-1997","Upslope of Scrubby Ck, Wongi State Forest",-25.459045,152.301787,"GDA2020",500,1,"A",,"C",0
3017981,"10597","Animalia","Chordata","Mammalia","Carnivora","Canidae","Canis familiaris","dog",1067,"Linnaeus, 1758",,,False,"II","SEQ Comprehensive Regional Assessment Fauna Survey Database","SEQ Comprehensive Regional Assessment Fauna Survey","16-06-1997","20-06-1997","16-06-1997","WEST SIDE OF HOOP PINE RIDGE ROAD 0.5 KM SOUTH OF OPEN FOREST BOUNDARY",-25.933295,152.095622,"GDA2020",500,1,"A",,"V",0
3017452,"9960","Animalia","Chordata","Mammalia","Carnivora","Canidae","Canis familiaris","dog",1067,"Linnaeus, 1758",,,False,"II","SEQ Comprehensive Regional Assessment Fauna Survey Database","SEQ Comprehensive Regional Assessment Fauna Survey","18-08-1997","22-08-1997","18-08-1997","2 KMS UP STEAMERS CK ROAD. NORTH OF STERN, SOUTH OF DAVIES RIDGE",-28.193532,152.425478,"GDA2020",500,1,"A",,"C",0
3012858,"4730","Animalia","Chordata","Mammalia","Carnivora","Canidae","Canis familiaris","dog",1067,"Linnaeus, 1758",,,False,"II","SEQ Comprehensive Regional Assessment Fauna Survey Database","SEQ Comprehensive Regional Assessment Fauna Survey","13-06-1997","13-06-1997","13-06-1997","DAM AT START OF TRACK 1 OFF THUNDER ROAD",-25.950418,152.205551,"GDA2020",500,1,"A",,"U",0
3030750,"21527","Animalia","Chordata","Mammalia","Carnivora","Canidae","Canis familiaris","dog",1067,"Linnaeus, 1758",,,False,"II","SEQ Comprehensive Regional Assessment Fauna Survey Database","SEQ Comprehensive Regional Assessment Fauna Survey","08-09-1997","12-09-1997","08-09-1997","Ridgeline east of Cherbourg Lookout, Cherbourg State Forest",-26.358859,151.962933,"GDA2020",500,,,,"V",0
3013347,"5285","Animalia","Chordata","Mammalia","Carnivora","Canidae","Canis familiaris","dog",1067,"Linnaeus, 1758",,,False,"II","SEQ Comprehensive Regional Assessment Fauna Survey Database","SEQ Comprehensive Regional Assessment Fauna Survey","11-08-1997","15-08-1997","11-08-1997","CAMP AREA",-26.787293,152.156170,"GDA2020",500,3,"A",,"U",0
3016691,"9135","Animalia","Chordata","Mammalia","Carnivora","Canidae","Canis familiaris","dog",1067,"Linnaeus, 1758",,,False,"II","SEQ Comprehensive Regional Assessment Fauna Survey Database","SEQ Comprehensive Regional Assessment Fauna Survey","22-09-1997","26-09-1997","22-09-1997","YARRAMAN STATE FOREST - RIDGE SITE ON BISHOP'S RD, OFF MAIDENWELL ROAD",-26.932132,151.795523,"GDA2020",500,1,"A",,"U",0
3030003,"20738","Animalia","Chordata","Mammalia","Carnivora","Canidae","Canis familiaris","dog",1067,"Linnaeus, 1758",,,False,"II","SEQ Comprehensive Regional Assessment Fauna Survey Database","SEQ Comprehensive Regional Assessment Fauna Survey","25-08-1997","29-08-1997","25-08-1997","Slope west of track, south of Kandanga Road, Kandanga State Forest",-26.418523,152.424962,"GDA2020",500,1,"A",,"C",0
3016433,"8855","Animalia","Chordata","Mammalia","Carnivora","Canidae","Canis familiaris","dog",1067,"Linnaeus, 1758",,,False,"II","SEQ Comprehensive Regional Assessment Fauna Survey Database","SEQ Comprehensive Regional Assessment Fauna Survey","19-05-1997","23-05-1997","19-05-1997","BRADY ROAD KELIHER LOGGING COMPARTMENT",-26.067926,152.642596,"GDA2020",500,1,"A",,"U",0
3021988,"26235","Animalia","Chordata","Mammalia","Carnivora","Canidae","Canis familiaris","dog",1067,"Linnaeus, 1758",,,False,"II","SEQ Comprehensive Regional Assessment Fauna Survey Database","SEQ Comprehensive Regional Assessment Fauna Survey","19-11-1997","23-11-1997","19-11-1997","RAINBOW FALLS CARPARK",-23.844174,149.090040,"GDA2020",500,1,"A",,"C",0
3030266,"21014","Animalia","Chordata","Mammalia","Carnivora","Canidae","Canis familiaris","dog",1067,"Linnaeus, 1758",,,False,"II","SEQ Comprehensive Regional Assessment Fauna Survey Database","SEQ Comprehensive Regional Assessment Fauna Survey","08-09-1997","12-09-1997","08-09-1997","100m east of Charleston Rd, west edge of Cherbourg State Forest",-26.380798,151.879140,"GDA2020",500,1,"A",,"C",0
3031642,"22505","Animalia","Chordata","Mammalia","Carnivora","Canidae","Canis familiaris","dog",1067,"Linnaeus, 1758",,,False,"II","SEQ Comprehensive Regional Assessment Fauna Survey Database","SEQ Comprehensive Regional Assessment Fauna Survey","29-09-1997","03-10-1997","29-09-1997","Squirrel Creek State Forest",-26.659202,152.279664,"GDA2020",500,,,,"C",0
3031465,"22321","Animalia","Chordata","Mammalia","Carnivora","Canidae","Canis familiaris","dog",1067,"Linnaeus, 1758",,,False,"II","SEQ Comprehensive Regional Assessment Fauna Survey Database","SEQ Comprehensive Regional Assessment Fauna Survey","29-09-1997","03-10-1997","29-09-1997","Squirrel Creek State Forest, Concrete Crossing, Squirrel Creek",-26.675650,152.300867,"GDA2020",500,,,,"C",0
3027788,"18291","Animalia","Chordata","Mammalia","Carnivora","Canidae","Canis familiaris","dog",1067,"Linnaeus, 1758",,,False,"II","SEQ Comprehensive Regional Assessment Fauna Survey Database","SEQ Comprehensive Regional Assessment Fauna Survey","13-07-1997","18-07-1997","13-07-1997","Builyan Rd, east of Granite Creek, Bulburin State Forest",-24.568537,151.543813,"GDA2020",500,,,,"C",0
3031508,"22364","Animalia","Chordata","Mammalia","Carnivora","Canidae","Canis familiaris","dog",1067,"Linnaeus, 1758",,,False,"II","SEQ Comprehensive Regional Assessment Fauna Survey Database","SEQ Comprehensive Regional Assessment Fauna Survey","29-09-1997","03-10-1997","29-09-1997","Squirrel Creek State Forest, Concrete Crossing, Squirrel Creek",-26.675650,152.300867,"GDA2020",500,1,"A",,"C",0
3031637,"22498","Animalia","Chordata","Mammalia","Carnivora","Canidae","Canis familiaris","dog",1067,"Linnaeus, 1758",,,False,"II","SEQ Comprehensive Regional Assessment Fauna Survey Database","SEQ Comprehensive Regional Assessment Fauna Survey","29-09-1997","03-10-1997","29-09-1997","Squirrel Creek State Forest",-26.659202,152.279664,"GDA2020",500,1,"A",,"C",0
3034403,"314","Animalia","Chordata","Mammalia","Carnivora","Canidae","Canis familiaris","dog",1067,"Linnaeus, 1758",,,False,"II","SEQ Comprehensive Regional Assessment Fauna Survey Database","SEQ CRA Fauna Survey Incidental Records","07-07-1997","11-07-1997","07-07-1997","ON TRACK BETWEEN BL25 AND BL26, MANY PEAKS",-24.562244,151.301800,"GDA2020",500,1,"A",,"U",0
3011852,"3675","Animalia","Chordata","Mammalia","Carnivora","Canidae","Canis familiaris","dog",1067,"Linnaeus, 1758",,,False,"II","SEQ Comprehensive Regional Assessment Fauna Survey Database","SEQ Comprehensive Regional Assessment Fauna Survey","14-07-1997","18-07-1997","14-07-1997","5 KM NORTH EAST OF DOUBLE SLOPING HUMMOCK",-24.664208,151.982829,"GDA2020",500,1,"A",,"U",0
3026743,"17196","Animalia","Chordata","Mammalia","Carnivora","Canidae","Canis familiaris","dog",1067,"Linnaeus, 1758",,,False,"II","SEQ Comprehensive Regional Assessment Fauna Survey Database","SEQ Comprehensive Regional Assessment Fauna Survey","16-06-1997","20-06-1997","16-06-1997","Alectron ramiflorus reserve, west edge of Cordalba State Forest",-25.127857,152.063631,"GDA2020",500,,,,"C",0
3032369,"23270","Animalia","Chordata","Mammalia","Carnivora","Canidae","Canis familiaris","dog",1067,"Linnaeus, 1758",,,False,"II","SEQ Comprehensive Regional Assessment Fauna Survey Database","SEQ Comprehensive Regional Assessment Fauna Survey","13-10-1997","17-10-1997","13-10-1997","Glenbar State Forest, SE of sawmill, off infrequently used track",-25.727820,152.330630,"GDA2020",500,,,,"C",0
3032370,"23271","Animalia","Chordata","Mammalia","Carnivora","Canidae","Canis familiaris","dog",1067,"Linnaeus, 1758",,,False,"II","SEQ Comprehensive Regional Assessment Fauna Survey Database","SEQ Comprehensive Regional Assessment Fauna Survey","13-10-1997","17-10-1997","13-10-1997","Glenbar State Forest, SE of sawmill, off infrequently used track",-25.727820,152.330630,"GDA2020",500,,,,"C",0
3027789,"18292","Animalia","Chordata","Mammalia","Carnivora","Canidae","Canis familiaris","dog",1067,"Linnaeus, 1758",,,False,"II","SEQ Comprehensive Regional Assessment Fauna Survey Database","SEQ Comprehensive Regional Assessment Fauna Survey","13-07-1997","18-07-1997","13-07-1997","Builyan Rd, east of Granite Creek, Bulburin State Forest",-24.568537,151.543813,"GDA2020",500,,,,"C",0
3026833,"17287","Animalia","Chordata","Mammalia","Carnivora","Canidae","Canis familiaris","dog",1067,"Linnaeus, 1758",,,False,"II","SEQ Comprehensive Regional Assessment Fauna Survey Database","SEQ Comprehensive Regional Assessment Fauna Survey","13-07-1997","18-07-1997","13-07-1997","Builyan Rd, east of Granite Creek, Bulburin State Forest",-24.568537,151.543813,"GDA2020",500,,,,"C",0
3034817,"914","Animalia","Chordata","Mammalia","Carnivora","Canidae","Canis familiaris","dog",1067,"Linnaeus, 1758",,,False,"II","SEQ Comprehensive Regional Assessment Fauna Survey Database","SEQ CRA Fauna Survey Incidental Records","13-07-1997","18-07-1997","13-07-1997","Various locations within Bulburin State Forest",-24.530841,151.530134,"GDA2020",500,1,"A",,"U",0
3032873,"23800","Animalia","Chordata","Mammalia","Carnivora","Canidae","Canis familiaris","dog",1067,"Linnaeus, 1758",,,False,"II","SEQ Comprehensive Regional Assessment Fauna Survey Database","SEQ Comprehensive Regional Assessment Fauna Survey","13-10-1997","17-10-1997","13-10-1997","State Forest 38",-25.639151,152.331424,"GDA2020",500,,,,"C",0
3586052,,"Animalia","Chordata","Mammalia","Carnivora","Canidae","Canis familiaris","dog",1067,"Linnaeus, 1758",,,False,"II","Incidental Records","Rogers - Crows Nest","22-03-2001",,"22-03-2001","Crows Nest",-27.276376,152.068895,"GDA2020",100,,,,"C",0
3033092,"24041","Animalia","Chordata","Mammalia","Carnivora","Canidae","Canis familiaris","dog",1067,"Linnaeus, 1758",,,False,"II","SEQ Comprehensive Regional Assessment Fauna Survey Database","SEQ Comprehensive Regional Assessment Fauna Survey","11-11-1997","14-11-1997","11-11-1997","Yarraman State Forest, Dean LA - unnamed creek on north edge of forest",-26.766263,151.933311,"GDA2020",500,5,"A",,"C",0
3026832,"17286","Animalia","Chordata","Mammalia","Carnivora","Canidae","Canis familiaris","dog",1067,"Linnaeus, 1758",,,False,"II","SEQ Comprehensive Regional Assessment Fauna Survey Database","SEQ Comprehensive Regional Assessment Fauna Survey","13-07-1997","18-07-1997","13-07-1997","Builyan Rd, east of Granite Creek, Bulburin State Forest",-24.568537,151.543813,"GDA2020",500,,,,"C",0
3034515,"427","Animalia","Chordata","Mammalia","Carnivora","Canidae","Canis familiaris","dog",1067,"Linnaeus, 1758",,,False,"II","SEQ Comprehensive Regional Assessment Fauna Survey Database","SEQ CRA Fauna Survey Incidental Records","15-09-1997","19-09-1997","15-09-1997","1 KM NORTH OF THE NOOSA RIVER BRIDGE CROSSING ON THE COOLOOLA WAY",-26.050823,153.011057,"GDA2020",500,1,"A",,"U",0
3588080,,"Animalia","Chordata","Mammalia","Carnivora","Canidae","Canis familiaris","dog",1067,"Linnaeus, 1758",,,False,"II","Incidental Records","Incidental NatureSearch Records - Cairns/Tablelands","28-06-2000",,"28-06-2000","Fishery Falls to Rusty Creek, East of Bellenden Ker",-17.172858,145.880290,"GDA2020",2000,,,,"C",0
3033928,"24898","Animalia","Chordata","Mammalia","Carnivora","Canidae","Canis familiaris","dog",1067,"Linnaeus, 1758",,,False,"II","SEQ Comprehensive Regional Assessment Fauna Survey Database","SEQ Comprehensive Regional Assessment Fauna Survey","13-10-1997","17-10-1997","13-10-1997","State Forest 38",-25.639151,152.331424,"GDA2020",500,,,,"V",0
3593587,,"Animalia","Chordata","Mammalia","Carnivora","Canidae","Canis familiaris","dog",1067,"Linnaeus, 1758",,,False,"II","NatureSearch - Wide Bay/Burnett","Wide Bay Training Area","22-04-2001","22-04-2001","22-04-2001","Wide Bay Training Area, Military reserve near Tin Can Bay",-25.886071,152.979451,"GDA2020",200,1,"A",,"V",0
3034176,"72","Animalia","Chordata","Mammalia","Carnivora","Canidae","Canis familiaris","dog",1067,"Linnaeus, 1758",,,False,"II","SEQ Comprehensive Regional Assessment Fauna Survey Database","SEQ CRA Fauna Survey Incidental Records","24-06-1997",,"24-06-1997","BINGERA STATE FOREST - POWERLINE EASEMENT AT CREEK CROSSING",-25.047535,152.317341,"GDA2020",500,3,"A",,"U",0
3034454,"366","Animalia","Chordata","Mammalia","Carnivora","Canidae","Canis familiaris","dog",1067,"Linnaeus, 1758",,,False,"II","SEQ Comprehensive Regional Assessment Fauna Survey Database","SEQ CRA Fauna Survey Incidental Records","15-09-1997","19-09-1997","15-09-1997","CAMPSITE, FRESHWATER ROAD, EAST OF CAMP MILO, COOLOOLA NP",-25.991768,153.089324,"GDA2020",500,1,"A",,"U",0
3034513,"425","Animalia","Chordata","Mammalia","Carnivora","Canidae","Canis familiaris","dog",1067,"Linnaeus, 1758",,,False,"II","SEQ Comprehensive Regional Assessment Fauna Survey Database","SEQ CRA Fauna Survey Incidental Records","15-09-1997","19-09-1997","15-09-1997","400 METRES SOUTH OF SITE A ON THE COOLOOLA WAY",-26.073397,152.983063,"GDA2020",500,1,"A",,"U",0
3027837,"18340","Animalia","Chordata","Mammalia","Carnivora","Canidae","Canis familiaris","dog",1067,"Linnaeus, 1758",,,False,"II","SEQ Comprehensive Regional Assessment Fauna Survey Database","SEQ Comprehensive Regional Assessment Fauna Survey","13-07-1997","18-07-1997","13-07-1997","Bulburin State Forest, Granite Ck headwaters, Builyan Rd",-24.520775,151.507452,"GDA2020",500,,,,"V",0
3034775,"689","Animalia","Chordata","Mammalia","Carnivora","Canidae","Canis familiaris","dog",1067,"Linnaeus, 1758",,,False,"II","SEQ Comprehensive Regional Assessment Fauna Survey Database","SEQ CRA Fauna Survey Incidental Records","10-02-1997",,"10-02-1997","Wrattens State Forest",-26.236349,152.290900,"GDA2020",500,3,"A",,"U",0
3030258,"21005","Animalia","Chordata","Mammalia","Carnivora","Canidae","Canis familiaris","dog",1067,"Linnaeus, 1758",,,False,"II","SEQ Comprehensive Regional Assessment Fauna Survey Database","SEQ Comprehensive Regional Assessment Fauna Survey","25-08-1997","29-08-1997","25-08-1997","Kandanga Creek, Hart LA, Kandanga State Forest",-26.430277,152.406852,"GDA2020",500,,,,"V",0
3034407,"318","Animalia","Chordata","Mammalia","Carnivora","Canidae","Canis familiaris","dog",1067,"Linnaeus, 1758",,,False,"II","SEQ Comprehensive Regional Assessment Fauna Survey Database","SEQ CRA Fauna Survey Incidental Records","23-07-1997",,"23-07-1997","BANKS OF EURIMBULA CK NEAR SITE BL31, EURIMBULA NP",-24.200136,151.793717,"GDA2020",500,1,"A",,"U",0
3028095,"18700","Animalia","Chordata","Mammalia","Carnivora","Canidae","Canis familiaris","dog",1067,"Linnaeus, 1758",,,False,"II","SEQ Comprehensive Regional Assessment Fauna Survey Database","SEQ Comprehensive Regional Assessment Fauna Survey","30-06-1997","04-07-1997","30-06-1997","Wongi State Forest, eastern edge of compartment 41, Kolbore LA",-25.334003,152.410813,"GDA2020",500,1,"A",,"C",0
3030259,"21006","Animalia","Chordata","Mammalia","Carnivora","Canidae","Canis familiaris","dog",1067,"Linnaeus, 1758",,,False,"II","SEQ Comprehensive Regional Assessment Fauna Survey Database","SEQ Comprehensive Regional Assessment Fauna Survey","25-08-1997","29-08-1997","25-08-1997","Logging track south of Kandanga Rd, Kandanga State Forest",-26.410000,152.415980,"GDA2020",500,,,,"V",0
3608236,"1390","Animalia","Chordata","Mammalia","Carnivora","Canidae","Canis familiaris","dog",1067,"Linnaeus, 1758",,,False,"II","Cape York Peninsula Land Use Study","NR03 NRAP project","22-04-1993","22-04-1993","22-04-1993","OLIVE RIVER DUNEFIELD",-12.063317,143.091958,"GDA2020",100,1,"A",,"U",0
3588159,,"Animalia","Chordata","Mammalia","Carnivora","Canidae","Canis familiaris","dog",1067,"Linnaeus, 1758",,,False,"II","Incidental Records","Incidental NatureSearch Records - Cairns/Tablelands","15-08-2000","16-08-2000","15-08-2000","Black Mountain to Shiptons Flat turnoff",-15.663549,145.217254,"GDA2020",2000,,,,"C",0
3028783,"19424","Animalia","Chordata","Mammalia","Carnivora","Canidae","Canis familiaris","dog",1067,"Linnaeus, 1758",,,False,"II","SEQ Comprehensive Regional Assessment Fauna Survey Database","SEQ Comprehensive Regional Assessment Fauna Survey","30-06-1997","04-07-1997","30-06-1997","Wongi State Forest, upslope from Duckinwilla Creek near where Warrah Rd crosses Duckinwilla Ck",-25.401877,152.402530,"GDA2020",500,,,,"C",0
3028782,"19423","Animalia","Chordata","Mammalia","Carnivora","Canidae","Canis familiaris","dog",1067,"Linnaeus, 1758",,,False,"II","SEQ Comprehensive Regional Assessment Fauna Survey Database","SEQ Comprehensive Regional Assessment Fauna Survey","30-06-1997","04-07-1997","30-06-1997","Wongi State Forest, upslope from Duckinwilla Creek near where Warrah Rd crosses Duckinwilla Ck",-25.401877,152.402530,"GDA2020",500,,,,"V",0
3028785,"19426","Animalia","Chordata","Mammalia","Carnivora","Canidae","Canis familiaris","dog",1067,"Linnaeus, 1758",,,False,"II","SEQ Comprehensive Regional Assessment Fauna Survey Database","SEQ Comprehensive Regional Assessment Fauna Survey","30-06-1997","04-07-1997","30-06-1997","Wongi State Forest, upslope from Duckinwilla Creek near where Warrah Rd crosses Duckinwilla Ck",-25.401877,152.402530,"GDA2020",500,,,,"V",0
3029013,"19669","Animalia","Chordata","Mammalia","Carnivora","Canidae","Canis familiaris","dog",1067,"Linnaeus, 1758",,,False,"II","SEQ Comprehensive Regional Assessment Fauna Survey Database","SEQ Comprehensive Regional Assessment Fauna Survey","11-08-1997","15-08-1997","11-08-1997","Ridge on Diana's Bath Rd, Mt Mee State Forest",-27.138140,152.698228,"GDA2020",500,1,"A",,"C",0
3610706,"3864","Animalia","Chordata","Mammalia","Carnivora","Canidae","Canis familiaris","dog",1067,"Linnaeus, 1758",,,False,"II","Cape York Peninsula Land Use Study","NR03 NRAP project","25-10-1993","25-10-1993","25-10-1993","ERIC YARD, COEN - ROKEBY ROAD, ROKEBY N.P.",-13.616645,142.748131,"GDA2020",100,1,"A",,"U",0
3588049,,"Animalia","Chordata","Mammalia","Carnivora","Canidae","Canis familiaris","dog",1067,"Linnaeus, 1758",,,False,"II","Incidental Records","Incidental NatureSearch Records - Cairns/Tablelands","18-07-2000",,"18-07-2000","Between El Arish and Mission Beach",-17.838049,146.055494,"GDA2020",6000,,,,"C",0
3607019,"173","Animalia","Chordata","Mammalia","Carnivora","Canidae","Canis familiaris","dog",1067,"Linnaeus, 1758",,,False,"II","Cape York Peninsula Land Use Study","NR03 NRAP project","10-02-1993","10-02-1993","10-02-1993","EMU LAGOON, MITCHELL AND ALICE RIVERS NATIONAL PARK",-15.458307,142.166477,"GDA2020",100,4,"A",,"U",0
3609453,"2608","Animalia","Chordata","Mammalia","Carnivora","Canidae","Canis familiaris","dog",1067,"Linnaeus, 1758",,,False,"II","Cape York Peninsula Land Use Study","National Rainforest Conservation Program","29-04-1993","29-04-1993","29-04-1993","2.5KM SOUTH-EAST OF LAKE WITCHEURA",-10.784655,142.585795,"GDA2020",100,1,"A",,"U",0
3608909,"2064","Animalia","Chordata","Mammalia","Carnivora","Canidae","Canis familiaris","dog",1067,"Linnaeus, 1758",,,False,"II","Cape York Peninsula Land Use Study","NR03 NRAP project","19-06-1993","19-06-1993","19-06-1993","1.8KM WNW OF MELON YARD, EDWARD RIVER, STRATHGORDON STATION",-14.682143,142.273806,"GDA2020",100,2,"A",,"U",0
3610335,"3492","Animalia","Chordata","Mammalia","Carnivora","Canidae","Canis familiaris","dog",1067,"Linnaeus, 1758",,,False,"II","Cape York Peninsula Land Use Study","NR03 NRAP project","07-08-1993","07-08-1993","07-08-1993","AIRSTRIP, 2K WEST OF ORINERS OUTSTATION",-15.407970,142.924135,"GDA2020",100,1,"A",,"U",0
3610336,"3493","Animalia","Chordata","Mammalia","Carnivora","Canidae","Canis familiaris","dog",1067,"Linnaeus, 1758",,,False,"II","Cape York Peninsula Land Use Study","NR03 NRAP project","07-08-1993","07-08-1993","07-08-1993","8 MILE CREEK, 3.8K WEST OF ORINERS OUTSTATION",-15.411970,142.907136,"GDA2020",100,1,"A",,"U",0
3025776,"16178","Animalia","Chordata","Mammalia","Carnivora","Canidae","Canis familiaris","dog",1067,"Linnaeus, 1758",,,False,"II","SEQ Comprehensive Regional Assessment Fauna Survey Database","SEQ Comprehensive Regional Assessment Fauna Survey","21-05-1997","25-05-1997","21-05-1997","King State Forest",-26.189785,152.542383,"GDA2020",500,,,,"C",0
3610341,"3498","Animalia","Chordata","Mammalia","Carnivora","Canidae","Canis familiaris","dog",1067,"Linnaeus, 1758",,,False,"II","Cape York Peninsula Land Use Study","NR03 NRAP project","07-08-1993","07-08-1993","07-08-1993","8 MILE CREEK, 3.8K WEST OF ORINERS OUTSTATION",-15.411970,142.907136,"GDA2020",100,1,"A",,"U",0
3610230,"3387","Animalia","Chordata","Mammalia","Carnivora","Canidae","Canis familiaris","dog",1067,"Linnaeus, 1758",,,False,"II","Cape York Peninsula Land Use Study","NR03 NRAP project","05-08-1993","05-08-1993","05-08-1993","8 MILE CREEK, 2K WEST OF ORINERS OUTSTATION",-15.409970,142.931135,"GDA2020",100,1,"A",,"U",0
3617660,"10820","Animalia","Chordata","Mammalia","Carnivora","Canidae","Canis familiaris","dog",1067,"Linnaeus, 1758",,,False,"II","Cape York Peninsula Land Use Study","QDEH D. Storch's incidental observations","25-02-1994","25-02-1994","25-02-1994","Dixie Stn. Old Dixie outstation paddock.",-15.042636,143.466129,"GDA2020",100,1,"A",,"U",0
3617661,"10821","Animalia","Chordata","Mammalia","Carnivora","Canidae","Canis familiaris","dog",1067,"Linnaeus, 1758",,,False,"II","Cape York Peninsula Land Use Study","QDEH D. Storch's incidental observations","25-02-1994","25-02-1994","25-02-1994","Dixie Stn. Uptons paddock.",-15.016802,143.490629,"GDA2020",100,1,"A",,"U",0
3617619,"10779","Animalia","Chordata","Mammalia","Carnivora","Canidae","Canis familiaris","dog",1067,"Linnaeus, 1758",,,False,"II","Cape York Peninsula Land Use Study","QDEH D. Storch's incidental observations","25-05-1993","25-05-1993","25-05-1993","Dixie Stn., Dixie Creek Crossing",-15.025136,143.473129,"GDA2020",100,1,"A",,"U",0
3617633,"10793","Animalia","Chordata","Mammalia","Carnivora","Canidae","Canis familiaris","dog",1067,"Linnaeus, 1758",,,False,"II","Cape York Peninsula Land Use Study","QDEH D. Storch's incidental observations","21-02-1994","21-02-1994","21-02-1994","Artemis Station",-15.005969,143.513628,"GDA2020",100,1,"A",,"U",0
3617602,"10762","Animalia","Chordata","Mammalia","Carnivora","Canidae","Canis familiaris","dog",1067,"Linnaeus, 1758",,,False,"II","Cape York Peninsula Land Use Study","QDEH D. Storch's incidental observations","23-05-1993","23-05-1993","23-05-1993","Artemis Stn., Twelve Mile Ck",-14.968968,143.581961,"GDA2020",100,1,"A",,"U",0
3025673,"16073","Animalia","Chordata","Mammalia","Carnivora","Canidae","Canis familiaris","dog",1067,"Linnaeus, 1758",,,False,"II","SEQ Comprehensive Regional Assessment Fauna Survey Database","SEQ Comprehensive Regional Assessment Fauna Survey","21-05-1997","25-05-1997","21-05-1997","On snig track on ridge above site FWBM, Brooyar State Forest",-26.146878,152.536948,"GDA2020",500,,,,"C",0
3022785,"1173","Animalia","Chordata","Mammalia","Carnivora","Canidae","Canis familiaris","dog",1067,"Linnaeus, 1758",,,False,"II","SEQ Comprehensive Regional Assessment Fauna Survey Database","SEQ CRA Fauna Survey Incidental Records","01-01-1997","30-06-1998","01-01-1997","Various locations in Squirrel Creek State Forest",-26.657249,152.286309,"GDA2020",500,,,,"U",0
3628758,"33404","Animalia","Chordata","Mammalia","Carnivora","Canidae","Canis familiaris","dog",1067,"Linnaeus, 1758",,,False,"II","Cape York Peninsula Land Use Study","QDEH Weipa Fauna Survey","09-02-1981","09-02-1981","09-02-1981","BOTCHET CREEK SWAMP",-12.540153,141.792798,"GDA2020",4500,1,"A",,"U",0
3628760,"33406","Animalia","Chordata","Mammalia","Carnivora","Canidae","Canis familiaris","dog",1067,"Linnaeus, 1758",,,False,"II","Cape York Peninsula Land Use Study","QDEH Weipa Fauna Survey","05-09-1980","05-09-1980","05-09-1980","RED BEACH-BATAVIA OUTSTATION LANDING ROAD",-12.123487,141.876134,"GDA2020",4500,1,"A",,"U",0
3628761,"33407","Animalia","Chordata","Mammalia","Carnivora","Canidae","Canis familiaris","dog",1067,"Linnaeus, 1758",,,False,"II","Cape York Peninsula Land Use Study","QDEH Weipa Fauna Survey","16-09-1980","16-09-1980","16-09-1980","BATAVIA OUTSTATION LANDING",-12.206821,141.876133,"GDA2020",4500,1,"A",,"U",0
3612515,"5673","Animalia","Chordata","Mammalia","Carnivora","Canidae","Canis familiaris","dog",1067,"Linnaeus, 1758",,,False,"II","Cape York Peninsula Land Use Study","National Rainforest Conservation Program","29-08-1993","29-08-1993","29-08-1993","OLIVE RIVER, 13.5KM NW OF BOLT HEAD, TEMPLE BAY",-12.161482,143.010961,"GDA2020",100,1,"A",,"U",0
3628763,"33410","Animalia","Chordata","Mammalia","Carnivora","Canidae","Canis familiaris","dog",1067,"Linnaeus, 1758",,,False,"II","Cape York Peninsula Land Use Study","QDEH Weipa Fauna Survey","18-09-1980","18-09-1980","18-09-1980","MYERFIELD-STONE CROSSING ROAD",-12.956818,142.126131,"GDA2020",4500,1,"A",,"U",0
3612425,"5583","Animalia","Chordata","Mammalia","Carnivora","Canidae","Canis familiaris","dog",1067,"Linnaeus, 1758",,,False,"II","Cape York Peninsula Land Use Study","National Rainforest Conservation Program","25-08-1993","25-08-1993","25-08-1993","6.5KM SSW OF BOLT HEAD, TEMPLE BAY",-12.304982,143.055294,"GDA2020",100,1,"A",,"U",0
3610369,"3526","Animalia","Chordata","Mammalia","Carnivora","Canidae","Canis familiaris","dog",1067,"Linnaeus, 1758",,,False,"II","Cape York Peninsula Land Use Study","NR03 NRAP project","08-08-1993","08-08-1993","08-08-1993","8 MILE CREEK, 4.5K WEST OF ORINERS OUTSTATION",-15.413804,142.902136,"GDA2020",100,1,"A",,"U",0
3610668,"3826","Animalia","Chordata","Mammalia","Carnivora","Canidae","Canis familiaris","dog",1067,"Linnaeus, 1758",,,False,"II","Cape York Peninsula Land Use Study","NR03 NRAP project","24-10-1993","24-10-1993","24-10-1993","ERIC YARD, COEN - ROKEBY ROAD, ROKEBY N.P.",-13.616645,142.748131,"GDA2020",100,1,"A",,"U",0
1563854,,"Animalia","Chordata","Mammalia","Carnivora","Canidae","Canis familiaris (dingo)","dingo",1068,"Linnaeus, 1758",,,False,"QA","Integrated Biological Information System (IBIS)","Off Park Site surveys for acquisitions                      ","26-03-1994","26-03-1994","26-03-1994","Stanwell",-23.481741,150.334421,"GDA2020",20000,,,,"C",0
3022382,"26687","Animalia","Chordata","Mammalia","Carnivora","Canidae","Canis familiaris","dog",1067,"Linnaeus, 1758",,,False,"II","SEQ Comprehensive Regional Assessment Fauna Survey Database","SEQ Comprehensive Regional Assessment Fauna Survey","27-04-1998","01-05-1998","27-04-1998","Koonawarra (Burton's Well), Camping and Picnic area. Bunya Mountains Road.",-26.834378,151.552397,"GDA2020",500,1,"A",,"U",0
3022450,"26759","Animalia","Chordata","Mammalia","Carnivora","Canidae","Canis familiaris","dog",1067,"Linnaeus, 1758",,,False,"II","SEQ Comprehensive Regional Assessment Fauna Survey Database","SEQ Comprehensive Regional Assessment Fauna Survey","27-04-1998","01-05-1998","27-04-1998","At the end of a fire trail marked on the forestry map, adjacent to a southern branch of Alice Creek.",-26.807141,151.583426,"GDA2020",500,5,"A",,"U",0
1565314,,"Animalia","Chordata","Mammalia","Carnivora","Canidae","Canis familiaris (dingo)","dingo",1068,"Linnaeus, 1758",,,False,"QA","Integrated Biological Information System (IBIS)","General Check Lists                                         ","25-06-1997","25-06-1997","25-06-1997","Comet River",-24.466189,148.629173,"GDA2020",500,,,,"U",0
1565578,,"Animalia","Chordata","Mammalia","Carnivora","Canidae","Canis familiaris (dingo)","dingo",1068,"Linnaeus, 1758",,,False,"QA","Integrated Biological Information System (IBIS)","General Check Lists                                         ","06-07-1998","06-07-1998","06-07-1998","Burrum Coast NP - Kinkuna",-25.115067,152.534392,"GDA2020",20000,,,,"C",0
1569005,,"Animalia","Chordata","Mammalia","Carnivora","Canidae","Canis familiaris (dingo)","dingo",1068,"Linnaeus, 1758",,,False,"QA","Integrated Biological Information System (IBIS)","General Check Lists                                         ","01-11-1995","01-11-1995","01-11-1995","Taunton NP",-23.515081,149.267768,"GDA2020",20000,,,,"U",0
1572289,,"Animalia","Chordata","Mammalia","Carnivora","Canidae","Canis familiaris (dingo)","dingo",1068,"Linnaeus, 1758",,,False,"QA","Integrated Biological Information System (IBIS)","General Check Lists                                         ","01-07-1991","01-07-1991","01-07-1991","Mynea Creek SF: Mynea Creek Scientfic area is approx. 3.1 hectares. Mynea Creek flows through the site.",-26.248399,152.367739,"GDA2020",2000,,,,"U",0
3628757,"33403","Animalia","Chordata","Mammalia","Carnivora","Canidae","Canis familiaris","dog",1067,"Linnaeus, 1758",,,False,"II","Cape York Peninsula Land Use Study","QDEH Weipa Fauna Survey","30-06-1981","30-06-1981","30-06-1981","MAPOON ROAD, BETWEEN MYERFIELD & BATAVIA OUTSTATION LANDING",-12.290154,141.876132,"GDA2020",4500,1,"A",,"U",0
3033594,"24555","Animalia","Chordata","Mammalia","Carnivora","Canidae","Canis familiaris","dog",1067,"Linnaeus, 1758",,,False,"II","SEQ Comprehensive Regional Assessment Fauna Survey Database","SEQ Comprehensive Regional Assessment Fauna Survey","11-11-1997","14-11-1997","11-11-1997","Yarraman State Forest",-26.793651,151.937783,"GDA2020",500,,,,"C",0
3033595,"24556","Animalia","Chordata","Mammalia","Carnivora","Canidae","Canis familiaris","dog",1067,"Linnaeus, 1758",,,False,"II","SEQ Comprehensive Regional Assessment Fauna Survey Database","SEQ Comprehensive Regional Assessment Fauna Survey","11-11-1997","14-11-1997","11-11-1997","Yarraman State Forest",-26.793651,151.937783,"GDA2020",500,,,,"C",0
3034901,"1007","Animalia","Chordata","Mammalia","Carnivora","Canidae","Canis familiaris","dog",1067,"Linnaeus, 1758",,,False,"II","SEQ Comprehensive Regional Assessment Fauna Survey Database","SEQ CRA Fauna Survey Incidental Records","25-08-1997","29-08-1997","25-08-1997","Various locations within Kandanga and Wrattens State Forests",-26.407302,152.418801,"GDA2020",500,1,"A",,"U",0
3033596,"24557","Animalia","Chordata","Mammalia","Carnivora","Canidae","Canis familiaris","dog",1067,"Linnaeus, 1758",,,False,"II","SEQ Comprehensive Regional Assessment Fauna Survey Database","SEQ Comprehensive Regional Assessment Fauna Survey","11-11-1997","14-11-1997","11-11-1997","Yarraman State Forest",-26.793651,151.937783,"GDA2020",500,,,,"C",0
3033597,"24558","Animalia","Chordata","Mammalia","Carnivora","Canidae","Canis familiaris","dog",1067,"Linnaeus, 1758",,,False,"II","SEQ Comprehensive Regional Assessment Fauna Survey Database","SEQ Comprehensive Regional Assessment Fauna Survey","11-11-1997","14-11-1997","11-11-1997","Yarraman State Forest",-26.793651,151.937783,"GDA2020",500,,,,"C",0
3628756,"33402","Animalia","Chordata","Mammalia","Carnivora","Canidae","Canis familiaris","dog",1067,"Linnaeus, 1758",,,False,"II","Cape York Peninsula Land Use Study","QDEH Weipa Fauna Survey","09-09-1981","09-09-1981","09-09-1981","RED BEACH-BATAVIA OUTSTATION LANDING ROAD",-12.123487,141.876134,"GDA2020",4500,1,"A",,"U",0
3034676,"589","Animalia","Chordata","Mammalia","Carnivora","Canidae","Canis familiaris","dog",1067,"Linnaeus, 1758",,,False,"II","SEQ Comprehensive Regional Assessment Fauna Survey Database","SEQ CRA Fauna Survey Incidental Records","20-11-1997","25-11-1997","20-11-1997","BLACKDOWN TABLELAND",-23.852459,149.072897,"GDA2020",500,1,"A",,"U",0
3587582,,"Animalia","Chordata","Mammalia","Carnivora","Canidae","Canis familiaris","dog",1067,"Linnaeus, 1758",,,False,"II","Incidental Records","Incidental NatureSearch Records - Cairns/Tablelands","21-11-1999","23-11-1999","21-11-1999","Yorke Island, Torres Strait Islands",-9.748500,143.340826,"GDA2020",1000,,,,"C",0
3608414,"1568","Animalia","Chordata","Mammalia","Carnivora","Canidae","Canis familiaris","dog",1067,"Linnaeus, 1758",,,False,"II","Cape York Peninsula Land Use Study","NR03 NRAP project","29-05-1993","29-05-1993","29-05-1993","2.5KM NNE OF PINNACLES HOMESTEAD",-15.667633,143.555296,"GDA2020",100,1,"A",,"U",0
3609473,"2628","Animalia","Chordata","Mammalia","Carnivora","Canidae","Canis familiaris","dog",1067,"Linnaeus, 1758",,,False,"II","Cape York Peninsula Land Use Study","National Rainforest Conservation Program","30-04-1993","30-04-1993","30-04-1993","LOCKERBIE SCRUB, BAMAGA-PAJINKA RD, 5.0KM SSW OF CAPE YORK",-10.730489,142.513629,"GDA2020",100,1,"A",,"U",0
1563137,,"Animalia","Chordata","Mammalia","Carnivora","Canidae","Canis familiaris (dingo)","dingo",1068,"Linnaeus, 1758",,,False,"QA","Integrated Biological Information System (IBIS)","Off Park Site surveys for acquisitions                      ","22-03-1994","22-03-1994","22-03-1994","Dee Range",-23.631741,150.501085,"GDA2020",20000,,,,"C",0
1564076,,"Animalia","Chordata","Mammalia","Carnivora","Canidae","Canis familiaris (dingo)","dingo",1068,"Linnaeus, 1758",,,False,"QA","Integrated Biological Information System (IBIS)","Off Park Site surveys for acquisitions                      ","05-08-1997","05-08-1997","05-08-1997","Stoodleigh - Stoodleigh",-22.748969,149.861650,"GDA2020",200,2,"A",,"C",0
1564079,,"Animalia","Chordata","Mammalia","Carnivora","Canidae","Canis familiaris (dingo)","dingo",1068,"Linnaeus, 1758",,,False,"QA","Integrated Biological Information System (IBIS)","Off Park Site surveys for acquisitions                      ","05-08-1997","05-08-1997","05-08-1997","Stoodleigh - Stoodleigh",-22.744802,149.861094,"GDA2020",200,2,"E",,"C",0
3631082,"33408","Animalia","Chordata","Mammalia","Carnivora","Canidae","Canis familiaris","dog",1067,"Linnaeus, 1758",,,False,"II","Cape York Peninsula Land Use Study","QDEH Weipa Fauna Survey","18-09-1980","18-09-1980","18-09-1980","MYERFIELD-STONE CROSSING ROAD",-12.956818,142.126131,"GDA2020",4500,,,,"U",0
3588009,,"Animalia","Chordata","Mammalia","Carnivora","Canidae","Canis familiaris","dog",1067,"Linnaeus, 1758",,,False,"II","Incidental Records","Incidental NatureSearch Records - Cairns/Tablelands","31-05-2000","01-06-2000","31-05-2000","Beames Brook Wills Development Road, between Mt. Isa and Burketown",-17.970707,139.273418,"GDA2020",5000,,,,"C",0
1563374,,"Animalia","Chordata","Mammalia","Carnivora","Canidae","Canis familiaris (dingo)","dingo",1068,"Linnaeus, 1758",,,False,"QA","Integrated Biological Information System (IBIS)","Off Park Site surveys for acquisitions                      ","13-03-1996","13-03-1996","13-03-1996","Eden Bann: Eden Bann 50km NW of Rockhampton",-23.055354,150.103035,"GDA2020",500,,,,"C",0
3033216,"24166","Animalia","Chordata","Mammalia","Carnivora","Canidae","Canis familiaris","dog",1067,"Linnaeus, 1758",,,False,"II","SEQ Comprehensive Regional Assessment Fauna Survey Database","SEQ Comprehensive Regional Assessment Fauna Survey","11-11-1997","14-11-1997","11-11-1997","Tarong State Forest - west of Powerline Easement, east of Tarong State Forest",-26.744984,151.901433,"GDA2020",500,,,,"C",0
3616393,"9553","Animalia","Chordata","Mammalia","Carnivora","Canidae","Canis familiaris","dog",1067,"Linnaeus, 1758",,,False,"II","Cape York Peninsula Land Use Study","QDEH incidental records","17-06-1985","17-06-1985","17-06-1985","BATAVIA DOWNS RD, EMBLEY RANGE, 10.5 KM SW OF BATAVIA DOWNS",-12.712151,142.583462,"GDA2020",300,1,"A",,"U",0
3607986,"1140","Animalia","Chordata","Mammalia","Carnivora","Canidae","Canis familiaris","dog",1067,"Linnaeus, 1758",,,False,"II","Cape York Peninsula Land Use Study","National Rainforest Conservation Program","08-04-1993","08-04-1993","08-04-1993","HEATHLANDS-COCKATOO CK RD, 10.5KM NW OF HEATHLANDS",-11.693986,142.482629,"GDA2020",100,1,"A",,"U",0
3607901,"1055","Animalia","Chordata","Mammalia","Carnivora","Canidae","Canis familiaris","dog",1067,"Linnaeus, 1758",,,False,"II","Cape York Peninsula Land Use Study","National Rainforest Conservation Program","06-04-1993","06-04-1993","06-04-1993","OLD TELEGRAPH ROAD, COCKATOO CREEK CROSSING",-11.650320,142.457130,"GDA2020",100,1,"A",,"U",0
3628752,"33398","Animalia","Chordata","Mammalia","Carnivora","Canidae","Canis familiaris","dog",1067,"Linnaeus, 1758",,,False,"II","Cape York Peninsula Land Use Study","QDEH Weipa Fauna Survey","03-09-1981","03-09-1981","03-09-1981","""POSSUM SCRUB"" AREA, NW OF MYERFIELD",-12.456820,141.959464,"GDA2020",4500,1,"A",,"U",0
3628753,"33399","Animalia","Chordata","Mammalia","Carnivora","Canidae","Canis familiaris","dog",1067,"Linnaeus, 1758",,,False,"II","Cape York Peninsula Land Use Study","QDEH Weipa Fauna Survey","06-09-1981","06-09-1981","08-09-1981","DUCIE RIVER CROSSING, 11.5KM ESE OF CATFISH LANDING",-12.124986,142.335464,"GDA2020",900,1,"A",,"U",0
3628754,"33400","Animalia","Chordata","Mammalia","Carnivora","Canidae","Canis familiaris","dog",1067,"Linnaeus, 1758",,,False,"II","Cape York Peninsula Land Use Study","QDEH Weipa Fauna Survey","09-09-1981","09-09-1981","09-09-1981","DUCIE RIVER",-12.623486,142.376129,"GDA2020",4500,2,"A",,"U",0
3628755,"33401","Animalia","Chordata","Mammalia","Carnivora","Canidae","Canis familiaris","dog",1067,"Linnaeus, 1758",,,False,"II","Cape York Peninsula Land Use Study","QDEH Weipa Fauna Survey","08-09-1981","08-09-1981","08-09-1981","MAPOON PLAINS, 5KM SW OF CULLEN POINT",-11.982988,141.869134,"GDA2020",900,1,"A",,"U",0
3628759,"33405","Animalia","Chordata","Mammalia","Carnivora","Canidae","Canis familiaris","dog",1067,"Linnaeus, 1758",,,False,"II","Cape York Peninsula Land Use Study","QDEH Weipa Fauna Survey","14-02-1981","14-02-1981","14-02-1981","PINE RIVER BAY, 9.5KM NE OF DUYFKEN POINT",-12.535154,141.682298,"GDA2020",900,3,"A",,"U",0
3628762,"33409","Animalia","Chordata","Mammalia","Carnivora","Canidae","Canis familiaris","dog",1067,"Linnaeus, 1758",,,False,"II","Cape York Peninsula Land Use Study","QDEH Weipa Fauna Survey","18-09-1980","18-09-1980","18-09-1980","STONE CROSSING, WENLOCK RIVER",-12.387986,142.173964,"GDA2020",900,1,"A",,"U",0
3628764,"33412","Animalia","Chordata","Mammalia","Carnivora","Canidae","Canis familiaris","dog",1067,"Linnaeus, 1758",,,False,"II","Cape York Peninsula Land Use Study","QDEH Weipa Fauna Survey","21-09-1980","21-09-1980","21-09-1980","HEY POINT, EMLEY RIVER",-12.732652,141.890963,"GDA2020",900,1,"A",,"U",0
3628765,"33414","Animalia","Chordata","Mammalia","Carnivora","Canidae","Canis familiaris","dog",1067,"Linnaeus, 1758",,,False,"II","Cape York Peninsula Land Use Study","QDEH Weipa Fauna Survey","15-05-1981","15-05-1981","15-05-1981","""JUMP UP', 11KM WNW OF YORK DOWNS",-12.723152,142.207796,"GDA2020",900,1,"A",,"U",0
3628766,"33416","Animalia","Chordata","Mammalia","Carnivora","Canidae","Canis familiaris","dog",1067,"Linnaeus, 1758",,,False,"II","Cape York Peninsula Land Use Study","QDEH Weipa Fauna Survey","18-05-1981","18-05-1981","18-05-1981","YORK DOWNS OLD HOMESTEAD",-12.751652,142.311129,"GDA2020",900,1,"A",,"U",0
3628767,"33417","Animalia","Chordata","Mammalia","Carnivora","Canidae","Canis familiaris","dog",1067,"Linnaeus, 1758",,,False,"II","Cape York Peninsula Land Use Study","QDEH Weipa Fauna Survey","19-05-1981","19-05-1981","19-05-1981","""JUMP UP', 11KM WNW OF YORK DOWNS",-12.723152,142.207796,"GDA2020",900,1,"A",,"U",0
3607982,"1136","Animalia","Chordata","Mammalia","Carnivora","Canidae","Canis familiaris","dog",1067,"Linnaeus, 1758",,,False,"II","Cape York Peninsula Land Use Study","National Rainforest Conservation Program","08-04-1993","08-04-1993","08-04-1993","HEATHLANDS-COCKATOO CK RD, 10.5KM NW OF HEATHLANDS",-11.700819,142.490963,"GDA2020",100,1,"A",,"U",0
3610990,"4148","Animalia","Chordata","Mammalia","Carnivora","Canidae","Canis familiaris","dog",1067,"Linnaeus, 1758",,,False,"II","Cape York Peninsula Land Use Study","National Rainforest Conservation Program","02-04-1993","02-04-1993","02-04-1993","PORTLAND ROADS ROAD, 6.0KM SW OF CAPE WEYMOUTH",-12.623981,143.383456,"GDA2020",100,1,"A",,"U",0
3631080,"33396","Animalia","Chordata","Mammalia","Carnivora","Canidae","Canis familiaris","dog",1067,"Linnaeus, 1758",,,False,"II","Cape York Peninsula Land Use Study","QDEH Weipa Fauna Survey","19-08-1981","19-08-1981","19-08-1981","NAMALETA CREEK MOUTH, PORT MUSGRAVE",-11.973821,141.942634,"GDA2020",900,,,,"U",0
3631081,"33397","Animalia","Chordata","Mammalia","Carnivora","Canidae","Canis familiaris","dog",1067,"Linnaeus, 1758",,,False,"II","Cape York Peninsula Land Use Study","QDEH Weipa Fauna Survey","29-08-1981","29-08-1981","29-08-1981","COTTERELL RIVER MOUTH",-11.367324,142.123796,"GDA2020",900,,,,"U",0
3631083,"33411","Animalia","Chordata","Mammalia","Carnivora","Canidae","Canis familiaris","dog",1067,"Linnaeus, 1758",,,False,"II","Cape York Peninsula Land Use Study","QDEH Weipa Fauna Survey","19-09-1980","19-09-1980","19-09-1980","STONE CROSSING, WENLOCK RIVER",-12.387986,142.173964,"GDA2020",900,,,,"U",0
3631084,"33413","Animalia","Chordata","Mammalia","Carnivora","Canidae","Canis familiaris","dog",1067,"Linnaeus, 1758",,,False,"II","Cape York Peninsula Land Use Study","QDEH Weipa Fauna Survey","15-05-1981","15-05-1981","15-05-1981","YORK DOWNS OLD HOMESTEAD",-12.751652,142.311129,"GDA2020",900,,,,"U",0
3631085,"33415","Animalia","Chordata","Mammalia","Carnivora","Canidae","Canis familiaris","dog",1067,"Linnaeus, 1758",,,False,"II","Cape York Peninsula Land Use Study","QDEH Weipa Fauna Survey","17-05-1981","17-05-1981","17-05-1981","YORK DOWNS OLD HOMESTEAD",-12.751652,142.311129,"GDA2020",900,,,,"U",0
3629060,"40236","Animalia","Chordata","Mammalia","Carnivora","Canidae","Canis familiaris","dog",1067,"Linnaeus, 1758",,,False,"II","Cape York Peninsula Land Use Study","CYPLUS Incidental Vertebrate Data","17-02-1995","17-02-1995","17-02-1995","ROAD TO BEACH AT WATERHOLE - CAPE MELVILLE NATIONAL PARK",-14.289301,144.558613,"GDA2020",100,1,"A",,"U",0
3656026,"699452","Animalia","Chordata","Mammalia","Carnivora","Canidae","Canis familiaris","dog",1067,"Linnaeus, 1758",,,False,"II","Queensland Historical Fauna Database","Greenway & Kordas (1994)","01-09-1993","30-09-1993","01-09-1993","NE section Carbrook wetland",-27.666445,153.269681,"GDA2020",1000,,,,"U",0
3660345,"703793","Animalia","Chordata","Mammalia","Carnivora","Canidae","Canis familiaris","dog",1067,"Linnaeus, 1758",,,False,"II","Queensland Historical Fauna Database","Catterall & Wallace (1987)","01-01-1986","31-12-1986","01-01-1986","Toohey Forest, Brisbane",-27.540058,153.051073,"GDA2020",1800,,,,"U",0
3661651,"705100","Animalia","Chordata","Mammalia","Carnivora","Canidae","Canis familiaris","dog",1067,"Linnaeus, 1758",,,False,"II","Queensland Historical Fauna Database","Green et al. (1993)","01-01-1991","31-12-1991","01-01-1991","Wivenhoe Park, SEQ",-27.368395,152.576357,"GDA2020",4000,,,,"U",0
3611458,"4616","Animalia","Chordata","Mammalia","Carnivora","Canidae","Canis familiaris","dog",1067,"Linnaeus, 1758",,,False,"II","Cape York Peninsula Land Use Study","National Rainforest Conservation Program","17-05-1993","17-05-1993","17-05-1993","0.5KM S OF CAPE WEYMOUTH",-12.619814,143.436789,"GDA2020",100,1,"A",,"U",0
3663032,"706483","Animalia","Chordata","Mammalia","Carnivora","Canidae","Canis familiaris","dog",1067,"Linnaeus, 1758",,,False,"II","Queensland Historical Fauna Database","Giese & Jones (1996)","01-12-1989","31-12-1989","01-12-1989","UQ Vet farm, 12km W of Brisbane",-27.531725,152.921908,"GDA2020",1200,,,,"U",0
3629255,"40478","Animalia","Chordata","Mammalia","Carnivora","Canidae","Canis familiaris","dog",1067,"Linnaeus, 1758",,,False,"II","Cape York Peninsula Land Use Study","CYPLUS Incidental Vertebrate Data","13-05-1995","13-05-1995","13-05-1995","'DAM SITE', 1.5KM NW OF STARCKE HOMESTEAD",-15.039627,145.112445,"GDA2020",100,1,"A",,"U",0
3614364,"7523","Animalia","Chordata","Mammalia","Carnivora","Canidae","Canis familiaris","dog",1067,"Linnaeus, 1758",,,False,"II","Cape York Peninsula Land Use Study","National Rainforest Conservation Program","18-10-1993","18-10-1993","18-10-1993","DUMP, 1.5KM SW OF LOCKHART RIVER COMMUNITY, IRON RANGE",-12.795147,143.337291,"GDA2020",100,1,"A",,"U",0
3611915,"5073","Animalia","Chordata","Mammalia","Carnivora","Canidae","Canis familiaris","dog",1067,"Linnaeus, 1758",,,False,"II","Cape York Peninsula Land Use Study","National Rainforest Conservation Program","13-07-1993","13-07-1993","13-07-1993","CLAUDIE RIVER BRIDGE, 2.4KM SW OF PHILLIP HILL, IRON RANGE",-12.745147,143.275125,"GDA2020",100,1,"A",,"U",0
3612967,"6125","Animalia","Chordata","Mammalia","Carnivora","Canidae","Canis familiaris","dog",1067,"Linnaeus, 1758",,,False,"II","Cape York Peninsula Land Use Study","NR03 NRAP project","31-08-1993","31-08-1993","31-08-1993","SCHRAMM CK 12K SSW OF BRAMWELL HOMESTEAD",-12.249318,142.596295,"GDA2020",100,1,"A",,"U",0
3617697,"10857","Animalia","Chordata","Mammalia","Carnivora","Canidae","Canis familiaris","dog",1067,"Linnaeus, 1758",,,False,"II","Cape York Peninsula Land Use Study","QDEH D. Storch's incidental observations","17-05-1994","17-05-1994","17-05-1994","Morehead Ri., PDR",-15.022968,143.664794,"GDA2020",100,1,"A",,"U",0
3753100,"878301","Animalia","Chordata","Mammalia","Carnivora","Canidae","Canis familiaris","dog",1067,"Linnaeus, 1758",,,False,"II","Queensland Historical Fauna Database","Elson et al. (1997)","01-07-1997","31-07-1997","01-07-1997","Lorna Vale Stn, 10km N of Marlborough",-22.740080,149.851094,"GDA2020",2000,,,,"U",0
3613904,"7063","Animalia","Chordata","Mammalia","Carnivora","Canidae","Canis familiaris","dog",1067,"Linnaeus, 1758",,,False,"II","Cape York Peninsula Land Use Study","NR03 NRAP project","17-09-1993","17-09-1993","17-09-1993","ANDOOM, 5.5KM SW OF BETTERIDGE LANDING, PINE RIVER",-12.501654,141.755131,"GDA2020",100,1,"A",,"U",0
3755738,"880945","Animalia","Chordata","Mammalia","Carnivora","Canidae","Canis familiaris","dog",1067,"Linnaeus, 1758",,,False,"II","Queensland Historical Fauna Database","ERM Mitchell McCotter (1998)","01-12-1997","01-12-1997","01-12-1997","Proposed Tarong-Armidale transmission line",-27.731739,150.834444,"GDA2020",54000,,,,"U",0
3765019,"890414","Animalia","Chordata","Mammalia","Carnivora","Canidae","Canis familiaris","dog",1067,"Linnaeus, 1758",,,False,"II","Queensland Historical Fauna Database","PPK Environment & Infrastructure (1999)","01-01-1998","31-12-1998","01-01-1998","Proposed Barlil Weir area, Barambah Creek",-26.206727,151.873293,"GDA2020",900,,,,"U",0
3765327,"890729","Animalia","Chordata","Mammalia","Carnivora","Canidae","Canis familiaris","dog",1067,"Linnaeus, 1758",,,False,"II","Queensland Historical Fauna Database","Woodward-Clyde (1996)","01-07-1996","31-07-1996","01-07-1996","Burnett River d/s S of Mt Goondicum crater",-24.915066,151.433011,"GDA2020",3600,,,,"U",0
3765518,"890920","Animalia","Chordata","Mammalia","Carnivora","Canidae","Canis familiaris","dog",1067,"Linnaeus, 1758",,,False,"II","Queensland Historical Fauna Database","ERM Mitchell McCotter (1999)","01-08-1999","31-08-1999","01-08-1999","Kogan-Braemer powerline corridor",-27.031734,150.817761,"GDA2020",13500,,,,"U",0
3613905,"7064","Animalia","Chordata","Mammalia","Carnivora","Canidae","Canis familiaris","dog",1067,"Linnaeus, 1758",,,False,"II","Cape York Peninsula Land Use Study","NR03 NRAP project","17-09-1993","17-09-1993","17-09-1993","ANDOOM, 5.5KM SW OF BETTERIDGE LANDING, PINE RIVER",-12.501654,141.755131,"GDA2020",100,1,"A",,"U",0
3770117,"895431","Animalia","Chordata","Mammalia","Carnivora","Canidae","Canis familiaris","dog",1067,"Linnaeus, 1758",,,False,"II","Queensland Historical Fauna Database","Dames & Moore (1999)","01-08-1998","31-08-1998","01-08-1998","Site P1, Stanwell Magnesium Plant Area",-23.502577,150.317738,"GDA2020",450,,,,"U",0
3770557,"895871","Animalia","Chordata","Mammalia","Carnivora","Canidae","Canis familiaris","dog",1067,"Linnaeus, 1758",,,False,"II","Queensland Historical Fauna Database","Dames & Moore (1999)","01-08-1998","31-08-1998","01-08-1998","Slurry pipeline, Stanwell Magnesium Plant Area",-23.190078,150.284403,"GDA2020",34000,,,,"U",0
3799645,"926430","Animalia","Chordata","Mammalia","Carnivora","Canidae","Canis familiaris","dog",1067,"Linnaeus, 1758",,,False,"II","Queensland Historical Fauna Database","Eddie (2000)","01-01-1980","31-12-1980","01-01-1980","Thruston NP (general)",-27.748425,147.667815,"GDA2020",15000,,,,"U",0
3617942,"11176","Animalia","Chordata","Mammalia","Carnivora","Canidae","Canis familiaris","dog",1067,"Linnaeus, 1758",,,False,"II","Cape York Peninsula Land Use Study","Cape York Herpetological Society","19-05-1994","19-05-1994","19-05-1994","38KM NNW OF MORETON TELEGRAPH STATION",-12.118318,142.564129,"GDA2020",1000,1,"A",,"U",0
3843861,,"Animalia","Chordata","Mammalia","Carnivora","Canidae","Canis familiaris","dog",1067,"Linnaeus, 1758",,,False,"II","Mackay District","Kemmis Creek Nature Refuge (Proposed)","01-01-2002","30-11-2002","01-01-2002","Kemmis Creek Nature Refuge - Fauna",-21.479398,148.324605,"GDA2020",5000,,,,"C",0
3844826,,"Animalia","Chordata","Mammalia","Carnivora","Canidae","Canis familiaris","dog",1067,"Linnaeus, 1758",,,False,"II","Mackay District","Reliance Creek Nature Refuge","17-06-1999","17-06-1999","17-06-1999","Reliance Creek Nature Refuge",-21.064530,149.047928,"GDA2020",250,,,,"C",0
3655257,"698673","Animalia","Chordata","Mammalia","Carnivora","Canidae","Canis familiaris","dog",1067,"Linnaeus, 1758",,,False,"II","Queensland Historical Fauna Database","Wilson (1994)","01-01-1992","31-12-1992","01-01-1992","Keppel Sands-Joskeleigh area",-23.345632,150.794137,"GDA2020",2500,,,,"U",0
3858447,"8543","Animalia","Chordata","Mammalia","Carnivora","Canidae","Canis familiaris","dog",1067,"Linnaeus, 1758",,,False,"II","Harry Hines fauna data","South-east Queensland frog survey and monitoring database","30-11-2000","30-11-2000","30-11-2000","Head of north branch of Degalgil Creek, Kroombit Tops National Park, south-west of Gladstone, south-east Queensland.",-24.364551,151.025427,"GDA2020",250,,,,"C",0
3743913,"814457","Animalia","Chordata","Mammalia","Carnivora","Canidae","Canis familiaris","dog",1067,"Linnaeus, 1758",,,False,"II","Queensland Historical Fauna Database","Townsville City Council (1992)","01-01-1992","31-01-1992","01-01-1992","Lakes II site, Woolcock St, Townsville",-19.269273,146.785834,"GDA2020",450,,,,"U",0
3748377,"818953","Animalia","Chordata","Mammalia","Carnivora","Canidae","Canis familiaris","dog",1067,"Linnaeus, 1758",,,False,"II","Queensland Historical Fauna Database","Gutteridge Haskins & Davey (1995)","13-01-1995","13-01-1995","13-01-1995","Ross Island, E side Ross River, Townsville",-19.276217,146.826111,"GDA2020",450,,,,"U",0
3749974,"820557","Animalia","Chordata","Mammalia","Carnivora","Canidae","Canis familiaris","dog",1067,"Linnaeus, 1758",,,False,"II","Queensland Historical Fauna Database","Hollingsworth Dames & Moore (1993)","06-04-1993","06-04-1993","06-04-1993","Boyne Island Smelter area, 15km S of Gladstone",-23.927575,151.337183,"GDA2020",900,,,,"U",0
3995219,,"Animalia","Chordata","Mammalia","Carnivora","Canidae","Canis familiaris","dog",1067,"Linnaeus, 1758",,,False,"II","Incidental Records","Dr Justin Watson","28-10-2002","30-10-2002","28-10-2002","North of the Sunshine Motorway, Maroochydore",-26.666654,153.075006,"GDA2020",1000,,,,"U",0
3995331,,"Animalia","Chordata","Mammalia","Carnivora","Canidae","Canis familiaris","dog",1067,"Linnaeus, 1758",,,False,"II","Incidental Records","Dr Justin Watson","28-07-2003","01-08-2003","28-07-2003","Wises Road, Maroochydore",-26.666654,153.075006,"GDA2020",1000,,,,"U",0
3995346,,"Animalia","Chordata","Mammalia","Carnivora","Canidae","Canis familiaris","dog",1067,"Linnaeus, 1758",,,False,"II","Incidental Records","Dr Justin Watson","01-11-2002",,"01-11-2002","Twin Waters and conservation area north of the Maroochy River",-26.641654,153.083339,"GDA2020",1000,,,,"U",0
3754894,"878662","Animalia","Chordata","Mammalia","Carnivora","Canidae","Canis familiaris","dog",1067,"Linnaeus, 1758",,,False,"II","Queensland Historical Fauna Database","Schulz et al. (1999)","01-12-1998","31-12-1998","01-12-1998","Seaview Holding (Lot 5), Ingham district",-18.610946,145.651123,"GDA2020",4000,,,,"U",0
3851203,"97","Animalia","Chordata","Mammalia","Carnivora","Canidae","Canis familiaris","dog",1067,"Linnaeus, 1758",,,False,"II","Harry Hines fauna data","South-east Queensland frog survey and monitoring database","02-12-1996","02-12-1996","02-12-1996","Gap Creek West, about 1km west of Cunninghams Gap, Main Range National Park, south-east Queensland.",-28.049245,152.383451,"GDA2020",500,3,"A",,"C",0
3995694,,"Animalia","Chordata","Mammalia","Carnivora","Canidae","Canis familiaris","dog",1067,"Linnaeus, 1758",,,False,"II","Incidental Records","Dr Justin Watson","01-09-2003","05-09-2003","01-09-2003","Karreman Bros Quarry, West Mount Cotton Rd, Sheldon",-27.603587,153.217606,"GDA2020",1500,,,,"U",0
3862023,"12847","Animalia","Chordata","Mammalia","Carnivora","Canidae","Canis familiaris","dog",1067,"Linnaeus, 1758",,,False,"II","Harry Hines fauna data","South-east Queensland frog survey and monitoring database","05-12-2001","05-12-2001","05-12-2001","Gap Creek West, at the old campground opposite Fisher Park, Cunninghams Gap, Main Range National Park, south-east Queensland.",-28.061795,152.364045,"GDA2020",250,2,"A",,"C",0
3836216,,"Animalia","Chordata","Mammalia","Carnivora","Canidae","Canis familiaris","dog",1067,"Linnaeus, 1758",,,False,"II","Nature Search - South West","NatureSearch Incidental Records","22-03-2000",,"22-03-2000","""Hillside"", Boundary Road, Toowoomba, SEQ.",-27.596932,151.888451,"GDA2020",1000,,,,"V",0
3662128,"705577","Animalia","Chordata","Mammalia","Carnivora","Canidae","Canis familiaris","dog",1067,"Linnaeus, 1758",,,False,"II","Queensland Historical Fauna Database","Environmental Research and Education (1994)","01-03-1994","31-03-1994","01-03-1994","In or near Tarong mine lease",-26.781734,151.913584,"GDA2020",1800,,,,"U",0
3664448,"707920","Animalia","Chordata","Mammalia","Carnivora","Canidae","Canis familiaris","dog",1067,"Linnaeus, 1758",,,False,"II","Queensland Historical Fauna Database","Barry (1986)","21-10-1986","21-10-1986","21-10-1986","R.333 Reserve, NE edge Biloela",-24.385903,150.517752,"GDA2020",450,,,,"U",0
3677192,"721256","Animalia","Chordata","Mammalia","Carnivora","Canidae","Canis familiaris","dog",1067,"Linnaeus, 1758",,,False,"II","Queensland Historical Fauna Database","EPA-BBS Fauna Survey (1999)","23-03-1999","23-03-1999","23-03-1999","700m past S033, along track heading SE Site=T062, Woroon SF255",-26.047000,151.629328,"GDA2020",300,,,,"U",0
3765921,"891170","Animalia","Chordata","Mammalia","Carnivora","Canidae","Canis familiaris","dog",1067,"Linnaeus, 1758",,,False,"II","Queensland Historical Fauna Database","Raymag Securities (1993)","22-01-1993","22-01-1993","22-01-1993","Hummock Hill Island lease",-24.019235,151.476058,"GDA2020",3000,,,,"U",0
3863815,"14727","Animalia","Chordata","Mammalia","Carnivora","Canidae","Canis familiaris","dog",1067,"Linnaeus, 1758",,,False,"II","Harry Hines fauna data","South-east Queensland frog survey and monitoring database","29-07-2002","29-07-2002","29-07-2002","Head of Three Moon Creek, Kroombit Tops National Park, south-west of Gladstone, south-east Queensland.",-24.404357,151.031710,"GDA2020",600,1,"A",,"C",0
3995588,,"Animalia","Chordata","Mammalia","Carnivora","Canidae","Canis familiaris","dog",1067,"Linnaeus, 1758",,,False,"II","Incidental Records","Dr Justin Watson","22-04-2003","29-04-2003","22-04-2003","Karreman Bros Quarry, West Mount Cotton Rd, Sheldon",-27.603587,153.217606,"GDA2020",1500,,,,"U",0
3886376,"2908","Animalia","Chordata","Mammalia","Carnivora","Canidae","Canis familiaris","dog",1067,"Linnaeus, 1758",,,False,"II","Incidental Records","Keith R. McDonalds Incidental Records","22-10-2000",,"22-10-2000","Lankelly Creek, 10 km NE Coen",-13.884709,143.264730,"GDA2020",33,1,"A",,"C",0
3995490,,"Animalia","Chordata","Mammalia","Carnivora","Canidae","Canis familiaris","dog",1067,"Linnaeus, 1758",,,False,"II","Incidental Records","Dr Justin Watson","02-06-2003","06-06-2003","02-06-2003","Tantula Rd West, Alexandra Headland",-26.675500,153.100510,"GDA2020",1000,,,,"U",0
3999205,,"Animalia","Chordata","Mammalia","Carnivora","Canidae","Canis familiaris","dog",1067,"Linnaeus, 1758",,,False,"II","Mackay District","Mia Mia SF","24-08-2004",,"24-08-2004","Mia Mia",-21.266872,148.757879,"GDA2020",10,,,,"C",0
4316260,"6095 (fauna)","Animalia","Chordata","Mammalia","Carnivora","Canidae","Canis familiaris","dog",1067,"Linnaeus, 1758",,,False,"II","Wildlife Ecology (Indooroopilly) survey data","General Fauna/Flora","28-11-1996",,"28-11-1996","Rocky Creek SF (Yarraman)",-26.856884,151.900750,"GDA2020",999,1,"A",,"V",0
4316262,"6097 (fauna)","Animalia","Chordata","Mammalia","Carnivora","Canidae","Canis familiaris","dog",1067,"Linnaeus, 1758",,,False,"II","Wildlife Ecology (Indooroopilly) survey data","General Fauna/Flora","28-11-1996",,"28-11-1996","Rocky Creek SF (Yarraman)",-26.856884,151.900750,"GDA2020",999,1,"A",,"V",0
4312070,"701 (fauna)","Animalia","Chordata","Mammalia","Carnivora","Canidae","Canis familiaris","dog",1067,"Linnaeus, 1758",,,False,"II","Wildlife Ecology (Indooroopilly) survey data","Comprehensive Regional Assessment - South East Queensland","14-07-1997","17-07-1997","14-07-1997","Bulburin SF",-24.573943,151.536958,"GDA2020",999,1,"A",,"V",0
4316723,"6697 (fauna)","Animalia","Chordata","Mammalia","Carnivora","Canidae","Canis familiaris","dog",1067,"Linnaeus, 1758",,,False,"II","Wildlife Ecology (Indooroopilly) survey data","General Fauna/Flora","19-02-1997","21-02-1997","19-02-1997","Black-breasted button-quail study site, Googa SF, Ashby LA",-26.943531,152.016778,"GDA2020",150,2,"A",,"V",0
4313275,"2720 (fauna)","Animalia","Chordata","Mammalia","Carnivora","Canidae","Canis familiaris","dog",1067,"Linnaeus, 1758",,,False,"II","Wildlife Ecology (Indooroopilly) survey data","General Fauna/Flora","11-11-1994",,"11-11-1994","YBG site 154, Duaringa SF, between highway and railway line",-23.708549,149.587284,"GDA2020",150,1,"A",,"V",0
4313973,"3776 (fauna)","Animalia","Chordata","Mammalia","Carnivora","Canidae","Canis familiaris","dog",1067,"Linnaeus, 1758",,,False,"II","External Donation","External - Donation","28-11-1997",,"28-11-1997","Along Fishy Ck Rd, about 8km dur west of Brovinia",-25.994427,151.064906,"GDA2020",50,2,"A",,"U",0
4314304,"4174 (fauna)","Animalia","Chordata","Mammalia","Carnivora","Canidae","Canis familiaris","dog",1067,"Linnaeus, 1758",,,False,"II","Wildlife Ecology (Indooroopilly) survey data","General Fauna/Flora","19-06-1998",,"19-06-1998","Boundary of Juggera LA, Jimna SF and Quarry LA, Yabba SF, Quarry/Freehold border.",-26.550856,152.377646,"GDA2020",999,1,"A",,"V",0
4315569,"4842 (fauna)","Animalia","Chordata","Mammalia","Carnivora","Canidae","Canis familiaris","dog",1067,"Linnaeus, 1758",,,False,"II","Wildlife Ecology (Indooroopilly) survey data","General Fauna/Flora","30-07-1998","31-07-1998","30-07-1998","St Marys SF",-25.658973,152.447778,"GDA2020",999,11,"A",,"V",0
4314834,"4751 (fauna)","Animalia","Chordata","Mammalia","Carnivora","Canidae","Canis familiaris","dog",1067,"Linnaeus, 1758",,,False,"II","Wildlife Ecology (Indooroopilly) survey data","General Fauna/Flora","28-03-1995","01-04-1995","28-03-1995","Twins Plantation Area - control, general",-26.967139,152.890237,"GDA2020",999,2,"A",,"V",0
4312437,"1098 (fauna)","Animalia","Chordata","Mammalia","Carnivora","Canidae","Canis familiaris","dog",1067,"Linnaeus, 1758",,,False,"II","Wildlife Ecology (Indooroopilly) survey data","General Fauna/Flora","30-04-1998","01-05-1998","30-04-1998","Googa SF, Ashby LA",-26.949124,152.016125,"GDA2020",999,3,"A",,"V",0
4314835,"4752 (fauna)","Animalia","Chordata","Mammalia","Carnivora","Canidae","Canis familiaris","dog",1067,"Linnaeus, 1758",,,False,"II","Wildlife Ecology (Indooroopilly) survey data","General Fauna/Flora","28-03-1995","01-04-1995","28-03-1995","Twins Plantation Area - control, general",-26.967139,152.890237,"GDA2020",999,6,"A",,"V",0
4316115,"5944 (fauna)","Animalia","Chordata","Mammalia","Carnivora","Canidae","Canis familiaris","dog",1067,"Linnaeus, 1758",,,False,"II","Wildlife Ecology (Indooroopilly) survey data","General Fauna/Flora","12-11-1994","13-11-1994","12-11-1994","YBG site 159, adjacent to cattle Creek NE of Mt Eugenie, Calliope Range.",-24.025551,150.620451,"GDA2020",150,1,"A",,"V",0
4316067,"5896 (fauna)","Animalia","Chordata","Mammalia","Carnivora","Canidae","Canis familiaris","dog",1067,"Linnaeus, 1758",,,False,"II","Wildlife Ecology (Indooroopilly) survey data","General Fauna/Flora","12-11-1994","13-11-1994","12-11-1994","YBG site 158, adjacent to Cattle Creek NE of Mt Eugenie, Calliope Range.",-24.037996,150.630130,"GDA2020",150,1,"A",,"V",0
4316577,"6447 (fauna)","Animalia","Chordata","Mammalia","Carnivora","Canidae","Canis familiaris","dog",1067,"Linnaeus, 1758",,,False,"II","Wildlife Ecology (Indooroopilly) survey data","General Fauna/Flora","30-04-1997","01-05-1997","30-04-1997","Ashby and Eliza LAs: Googa SF",-26.950226,152.018836,"GDA2020",150,1,"A",,"V",0
4319049,"9529 (fauna)","Animalia","Chordata","Mammalia","Carnivora","Canidae","Canis familiaris","dog",1067,"Linnaeus, 1758",,,False,"II","Wildlife Ecology (Indooroopilly) survey data","General Fauna/Flora","14-10-1998","15-10-1998","14-10-1998","Campsite on ridgetop, Kandanga Rd",-26.344695,152.391770,"GDA2020",50,1,"A",,"V",0
4319317,"9826 (fauna)","Animalia","Chordata","Mammalia","Carnivora","Canidae","Canis familiaris","dog",1067,"Linnaeus, 1758",,,False,"II","External Donation","External - Donation","01-10-1997","31-10-1999","01-10-1997","Clemant SF",-19.111752,146.444784,"GDA2020",9999,1,"A",,"U",0
4323321,"14114 (fauna)","Animalia","Chordata","Mammalia","Carnivora","Canidae","Canis familiaris","dog",1067,"Linnaeus, 1758",,,False,"II","Wildlife Ecology (Indooroopilly) survey data","Cypress_DH","15-11-1996",,"15-11-1996","Site A, comp 51, Whetstone SF",-28.360698,150.861231,"GDA2020",150,1,"A",,"V",0
4323613,"14412 (fauna)","Animalia","Chordata","Mammalia","Carnivora","Canidae","Canis familiaris","dog",1067,"Linnaeus, 1758",,,False,"II","Wildlife Ecology (Indooroopilly) survey data","Awoonga Dam Project","25-03-2003",,"25-03-2003","Netherleigh - remnant forest adjacent to reveg area",-24.209563,151.291591,"GDA2020",400,3,"A",,"V",0
4323596,"14394 (fauna)","Animalia","Chordata","Mammalia","Carnivora","Canidae","Canis familiaris","dog",1067,"Linnaeus, 1758",,,False,"II","Wildlife Ecology (Indooroopilly) survey data","Western Hardwoods Surveys","06-11-2002",,"06-11-2002","24.3km SW of Blackwater, outside southern boundary of Amaroo SF",-23.771407,148.754002,"GDA2020",50,1,"A",,"V",0
4323075,"13867 (fauna)","Animalia","Chordata","Mammalia","Carnivora","Canidae","Canis familiaris","dog",1067,"Linnaeus, 1758",,,False,"II","Wildlife Ecology (Indooroopilly) survey data","Cypress_MM","14-06-2001",,"14-06-2001","YBG site, Durah Rd Barakula SF",-26.476553,150.964283,"GDA2020",25,1,"A",,"V",0
4323079,"13871 (fauna)","Animalia","Chordata","Mammalia","Carnivora","Canidae","Canis familiaris","dog",1067,"Linnaeus, 1758",,,False,"II","Wildlife Ecology (Indooroopilly) survey data","Western Hardwoods Surveys","02-02-2002",,"02-02-2002","approx 5.9km E of Gurulmundi",-26.405131,150.109392,"GDA2020",50,2,"A",,"V",0
4325962,"16821 (fauna)","Animalia","Chordata","Mammalia","Carnivora","Canidae","Canis familiaris","dog",1067,"Linnaeus, 1758",,,False,"II","Wildlife Ecology (Indooroopilly) survey data","Yellow-bellied Glider Surveys","17-04-1994","18-04-1994","17-04-1994","Stock dam in SF 223 along ummarked tk btw Emerald & Fairbairn dam",-23.596978,148.060630,"GDA2020",999,1,"A",,"V",0
4326025,"16884 (fauna)","Animalia","Chordata","Mammalia","Carnivora","Canidae","Canis familiaris","dog",1067,"Linnaeus, 1758",,,False,"II","Wildlife Ecology (Indooroopilly) survey data","Yellow-bellied Glider Surveys","10-05-1994","11-05-1994","10-05-1994","~.5k W of Burrum Hds Rd, Burrim R NP QLD",-25.223919,152.600977,"GDA2020",999,1,"A",,"V",0
4319845,"10388 (fauna)","Animalia","Chordata","Mammalia","Carnivora","Canidae","Canis familiaris","dog",1067,"Linnaeus, 1758",,,False,"II","Wildlife Ecology (Indooroopilly) survey data","General Fauna/Flora","20-05-1998",,"20-05-1998","Virgin tereticornis site, Barakula SF",-26.130471,150.348630,"GDA2020",50,1,"A",,"V",0
4322667,"13345 (fauna)","Animalia","Chordata","Mammalia","Carnivora","Canidae","Canis familiaris","dog",1067,"Linnaeus, 1758",,,False,"II","Wildlife Ecology (Indooroopilly) survey data","Western Hardwoods Surveys","12-02-2001",,"12-02-2001","SF29 and surrounds",-24.342662,149.210864,"GDA2020",50,1,"A",,"V",0
4323039,"13807 (fauna)","Animalia","Chordata","Mammalia","Carnivora","Canidae","Canis familiaris","dog",1067,"Linnaeus, 1758",,,False,"II","Wildlife Ecology (Indooroopilly) survey data","Western Hardwoods Surveys","27-08-2001",,"27-08-2001","Hurdle Gully Rd, Scientific Area SF 28",-24.898575,150.999266,"GDA2020",50,1,"A",,"V",0
4323802,"14604 (fauna)","Animalia","Chordata","Mammalia","Carnivora","Canidae","Canis familiaris","dog",1067,"Linnaeus, 1758",,,False,"II","Wildlife Ecology (Indooroopilly) survey data","General Fauna/Flora","07-05-2003","08-05-2003","07-05-2003","Barakula SF, north end of Durah Rd near Durah Waterhole. 60k NE of Chinchilla.",-26.270388,150.960185,"GDA2020",50,2,"A",,"V",0
4327128,"17993 (fauna)","Animalia","Chordata","Mammalia","Carnivora","Canidae","Canis familiaris","dog",1067,"Linnaeus, 1758",,,False,"II","Wildlife Ecology (Indooroopilly) survey data","General Fauna/Flora","22-06-1995","24-06-1995","22-06-1995","Granite Creek, general area",-24.573943,151.536958,"GDA2020",999,1,"A",,"V",0
4324346,"15158 (fauna)","Animalia","Chordata","Mammalia","Carnivora","Canidae","Canis familiaris","dog",1067,"Linnaeus, 1758",,,False,"II","Wildlife Ecology (Indooroopilly) survey data","Cypress_DH","13-11-1996",,"13-11-1996","Site 2, comp 60, Whetstone SF, Count B",-28.327276,150.847522,"GDA2020",150,1,"A",,"V",0
4327758,"18625 (fauna)","Animalia","Chordata","Mammalia","Carnivora","Canidae","Canis familiaris","dog",1067,"Linnaeus, 1758",,,False,"II","Wildlife Ecology (Indooroopilly) survey data","Spotted Gum","21-06-1995",,"21-06-1995","Granite Creek, camp site",-24.494661,151.470274,"GDA2020",50,1,"A",,"V",0
4325840,"16699 (fauna)","Animalia","Chordata","Mammalia","Carnivora","Canidae","Canis familiaris","dog",1067,"Linnaeus, 1758",,,False,"II","Wildlife Ecology (Indooroopilly) survey data","General Fauna/Flora","26-03-1994","27-03-1994","26-03-1994","Stock dam",-24.433264,151.040154,"GDA2020",150,1,"A",,"V",0
4324579,"15399 (fauna)","Animalia","Chordata","Mammalia","Carnivora","Canidae","Canis familiaris","dog",1067,"Linnaeus, 1758",,,False,"II","Wildlife Ecology (Indooroopilly) survey data","Western Hardwoods Surveys","25-08-2002",,"25-08-2002","61.7km N of Injune.",-25.292109,148.648820,"GDA2020",50,1,"A",,"V",0
4326853,"17718 (fauna)","Animalia","Chordata","Mammalia","Carnivora","Canidae","Canis familiaris","dog",1067,"Linnaeus, 1758",,,False,"II","Wildlife Ecology (Indooroopilly) survey data","General Fauna/Flora","22-05-1995","23-05-1995","22-05-1995","Greycliff SF",-24.236704,150.241858,"GDA2020",50,1,"A",,"V",0
4324646,"15471 (fauna)","Animalia","Chordata","Mammalia","Carnivora","Canidae","Canis familiaris","dog",1067,"Linnaeus, 1758",,,False,"II","Wildlife Ecology (Indooroopilly) survey data","Western Hardwoods Surveys","20-01-2003",,"20-01-2003","9.88km ESE of Coorada, SF44",-25.023645,149.599421,"GDA2020",25,1,"A",,"V",0
4325012,"15838 (fauna)","Animalia","Chordata","Mammalia","Carnivora","Canidae","Canis familiaris","dog",1067,"Linnaeus, 1758",,,False,"II","Wildlife Ecology (Indooroopilly) survey data","Yellow-bellied Glider Surveys","12-04-1994","14-04-1994","12-04-1994","Tributary of Milton Ck on NW edge of Bulburin SF",-24.571744,151.458577,"GDA2020",50,1,"A",,"V",0
4325476,"16335 (fauna)","Animalia","Chordata","Mammalia","Carnivora","Canidae","Canis familiaris","dog",1067,"Linnaeus, 1758",,,False,"II","Wildlife Ecology (Indooroopilly) survey data","Yellow-bellied Glider Surveys","18-04-1994","19-04-1997","18-04-1994","Coomoo SF, W of Bauhinia Duaringa Rd,",-23.953885,149.517592,"GDA2020",999,1,"A",,"V",0
4329193,"20076 (fauna)","Animalia","Chordata","Mammalia","Carnivora","Canidae","Canis familiaris","dog",1067,"Linnaeus, 1758",,,False,"II","Wildlife Ecology (Indooroopilly) survey data","General Fauna/Flora","11-03-1994","14-03-1994","11-03-1994","Adjacent to Barracks, Kroombit Tops",-24.353655,150.959587,"GDA2020",400,1,"A",,"V",0
4326403,"17262 (fauna)","Animalia","Chordata","Mammalia","Carnivora","Canidae","Canis familiaris","dog",1067,"Linnaeus, 1758",,,False,"II","Wildlife Ecology (Indooroopilly) survey data","Incidental","20-08-2001",,"20-08-2001","Barakula SF",-26.412104,150.803570,"GDA2020",150,1,"A",,"V",0
4327033,"17898 (fauna)","Animalia","Chordata","Mammalia","Carnivora","Canidae","Canis familiaris","dog",1067,"Linnaeus, 1758",,,False,"II","Wildlife Ecology (Indooroopilly) survey data","Incidental","06-08-2001","10-08-2001","06-08-2001","East of Ballon Station, Barakula SF located on the crest of a rocky ridge",-26.458907,150.913644,"GDA2020",150,3,"A",,"V",0
4327086,"17951 (fauna)","Animalia","Chordata","Mammalia","Carnivora","Canidae","Canis familiaris","dog",1067,"Linnaeus, 1758",,,False,"II","Wildlife Ecology (Indooroopilly) survey data","Spotted Gum","03-07-1995","07-07-1995","03-07-1995","Cordalba SF (general)",-25.153606,152.140022,"GDA2020",999,1,"A",,"V",0
4330670,"2006 (fauna)","Animalia","Chordata","Mammalia","Carnivora","Canidae","Canis familiaris","dog",1067,"Linnaeus, 1758",,,False,"II","Wildlife Ecology (Indooroopilly) survey data","General Fauna/Flora","17-07-1996",,"17-07-1996","Atkinsons Rd on SW boundary of SF 61",-23.039528,150.148158,"GDA2020",150,1,"A",,"V",0
4331270,"13381 (fauna)","Animalia","Chordata","Mammalia","Carnivora","Canidae","Canis familiaris","dog",1067,"Linnaeus, 1758",,,False,"II","Wildlife Ecology (Indooroopilly) survey data","Western Hardwoods Surveys","15-10-2001",,"15-10-2001","Not supplied",-22.942851,148.463704,"GDA2020",50,1,"A",,"V",0
4332499,"22380 (fauna)","Animalia","Chordata","Mammalia","Carnivora","Canidae","Canis familiaris","dog",1067,"Linnaeus, 1758",,,False,"II","Wildlife Ecology (Indooroopilly) survey data","General Fauna/Flora","03-04-1993","04-04-1993","03-04-1993","Pine Mountain SF",-24.642453,151.210812,"GDA2020",999,1,"A",,"V",0
4332718,"22603 (fauna)","Animalia","Chordata","Mammalia","Carnivora","Canidae","Canis familiaris","dog",1067,"Linnaeus, 1758",,,False,"II","External Donation","External - Donation","04-03-1993","06-03-1993","04-03-1993","Kroombit Tops general",-24.386338,150.929757,"GDA2020",9999,1,"A",,"U",0
4331394,"21266 (fauna)","Animalia","Chordata","Mammalia","Carnivora","Canidae","Canis familiaris","dog",1067,"Linnaeus, 1758",,,False,"II","Wildlife Ecology (Indooroopilly) survey data","General Fauna/Flora","21-05-1994","25-05-1994","21-05-1994","pine plantations after clearfelling and before planting",-26.964961,152.951077,"GDA2020",4000,1,"A",,"V",0
4332411,"22292 (fauna)","Animalia","Chordata","Mammalia","Carnivora","Canidae","Canis familiaris","dog",1067,"Linnaeus, 1758",,,False,"II","External Donation","External - Donation","23-08-1993","27-08-1993","23-08-1993","near Vinegar Hill",-27.470756,152.252096,"GDA2020",4000,1,"A",,"U",0
4331389,"21261 (fauna)","Animalia","Chordata","Mammalia","Carnivora","Canidae","Canis familiaris","dog",1067,"Linnaeus, 1758",,,False,"II","Wildlife Ecology (Indooroopilly) survey data","General Fauna/Flora","21-05-1994","25-05-1994","21-05-1994","tidal WPZ >50m wide",-26.964961,152.951077,"GDA2020",4000,1,"A",,"V",0
4331390,"21262 (fauna)","Animalia","Chordata","Mammalia","Carnivora","Canidae","Canis familiaris","dog",1067,"Linnaeus, 1758",,,False,"II","Wildlife Ecology (Indooroopilly) survey data","General Fauna/Flora","21-05-1994","25-05-1994","21-05-1994","freshwater Watercourse Protection Zone >50m wide",-27.075086,153.037213,"GDA2020",999,1,"A",,"V",0
4331391,"21263 (fauna)","Animalia","Chordata","Mammalia","Carnivora","Canidae","Canis familiaris","dog",1067,"Linnaeus, 1758",,,False,"II","Wildlife Ecology (Indooroopilly) survey data","General Fauna/Flora","21-05-1994","25-05-1994","21-05-1994","freshwater WPZ <50m wide",-26.964961,152.951077,"GDA2020",4000,1,"A",,"V",0
4331392,"21264 (fauna)","Animalia","Chordata","Mammalia","Carnivora","Canidae","Canis familiaris","dog",1067,"Linnaeus, 1758",,,False,"II","Wildlife Ecology (Indooroopilly) survey data","General Fauna/Flora","21-05-1994","25-05-1994","21-05-1994","pine plantations after 1st thinning",-26.964961,152.951077,"GDA2020",4000,1,"A",,"V",0
4331393,"21265 (fauna)","Animalia","Chordata","Mammalia","Carnivora","Canidae","Canis familiaris","dog",1067,"Linnaeus, 1758",,,False,"II","Wildlife Ecology (Indooroopilly) survey data","General Fauna/Flora","21-05-1994","25-05-1994","21-05-1994","pine plantations before 1st thinning",-26.964961,152.951077,"GDA2020",4000,1,"A",,"V",0
4332918,"22829 (fauna)","Animalia","Chordata","Mammalia","Carnivora","Canidae","Canis familiaris","dog",1067,"Linnaeus, 1758",,,False,"II","External Donation","External - Donation","30-03-1993",,"30-03-1993","Boogooramunya SF",-25.862306,152.125867,"GDA2020",9999,1,"A",,"U",0
4334347,"24310 (fauna)","Animalia","Chordata","Mammalia","Carnivora","Canidae","Canis familiaris","dog",1067,"Linnaeus, 1758",,,False,"II","Wildlife Ecology (Indooroopilly) survey data","General Fauna/Flora","25-03-1994",,"25-03-1994","Lower Callide Creek",-24.340689,150.870128,"GDA2020",50,1,"A",,"V",0
4336891,"26278 (fauna)","Animalia","Chordata","Mammalia","Carnivora","Canidae","Canis familiaris","dog",1067,"Linnaeus, 1758",,,False,"II","Wildlife Ecology (Indooroopilly) survey data","General Fauna/Flora","10-03-1994","14-03-1994","10-03-1994","overhang on rock face overlooking tributary of Annies Creek",-24.429553,150.964284,"GDA2020",50,1,"A",,"V",0
4341575,"32330 (fauna)","Animalia","Chordata","Mammalia","Carnivora","Canidae","Canis familiaris","dog",1067,"Linnaeus, 1758",,,False,"II","Wildlife Ecology (Indooroopilly) survey data","General Fauna/Flora","15-06-1996","27-06-1996","15-06-1996","Headwaters of Walsh River",-17.297269,145.425164,"GDA2020",750,1,"A",,"V",0
4336929,"26316 (fauna)","Animalia","Chordata","Mammalia","Carnivora","Canidae","Canis familiaris","dog",1067,"Linnaeus, 1758",,,False,"II","Wildlife Ecology (Indooroopilly) survey data","General Fauna/Flora","12-12-1994",,"12-12-1994","SF 438, The Millstream",-17.548788,145.476321,"GDA2020",400,1,"A",,"V",0
4336659,"26046 (fauna)","Animalia","Chordata","Mammalia","Carnivora","Canidae","Canis familiaris","dog",1067,"Linnaeus, 1758",,,False,"II","Wildlife Ecology (Indooroopilly) survey data","General Fauna/Flora","08-12-1994","09-12-1994","08-12-1994","Culpa Road, SF 605, 1.7km South of Koombooloomba Dam Rd",-17.855077,145.592438,"GDA2020",400,2,"A",,"V",0
4334549,"24512 (fauna)","Animalia","Chordata","Mammalia","Carnivora","Canidae","Canis familiaris","dog",1067,"Linnaeus, 1758",,,False,"II","Wildlife Ecology (Indooroopilly) survey data","General Fauna/Flora","02-07-1995","02-12-1995","02-07-1995","Comp 19, General, Bauple SF (periodic burn)",-25.899005,152.663028,"GDA2020",750,1,"A",,"V",0
4341919,"32678 (fauna)","Animalia","Chordata","Mammalia","Carnivora","Canidae","Canis familiaris","dog",1067,"Linnaeus, 1758",,,False,"II","Wildlife Ecology (Indooroopilly) survey data","Spotted Gum","03-07-1996","08-07-1996","03-07-1996","Poison Creek, Kennedy Development Road Crossing",-19.936323,144.267415,"GDA2020",400,1,"A",,"V",0
4334672,"24635 (fauna)","Animalia","Chordata","Mammalia","Carnivora","Canidae","Canis familiaris","dog",1067,"Linnaeus, 1758",,,False,"II","Wildlife Ecology (Indooroopilly) survey data","General Fauna/Flora","17-12-1994","18-12-1994","17-12-1994","Mt Baldy SF, Walsh River and adjacent slopes",-17.306903,145.397990,"GDA2020",400,1,"A",,"V",0
4337691,"28191 (fauna)","Animalia","Chordata","Mammalia","Carnivora","Canidae","Canis familiaris","dog",1067,"Linnaeus, 1758",,,False,"II","Wildlife Ecology (Indooroopilly) survey data","Spotted Gum","07-10-1995",,"07-10-1995","SF 424, general",-24.646237,151.704478,"GDA2020",999,1,"A",,"V",0
4338005,"28590 (fauna)","Animalia","Chordata","Mammalia","Carnivora","Canidae","Canis familiaris","dog",1067,"Linnaeus, 1758",,,False,"II","Wildlife Ecology (Indooroopilly) survey data","Spotted Gum","22-09-1995",,"22-09-1995","Caves, Nudley SF",-26.592950,151.018097,"GDA2020",150,1,"A",,"V",0
4338730,"29353 (fauna)","Animalia","Chordata","Mammalia","Carnivora","Canidae","Canis familiaris","dog",1067,"Linnaeus, 1758",,,False,"II","Wildlife Ecology (Indooroopilly) survey data","Cypress_MM","11-05-2000",,"11-05-2000","Barakula SF, Coondarra Fire Tower. 50k N of Chinchilla.",-26.272544,150.617997,"GDA2020",50,3,"E",,"V",0
4338662,"29285 (fauna)","Animalia","Chordata","Mammalia","Carnivora","Canidae","Canis familiaris","dog",1067,"Linnaeus, 1758",,,False,"II","Wildlife Ecology (Indooroopilly) survey data","Cypress_MM","21-02-2000",,"21-02-2000","Durah Rd, East Barakula - amg only general as records obtained from several km each side of this location",-26.330364,150.971516,"GDA2020",3000,2,"A",,"V",0
4339282,"29933 (fauna)","Animalia","Chordata","Mammalia","Carnivora","Canidae","Canis familiaris","dog",1067,"Linnaeus, 1758",,,False,"II","Wildlife Ecology (Indooroopilly) survey data","General Fauna/Flora","09-12-1995","18-12-1995","09-12-1995","Start Koombooloomba Pocket Track, SF 605",-17.855617,145.592151,"GDA2020",50,1,"A",,"V",0
4343172,"33934 (fauna)","Animalia","Chordata","Mammalia","Carnivora","Canidae","Canis familiaris","dog",1067,"Linnaeus, 1758",,,False,"II","Wildlife Ecology (Indooroopilly) survey data","Yellow-bellied Glider Surveys","29-08-1996",,"29-08-1996","Teresa's YBG site No. 202, track about 1.2km from camping area, Goomburra SF",-27.986272,152.359552,"GDA2020",150,1,"A",,"V",0
4341751,"32506 (fauna)","Animalia","Chordata","Mammalia","Carnivora","Canidae","Canis familiaris","dog",1067,"Linnaeus, 1758",,,False,"II","Wildlife Ecology (Indooroopilly) survey data","Spotted Gum","04-07-1996",,"04-07-1996","Rock outcrops adjacent to TS rock outcrop",-19.682374,144.080355,"GDA2020",150,1,"A",,"V",0
4339390,"30041 (fauna)","Animalia","Chordata","Mammalia","Carnivora","Canidae","Canis familiaris","dog",1067,"Linnaeus, 1758",,,False,"II","Wildlife Ecology (Indooroopilly) survey data","General Fauna/Flora","01-04-1996","03-04-1996","01-04-1996","Corner of Auburn/Break Roads, Barakula SF",-26.301482,150.713659,"GDA2020",50,1,"A",,"V",0
4341640,"32395 (fauna)","Animalia","Chordata","Mammalia","Carnivora","Canidae","Canis familiaris","dog",1067,"Linnaeus, 1758",,,False,"II","Wildlife Ecology (Indooroopilly) survey data","General Fauna/Flora","25-06-1996","26-06-1996","25-06-1996","Sandy Creek, south of Mt Spurgeon",-16.460424,145.205552,"GDA2020",750,2,"A",,"V",0
4341680,"32435 (fauna)","Animalia","Chordata","Mammalia","Carnivora","Canidae","Canis familiaris","dog",1067,"Linnaeus, 1758",,,False,"II","Wildlife Ecology (Indooroopilly) survey data","General Fauna/Flora","25-06-1996","26-06-1996","25-06-1996","Adjacent to Sandy Creek, south of Mt Spurgeon",-16.460424,145.205552,"GDA2020",750,2,"A",,"V",0
4343814,"34576 (fauna)","Animalia","Chordata","Mammalia","Carnivora","Canidae","Canis familiaris","dog",1067,"Linnaeus, 1758",,,False,"II","Wildlife Ecology (Indooroopilly) survey data","Spotted Gum","08-07-1996",,"08-07-1996","200m south of southern track to dry salt lake, east of Kennedy Development Rd; Mt Sturgeon Station",-19.870340,144.274466,"GDA2020",150,1,"A",,"V",0
4344351,"35113 (fauna)","Animalia","Chordata","Mammalia","Carnivora","Canidae","Canis familiaris","dog",1067,"Linnaeus, 1758",,,False,"II","Wildlife Ecology (Indooroopilly) survey data","General Fauna/Flora","18-07-1996",,"18-07-1996","Vine scrub immediatley adjacent (SW) to SF 66",-23.139051,149.759699,"GDA2020",150,1,"A",,"V",0
4342554,"33315 (fauna)","Animalia","Chordata","Mammalia","Carnivora","Canidae","Canis familiaris","dog",1067,"Linnaeus, 1758",,,False,"II","Wildlife Ecology (Indooroopilly) survey data","Spotted Gum","01-07-1996","09-07-1996","01-07-1996","Cave, sandstone outcrop; Chudleigh Park Station",-19.827670,144.241611,"GDA2020",150,1,"A",,"V",0
4342437,"33198 (fauna)","Animalia","Chordata","Mammalia","Carnivora","Canidae","Canis familiaris","dog",1067,"Linnaeus, 1758",,,False,"II","Wildlife Ecology (Indooroopilly) survey data","General Fauna/Flora","27-06-1996","28-06-1996","27-06-1996","Semi-evergreen vine thicket on side tributary of East Normanby River, King's Plains Station",-15.659646,144.972094,"GDA2020",150,1,"A",,"V",0
4349603,"40476 (fauna)","Animalia","Chordata","Mammalia","Carnivora","Canidae","Canis familiaris","dog",1067,"Linnaeus, 1758",,,False,"II","Wildlife Ecology (Indooroopilly) survey data","Dawson River Floodplain Surveys","06-03-2000","09-03-2000","06-03-2000","NE corner of 'Olinda'",-24.020253,149.867803,"GDA2020",999,1,"A",,"V",0
4351217,"25198 (fauna)","Animalia","Chordata","Mammalia","Carnivora","Canidae","Canis familiaris","dog",1067,"Linnaeus, 1758",,,False,"II","Wildlife Ecology (Indooroopilly) survey data","General Fauna/Flora","08-03-1994",,"08-03-1994","dam yards on Ubobo Rd",-24.433264,151.040154,"GDA2020",150,1,"A",,"V",0
4342728,"33489 (fauna)","Animalia","Chordata","Mammalia","Carnivora","Canidae","Canis familiaris","dog",1067,"Linnaeus, 1758",,,False,"II","Wildlife Ecology (Indooroopilly) survey data","Spotted Gum","02-07-1996",,"02-07-1996","Hughenden Spotted Gum Survey, Site A",-19.797904,144.220185,"GDA2020",50,1,"A",,"V",0
4342914,"33676 (fauna)","Animalia","Chordata","Mammalia","Carnivora","Canidae","Canis familiaris","dog",1067,"Linnaeus, 1758",,,False,"II","Wildlife Ecology (Indooroopilly) survey data","Yellow-bellied Glider Surveys","04-09-1996",,"04-09-1996","Teresa's YBG site No. 215, Whetstone SF",-28.327342,150.847113,"GDA2020",150,1,"A",,"V",0
4342802,"33563 (fauna)","Animalia","Chordata","Mammalia","Carnivora","Canidae","Canis familiaris","dog",1067,"Linnaeus, 1758",,,False,"II","Wildlife Ecology (Indooroopilly) survey data","General Fauna/Flora","28-06-1996","29-06-1996","28-06-1996","Northern limestone outcrop, above side tributary of East Normandy River, Kings Plains Station",-15.643852,144.983906,"GDA2020",50,1,"A",,"V",0
4342483,"33244 (fauna)","Animalia","Chordata","Mammalia","Carnivora","Canidae","Canis familiaris","dog",1067,"Linnaeus, 1758",,,False,"II","Wildlife Ecology (Indooroopilly) survey data","General Fauna/Flora","26-06-1996","28-06-1996","26-06-1996","Tributary of East Normandy River, King's Plains Station",-15.654691,144.973728,"GDA2020",50,1,"A",,"V",0
4347308,"38149 (fauna)","Animalia","Chordata","Mammalia","Carnivora","Canidae","Canis familiaris","dog",1067,"Linnaeus, 1758",,,False,"II","Wildlife Ecology (Indooroopilly) survey data","Dawson River Floodplain Surveys","01-06-2000",,"01-06-2000","(veg code cb-3)Banana Shire approx 700m north of Junction of Banana Ck and Dawson River.",-24.246328,149.823838,"GDA2020",999,1,"A",,"V",0
4347885,"38734 (fauna)","Animalia","Chordata","Mammalia","Carnivora","Canidae","Canis familiaris","dog",1067,"Linnaeus, 1758",,,False,"II","Wildlife Ecology (Indooroopilly) survey data","Dawson River Floodplain Surveys","02-04-2000","02-04-2000","02-04-2000","Southern boundary of 'Leonedale', north of Theodore.",-24.886443,150.073583,"GDA2020",999,1,"A",,"V",0
4348309,"39161 (fauna)","Animalia","Chordata","Mammalia","Carnivora","Canidae","Canis familiaris","dog",1067,"Linnaeus, 1758",,,False,"II","Wildlife Ecology (Indooroopilly) survey data","Dawson River Floodplain Surveys","31-03-2000","31-03-2000","31-03-2000","Western bank of Dawson River, 1.1km downstream of Cables Ck confluence, adjacent to Precipice NP",-25.385537,150.158957,"GDA2020",999,1,"A",,"V",0
4357663,"48311 (fauna)","Animalia","Chordata","Mammalia","Carnivora","Canidae","Canis familiaris","dog",1067,"Linnaeus, 1758",,,False,"II","Wildlife Ecology (Indooroopilly) survey data","Western Hardwoods Surveys","06-04-2001","10-04-2001","06-04-2001","SF 50",-25.093306,149.307761,"GDA2020",150,1,"A",,"V",0
4357668,"48316 (fauna)","Animalia","Chordata","Mammalia","Carnivora","Canidae","Canis familiaris","dog",1067,"Linnaeus, 1758",,,False,"II","Wildlife Ecology (Indooroopilly) survey data","Western Hardwoods Surveys","06-04-2001","10-04-2001","06-04-2001","SF 50",-25.081971,149.343892,"GDA2020",150,2,"A",,"V",0
4357672,"48320 (fauna)","Animalia","Chordata","Mammalia","Carnivora","Canidae","Canis familiaris","dog",1067,"Linnaeus, 1758",,,False,"II","Wildlife Ecology (Indooroopilly) survey data","Western Hardwoods Surveys","06-04-2001","10-04-2001","06-04-2001","SF 50, Expedition Range, Taroom",-25.061900,149.356828,"GDA2020",150,1,"A",,"V",0
4348550,"39406 (fauna)","Animalia","Chordata","Mammalia","Carnivora","Canidae","Canis familiaris","dog",1067,"Linnaeus, 1758",,,False,"II","Wildlife Ecology (Indooroopilly) survey data","Dawson River Floodplain Surveys","28-03-2000","31-03-2000","28-03-2000","Southern border of 'Gyranda', on west side of Dawson River",-25.350670,150.165980,"GDA2020",999,1,"A",,"V",0
4348763,"39621 (fauna)","Animalia","Chordata","Mammalia","Carnivora","Canidae","Canis familiaris","dog",1067,"Linnaeus, 1758",,,False,"II","Wildlife Ecology (Indooroopilly) survey data","Dawson River Floodplain Surveys","28-03-2000","30-03-2000","28-03-2000","Vine thicket on west side of Dawson River.",-25.336728,150.160347,"GDA2020",999,1,"A",,"V",0
4349034,"39895 (fauna)","Animalia","Chordata","Mammalia","Carnivora","Canidae","Canis familiaris","dog",1067,"Linnaeus, 1758",,,False,"II","Wildlife Ecology (Indooroopilly) survey data","Dawson River Floodplain Surveys","12-03-2000",,"12-03-2000","Highworth bend, north of Theodore.",-24.822501,149.907958,"GDA2020",999,1,"A",,"V",0
4355520,"46131 (fauna)","Animalia","Chordata","Mammalia","Carnivora","Canidae","Canis familiaris","dog",1067,"Linnaeus, 1758",,,False,"II","Wildlife Ecology (Indooroopilly) survey data","Western Hardwoods Surveys","12-02-2001","16-02-2001","12-02-2001","SF29 ~ 5km NW of 'Conomara' homestead, Duaringa Shire",-24.300539,149.128151,"GDA2020",150,1,"A",,"V",0
4355694,"46311 (fauna)","Animalia","Chordata","Mammalia","Carnivora","Canidae","Canis familiaris","dog",1067,"Linnaeus, 1758",,,False,"II","Wildlife Ecology (Indooroopilly) survey data","Western Hardwoods Surveys","12-02-2001","18-02-2001","12-02-2001","1.7km SE of SF29 boundary near 'Conomara', Duaringa Shire",-24.330610,149.197255,"GDA2020",150,1,"A",,"V",0
4358363,"49042 (fauna)","Animalia","Chordata","Mammalia","Carnivora","Canidae","Canis familiaris","dog",1067,"Linnaeus, 1758",,,False,"II","Wildlife Ecology (Indooroopilly) survey data","Southern Brigalow Belt Surveys","10-09-2000","15-09-2000","10-09-2000","Brigalow patch approx 2.5km NE of Yerilla homestead",-25.561949,150.791380,"GDA2020",150,1,"A",,"V",0
4360397,"51140 (fauna)","Animalia","Chordata","Mammalia","Carnivora","Canidae","Canis familiaris","dog",1067,"Linnaeus, 1758",,,False,"II","Wildlife Ecology (Indooroopilly) survey data","Western Hardwoods Surveys","19-09-2001","25-09-2001","19-09-2001","Presho SF 50 - Conciliation Hill, approx 6km SE of Mapala barracks, Taroom Shire",-25.147687,149.187193,"GDA2020",150,1,"A",,"V",0
4356497,"47131 (fauna)","Animalia","Chordata","Mammalia","Carnivora","Canidae","Canis familiaris","dog",1067,"Linnaeus, 1758",,,False,"II","Wildlife Ecology (Indooroopilly) survey data","Western Hardwoods Surveys","04-03-2001","10-03-2001","04-03-2001","SF 44 approx 24km east along Burnley Rd",-25.016880,149.755427,"GDA2020",150,1,"A",,"V",0
4357730,"48386 (fauna)","Animalia","Chordata","Mammalia","Carnivora","Canidae","Canis familiaris","dog",1067,"Linnaeus, 1758",,,False,"II","Wildlife Ecology (Indooroopilly) survey data","Southern Brigalow Belt Surveys","25-02-1999","27-02-1999","25-02-1999","Barakula SF, Wondoan Rd, south side",-26.245275,150.525353,"GDA2020",999,2,"A",,"V",0
4352724,"43217 (fauna)","Animalia","Chordata","Mammalia","Carnivora","Canidae","Canis familiaris","dog",1067,"Linnaeus, 1758",,,False,"II","Wildlife Ecology (Indooroopilly) survey data","Dawson River Floodplain Surveys","27-02-2000","29-02-2000","27-02-2000","Small waterhole/wetland north of Bane Ck. Site starts 25m 0 degrees.",-23.673398,149.743144,"GDA2020",999,1,"A",,"V",0
4355867,"46487 (fauna)","Animalia","Chordata","Mammalia","Carnivora","Canidae","Canis familiaris","dog",1067,"Linnaeus, 1758",,,False,"II","Wildlife Ecology (Indooroopilly) survey data","Western Hardwoods Surveys","03-03-2001","10-03-2001","03-03-2001","SF 44 approx 2km east on Burnley Rd",-25.029180,149.548741,"GDA2020",150,1,"A",,"V",0
4356076,"46701 (fauna)","Animalia","Chordata","Mammalia","Carnivora","Canidae","Canis familiaris","dog",1067,"Linnaeus, 1758",,,False,"II","Wildlife Ecology (Indooroopilly) survey data","Western Hardwoods Surveys","05-03-2001","10-03-2001","05-03-2001","SF 44 approx 10km east along Burnley Rd",-25.033262,149.630371,"GDA2020",150,1,"A",,"V",0
4356310,"46939 (fauna)","Animalia","Chordata","Mammalia","Carnivora","Canidae","Canis familiaris","dog",1067,"Linnaeus, 1758",,,False,"II","Wildlife Ecology (Indooroopilly) survey data","Western Hardwoods Surveys","09-03-2001",,"09-03-2001","Coorada special lease, crossing of Turtle Ck and Reedy Ck Rd (camp)",-25.037305,149.497593,"GDA2020",150,1,"A",,"V",0
4363490,"54307 (fauna)","Animalia","Chordata","Mammalia","Carnivora","Canidae","Canis familiaris","dog",1067,"Linnaeus, 1758",,,False,"II","Wildlife Ecology (Indooroopilly) survey data","Western Hardwoods Surveys","16-04-2002","18-04-2002","16-04-2002","Nyanda Holding - Approx 11km due west of ""Rewan Stn"". On the Sandy Ck Rd (Black Alley Creek crossing). (Approx. 0.7km W of SER03)",-24.962545,148.269854,"GDA2020",150,1,"A",,"V",0
4363502,"54319 (fauna)","Animalia","Chordata","Mammalia","Carnivora","Canidae","Canis familiaris","dog",1067,"Linnaeus, 1758",,,False,"II","Wildlife Ecology (Indooroopilly) survey data","Western Hardwoods Surveys","18-04-2002","21-04-2002","18-04-2002","SF 11, Serecold - Approx. 4.3km Nw of ""Aldinga Stn"" (10 Mile Outstation)",-24.763682,148.424469,"GDA2020",150,1,"A",,"V",0
4358427,"49106 (fauna)","Animalia","Chordata","Mammalia","Carnivora","Canidae","Canis familiaris","dog",1067,"Linnaeus, 1758",,,False,"II","Wildlife Ecology (Indooroopilly) survey data","Southern Brigalow Belt Surveys","12-09-2000","15-09-2000","12-09-2000","Dam approx 5km north of Yerilla homestead",-25.540844,150.773371,"GDA2020",150,1,"A",,"V",0
4358415,"49094 (fauna)","Animalia","Chordata","Mammalia","Carnivora","Canidae","Canis familiaris","dog",1067,"Linnaeus, 1758",,,False,"II","Wildlife Ecology (Indooroopilly) survey data","Southern Brigalow Belt Surveys","14-09-2000",,"14-09-2000","Softwood scrub in NW corner Yerilla Station",-25.499001,150.701601,"GDA2020",150,1,"A",,"V",0
4358556,"49236 (fauna)","Animalia","Chordata","Mammalia","Carnivora","Canidae","Canis familiaris","dog",1067,"Linnaeus, 1758",,,False,"II","Wildlife Ecology (Indooroopilly) survey data","Southern Brigalow Belt Surveys","14-12-1999","18-12-1999","14-12-1999","Kumbarilla SF - Approx 15.9km NW of Forestry Station",-27.515172,150.931885,"GDA2020",150,1,"A",,"V",0
4359221,"49927 (fauna)","Animalia","Chordata","Mammalia","Carnivora","Canidae","Canis familiaris","dog",1067,"Linnaeus, 1758",,,False,"II","Wildlife Ecology (Indooroopilly) survey data","Western Hardwoods Surveys","06-08-2001","09-08-2001","06-08-2001","Approx 1.3km SSE of AL08, near intersection of track running NE of transmission line.",-25.898689,151.111322,"GDA2020",150,1,"A",,"V",0
4360431,"51174 (fauna)","Animalia","Chordata","Mammalia","Carnivora","Canidae","Canis familiaris","dog",1067,"Linnaeus, 1758",,,False,"II","Wildlife Ecology (Indooroopilly) survey data","Western Hardwoods Surveys","23-09-2001","24-09-2001","23-09-2001","Presho SF 50 - Approx 4 km along road that leads SE off Oil Bore Rd, towards Cherry Tree Creek, 2.5km east of SBB0475/EXP09,",-25.207407,149.224663,"GDA2020",150,1,"A",,"V",0
4368786,"59708 (fauna)","Animalia","Chordata","Mammalia","Carnivora","Canidae","Canis familiaris","dog",1067,"Linnaeus, 1758",,,False,"II","Wildlife Ecology (Indooroopilly) survey data","Land and Water Australia - Remnant Vegetation","15-10-2003","16-10-2003","15-10-2003","Approx 15.4km N of Dog Fence on Boudins Dam Track.",-26.146615,147.407514,"GDA2020",50,1,"A",,"V",0
4362448,"53231 (fauna)","Animalia","Chordata","Mammalia","Carnivora","Canidae","Canis familiaris","dog",1067,"Linnaeus, 1758",,,False,"II","Wildlife Ecology (Indooroopilly) survey data","Western Hardwoods Surveys","04-02-2002","06-02-2002","04-02-2002","SF 83, Cherwondah - Approx. 13.4km NNW of Gurrulmundi",-26.306889,149.992916,"GDA2020",150,1,"A",,"V",0
4361629,"52380 (fauna)","Animalia","Chordata","Mammalia","Carnivora","Canidae","Canis familiaris","dog",1067,"Linnaeus, 1758",,,False,"II","Wildlife Ecology (Indooroopilly) survey data","Western Hardwoods Surveys","03-11-2001","07-11-2001","03-11-2001","Condamine SF 161- Approx 10.8km due E of Condamine township",-26.927571,150.244547,"GDA2020",150,1,"A",,"V",0
4362476,"53259 (fauna)","Animalia","Chordata","Mammalia","Carnivora","Canidae","Canis familiaris","dog",1067,"Linnaeus, 1758",,,False,"II","Wildlife Ecology (Indooroopilly) survey data","Western Hardwoods Surveys","31-01-2002","06-02-2002","31-01-2002","SF 60, Binkey - Approx. 8.8km E of Gurrulmundi",-26.428868,150.138492,"GDA2020",150,1,"A",,"V",0
4362497,"53280 (fauna)","Animalia","Chordata","Mammalia","Carnivora","Canidae","Canis familiaris","dog",1067,"Linnaeus, 1758",,,False,"II","Wildlife Ecology (Indooroopilly) survey data","Western Hardwoods Surveys","03-02-2002",,"03-02-2002","Stones Country Resources Reserve - Approx. 17.4km WNW of Gurrulmundi",-26.389342,149.880350,"GDA2020",150,3,"A",,"V",0
4368905,"59827 (fauna)","Animalia","Chordata","Mammalia","Carnivora","Canidae","Canis familiaris","dog",1067,"Linnaeus, 1758",,,False,"II","Wildlife Ecology (Indooroopilly) survey data","Land and Water Australia - Remnant Vegetation","09-10-2003","10-11-2003","09-10-2003","Drillham. Head N on Gregory Rd. House on Trask Ln, Site N on Devoncourt Rd.",-26.567082,149.987090,"GDA2020",50,1,"A",,"V",0
4362549,"53332 (fauna)","Animalia","Chordata","Mammalia","Carnivora","Canidae","Canis familiaris","dog",1067,"Linnaeus, 1758",,,False,"II","Wildlife Ecology (Indooroopilly) survey data","Western Hardwoods Surveys","05-02-2002",,"05-02-2002","SF 60, Binkey - Binkey Big Trees adjacent to Tin Hut Ck (Approx. 8.2km ENE of Gurrulmundi)",-26.402557,150.132129,"GDA2020",150,1,"A",,"V",0
4368805,"59727 (fauna)","Animalia","Chordata","Mammalia","Carnivora","Canidae","Canis familiaris","dog",1067,"Linnaeus, 1758",,,False,"II","Wildlife Ecology (Indooroopilly) survey data","Land and Water Australia - Remnant Vegetation","13-10-2002","14-10-2002","13-10-2002","Warrego H'way - approx 25km E of Mungallala. From Little Womalilla Ck, travel W along 'service rd' (S side Hwy) for 400m",-26.489280,147.793200,"GDA2020",50,1,"A",,"V",0
4369409,"60347 (fauna)","Animalia","Chordata","Mammalia","Carnivora","Canidae","Canis familiaris","dog",1067,"Linnaeus, 1758",,,False,"II","Wildlife Ecology (Indooroopilly) survey data","Western Hardwoods Surveys","29-11-2001","29-11-2001","29-11-2001","Mia Mia SF - approx 8 km SSW of Pinnacle",-21.214066,148.695367,"GDA2020",150,1,"A",,"V",0
4433491,,"Animalia","Chordata","Mammalia","Carnivora","Canidae","Canis familiaris","dog",1067,"Linnaeus, 1758",,,False,"II","Incidental Records","NatureSearch Additions","01-09-1996",,"01-09-1996","Carbrook Golf Course and surrounds",-27.686987,153.248006,"GDA2020",1000,,,,"U",0
4365902,"56780 (fauna)","Animalia","Chordata","Mammalia","Carnivora","Canidae","Canis familiaris","dog",1067,"Linnaeus, 1758",,,False,"II","Wildlife Ecology (Indooroopilly) survey data","Western Hardwoods Surveys","01-10-2002","06-10-2002","01-10-2002","About 74km ESE of Dysart. NE corner of Junee SF. East off the track junction.",-22.815586,149.035515,"GDA2020",25,5,"A",,"V",0
4363530,"54347 (fauna)","Animalia","Chordata","Mammalia","Carnivora","Canidae","Canis familiaris","dog",1067,"Linnaeus, 1758",,,False,"II","Wildlife Ecology (Indooroopilly) survey data","Western Hardwoods Surveys","24-04-2002","24-04-2002","24-04-2002","SF 160, Mt Hope - Approx. 6km due west of ""Springwood Stn"". Along the ""Sandy Ck"" track at rocky outcrop",-24.530526,148.295421,"GDA2020",150,1,"A",,"V",0
4448651,"984211","Animalia","Chordata","Mammalia","Carnivora","Canidae","Canis familiaris","dog",1067,"Linnaeus, 1758",,,False,"II","Queensland Historical Fauna Database","Dames & Moore (1996)","01-01-1996","31-01-1996","01-01-1996","Site 2, Hay Point area",-21.295820,149.277507,"GDA2020",300,,,,"U",0
4368861,"59783 (fauna)","Animalia","Chordata","Mammalia","Carnivora","Canidae","Canis familiaris","dog",1067,"Linnaeus, 1758",,,False,"II","Wildlife Ecology (Indooroopilly) survey data","Land and Water Australia - Remnant Vegetation","01-12-2003","02-12-2003","01-12-2003","""Newington"" - From the ""Newstead"" Rd, turn N (right) approx 100m after the Gordon Neil X-ing of Yalebone Ck, and follow track for Approx 2.2km.",-27.122660,148.963090,"GDA2020",50,1,"A",,"V",0
4448787,"984347","Animalia","Chordata","Mammalia","Carnivora","Canidae","Canis familiaris","dog",1067,"Linnaeus, 1758",,,False,"II","Queensland Historical Fauna Database","URS (2000)","01-07-2000","31-07-2000","01-07-2000","Site U1, Hay Point",-21.299154,149.277507,"GDA2020",300,,,,"U",0
4448794,"984354","Animalia","Chordata","Mammalia","Carnivora","Canidae","Canis familiaris","dog",1067,"Linnaeus, 1758",,,False,"II","Queensland Historical Fauna Database","URS (2000)","01-07-2000","31-07-2000","01-07-2000","Site U2, Hay Point",-21.281098,149.276118,"GDA2020",300,,,,"U",0
4364440,"55258 (fauna)","Animalia","Chordata","Mammalia","Carnivora","Canidae","Canis familiaris","dog",1067,"Linnaeus, 1758",,,False,"II","Wildlife Ecology (Indooroopilly) survey data","Western Hardwoods Surveys","09-05-2002",,"09-05-2002","Planet Downs/Shotover Holding - Approx. 3km Nth of Shot01 on side track to creek",-24.114134,149.089440,"GDA2020",150,1,"A",,"V",0
4368884,"59806 (fauna)","Animalia","Chordata","Mammalia","Carnivora","Canidae","Canis familiaris","dog",1067,"Linnaeus, 1758",,,False,"II","Wildlife Ecology (Indooroopilly) survey data","Land and Water Australia - Remnant Vegetation","08-11-2003","09-11-2003","08-11-2003","From mailbox, W along Orallo Rd for 1.6km, small red reflector on PBX marking track, heading S. Cross gully, head SW, cross-country to fence, head S on W-side o",-26.136380,148.365263,"GDA2020",50,1,"A",,"V",0
4449114,"984674","Animalia","Chordata","Mammalia","Carnivora","Canidae","Canis familiaris","dog",1067,"Linnaeus, 1758",,,False,"II","Queensland Historical Fauna Database","Clayton etal. (1994)","01-06-1993","30-06-1993","01-06-1993","Bucasia study area",-21.039387,149.147507,"GDA2020",500,,,,"U",0
4449150,"984710","Animalia","Chordata","Mammalia","Carnivora","Canidae","Canis familiaris","dog",1067,"Linnaeus, 1758",,,False,"II","Queensland Historical Fauna Database","Clayton etal. (1994)","01-06-1993","30-06-1993","01-06-1993","Bayersville study area",-21.109787,149.203107,"GDA2020",500,,,,"U",0
4459325,"938266","Animalia","Chordata","Mammalia","Carnivora","Canidae","Canis familiaris","dog",1067,"Linnaeus, 1758",,,False,"II","Queensland Historical Fauna Database","de Keijzer (1990)","06-04-1990","06-04-1990","06-04-1990","Lot 23 Hampden, 19km NW of Mackay",-21.063487,149.019607,"GDA2020",300,,,,"U",0
4477432,"1010704","Animalia","Chordata","Mammalia","Carnivora","Canidae","Canis familiaris","dog",1067,"Linnaeus, 1758",,,False,"II","Queensland Historical Fauna Database","Knight (Unpubl. wetland database)","01-01-1999","31-12-1999","01-01-1999","Purga wetland area",-27.739987,152.721950,"GDA2020",1000,,,,"U",0
4518889,"1154258","Animalia","Chordata","Mammalia","Carnivora","Canidae","Canis familiaris","dog",1067,"Linnaeus, 1758",,,False,"II","Queensland Historical Fauna Database","Ball (2003)","18-02-2003","18-02-2003","18-02-2003","Beefalo Valley Nature Refuge, Conway",-20.383187,148.665807,"GDA2020",900,,,,"U",0
4704431,,"Animalia","Chordata","Mammalia","Carnivora","Canidae","Canis familiaris","dog",1067,"Linnaeus, 1758",,,False,"II","Moggill QPWS fauna data","Poona National Park fauna survey","16-05-2006","17-05-2006","16-05-2006","Kalah Creek road crossing 2.6 kms east of Boonooroo Road Poona NP",-25.590101,152.823135,"GDA2020",100,1,"A",,"C",0
4366498,"57400 (fauna)","Animalia","Chordata","Mammalia","Carnivora","Canidae","Canis familiaris","dog",1067,"Linnaeus, 1758",,,False,"II","Wildlife Ecology (Indooroopilly) survey data","Western Hardwoods Surveys","06-11-2002","10-11-2002","06-11-2002","21.3km SW of Blackwater. NE of camp 2 (BBN0030) - approx centre of Tolmies Eastern lease",-23.730439,148.743635,"GDA2020",25,1,"A",,"V",0
4367674,"58592 (fauna)","Animalia","Chordata","Mammalia","Carnivora","Canidae","Canis familiaris","dog",1067,"Linnaeus, 1758",,,False,"II","Wildlife Ecology (Indooroopilly) survey data","Land and Water Australia - Remnant Vegetation","25-02-2003",,"25-02-2003","Drillham. Head N on Gregory Rd. House on Trask Ln, Site N on Devoncourt Rd.",-26.567082,149.987090,"GDA2020",50,1,"A",,"V",0
4768574,,"Animalia","Chordata","Mammalia","Carnivora","Canidae","Canis familiaris","dog",1067,"Linnaeus, 1758",,,False,"II","Far Northern Threatened Species","Cape York Fauna","14-10-2003",,"14-10-2003","61 Old Telegraph Line Road, between Moreton & Batavia Downs",-12.511900,142.658038,"GDA2020",100,1,"A",,"C",0
4768588,,"Animalia","Chordata","Mammalia","Carnivora","Canidae","Canis familiaris","dog",1067,"Linnaeus, 1758",,,False,"II","Far Northern Threatened Species","Cape York Fauna","01-10-2003",,"01-10-2003","25 Northern Bypass Road, 1 km S of Jardine Ferry",-11.103274,142.274003,"GDA2020",100,1,"A",,"C",0
4369365,"60303 (fauna)","Animalia","Chordata","Mammalia","Carnivora","Canidae","Canis familiaris","dog",1067,"Linnaeus, 1758",,,False,"II","Wildlife Ecology (Indooroopilly) survey data","Western Hardwoods Surveys","29-11-2001","29-11-2001","29-11-2001","Mia Mia SF - approx 9.5km South of Pinnacle",-21.232164,148.720670,"GDA2020",150,1,"A",,"V",0
4369408,"60346 (fauna)","Animalia","Chordata","Mammalia","Carnivora","Canidae","Canis familiaris","dog",1067,"Linnaeus, 1758",,,False,"II","Wildlife Ecology (Indooroopilly) survey data","Western Hardwoods Surveys","29-11-2001","29-11-2001","29-11-2001","Mia Mia SF - approx 8 km SSW of Pinnacle",-21.214066,148.695367,"GDA2020",150,2,"A",,"V",0
5656814,"76","Animalia","Chordata","Mammalia","Carnivora","Canidae","Canis familiaris","dog",1067,"Linnaeus, 1758",,,False,"II","Mark Cant Survey Data","Mark Cant Survey Data","23-09-1995","23-09-1995","23-09-1995","Diamondy State Forest 197",-26.551364,151.286366,"GDA2020",1000,,,,"C",0
4368855,"59777 (fauna)","Animalia","Chordata","Mammalia","Carnivora","Canidae","Canis familiaris","dog",1067,"Linnaeus, 1758",,,False,"II","Wildlife Ecology (Indooroopilly) survey data","Land and Water Australia - Remnant Vegetation","10-10-2003","11-10-2003","10-10-2003","Drillham. Head N on Gregory Rd. House on Trask Ln, Riparian site N on Gregory Rd",-26.576853,149.992652,"GDA2020",50,1,"A",,"V",0
5661144,,"Animalia","Chordata","Mammalia","Carnivora","Canidae","Canis familiaris","dog",1067,"Linnaeus, 1758",,,False,"II","Incidental Records","WildNet Incidental Records","24-08-2009",,"24-08-2009","Stoney Ck, Porphyry Hill State Forest",-22.011199,149.386693,"GDA2020",100,,,,"C",0
5678263,,"Animalia","Chordata","Mammalia","Carnivora","Canidae","Canis familiaris","dog",1067,"Linnaeus, 1758",,,False,"II","Incidental Records","K.R. MCDONALD FAUNA RECORDS","01-12-2009",,"01-12-2009","Running Creek Nature Refuge",-14.246098,143.678341,"GDA2020",50,1,"A",,"C",0
5680583,,"Animalia","Chordata","Mammalia","Carnivora","Canidae","Canis familiaris","dog",1067,"Linnaeus, 1758",,,False,"II","Incidental Records","Fraser Island Incidental Records","26-12-2009",,"26-12-2009","Flinder's Sandblow, Sandy Cape, Fraser Island",-24.716576,153.211040,"GDA2020",200,5,"A",,"C",0
5684807,,"Animalia","Chordata","Mammalia","Carnivora","Canidae","Canis familiaris","dog",1067,"Linnaeus, 1758",,,False,"II","Rod Hobson's wildlife data","Rod Hobson's incidental records","30-10-2009","30-10-2009","30-10-2009","Astrebla Downs National Park via Boulia, CWQ.",-24.117276,140.521998,"GDA2020",250,1,"A",,"C",0
5684895,,"Animalia","Chordata","Mammalia","Carnivora","Canidae","Canis familiaris","dog",1067,"Linnaeus, 1758",,,False,"II","Rod Hobson's wildlife data","Rod Hobson's incidental records","24-10-2009","28-10-2009","24-10-2009","Elizabeth Springs Conservation Park via Boulia, CWQ.",-23.333296,140.587468,"GDA2020",1000,,,,"C",0
4447789,"983339","Animalia","Chordata","Mammalia","Carnivora","Canidae","Canis familiaris","dog",1067,"Linnaeus, 1758",,,False,"II","Queensland Historical Fauna Database","Winkel (1997)","01-01-1996","31-12-1996","01-01-1996","Mt Julian site",-20.374154,148.605841,"GDA2020",300,,,,"U",0
4447788,"983338","Animalia","Chordata","Mammalia","Carnivora","Canidae","Canis familiaris","dog",1067,"Linnaeus, 1758",,,False,"II","Queensland Historical Fauna Database","Winkel (1997)","01-01-1996","31-12-1996","01-01-1996","Mt Lucas site",-20.334431,148.576674,"GDA2020",300,,,,"U",0
4448806,"984366","Animalia","Chordata","Mammalia","Carnivora","Canidae","Canis familiaris","dog",1067,"Linnaeus, 1758",,,False,"II","Queensland Historical Fauna Database","URS (2000)","01-07-2000","31-07-2000","01-07-2000","Site U4, Hay Point",-21.302487,149.291396,"GDA2020",300,,,,"U",0
4448807,"984367","Animalia","Chordata","Mammalia","Carnivora","Canidae","Canis familiaris","dog",1067,"Linnaeus, 1758",,,False,"II","Queensland Historical Fauna Database","URS (2000)","01-07-2000","31-07-2000","01-07-2000","Site U7, Hay Point",-21.309431,149.292785,"GDA2020",300,,,,"U",0
4785986,,"Animalia","Chordata","Mammalia","Carnivora","Canidae","Canis familiaris","dog",1067,"Linnaeus, 1758",,,False,"II","Moggill QPWS fauna data","Bingera National Park fauna survey","28-03-2007","28-03-2007","28-03-2007","Five kilometres northwest of Cordalba in Cordalba State Forest via Phillips Rd Southwest of Bundaberg in SEQ",-25.033541,152.332654,"GDA2020",100,1,"E",,"C",0
4786145,,"Animalia","Chordata","Mammalia","Carnivora","Canidae","Canis familiaris","dog",1067,"Linnaeus, 1758",,,False,"II","Moggill QPWS fauna data","Bingera National Park fauna survey","30-03-2007",,"30-03-2007","On track drainage line south east of site 2 Bingera National Park",-25.000552,152.295484,"GDA2020",100,2,"A",,"C",0
5701346,,"Animalia","Chordata","Mammalia","Carnivora","Canidae","Canis familiaris","dog",1067,"Linnaeus, 1758",,,False,"II","Incidental Records","Western Rivers Incidental Sightings","20-10-2008",,"20-10-2008","Lochern National Park",-24.086107,143.332577,"GDA2020",100,5,"A",,"C",0
5659056,,"Animalia","Chordata","Mammalia","Carnivora","Canidae","Canis familiaris","dog",1067,"Linnaeus, 1758",,,False,"II","Far Northern Threatened Species","Cape York Fauna","17-08-2003",,"17-08-2003","148 Edward River, Melon Yard area, river road",-14.684216,142.273020,"GDA2020",100,1,"A",,"C",0
5696075,"24572","Animalia","Chordata","Mammalia","Carnivora","Canidae","Canis familiaris","dog",1067,"Linnaeus, 1758",,,False,"II","Harry Hines fauna data","South-east Queensland frog survey and monitoring database","10-12-2006","10-12-2006","10-12-2006","Morans Creek at the top of Morans Falls, Green Mountains section, Lamington National Park, south-east Queensland.",-28.232917,153.127467,"GDA2020",250,,,,"C",0
5696074,"25491","Animalia","Chordata","Mammalia","Carnivora","Canidae","Canis familiaris","dog",1067,"Linnaeus, 1758",,,False,"II","Harry Hines fauna data","South-east Queensland frog survey and monitoring database","29-01-2008","29-01-2008","29-01-2008","Head of north branch of Degalgil Creek, Kroombit Tops National Park, south-west of Gladstone, south-east Queensland.",-24.369386,151.032744,"GDA2020",250,1,"A",,"C",0
4448678,"984238","Animalia","Chordata","Mammalia","Carnivora","Canidae","Canis familiaris","dog",1067,"Linnaeus, 1758",,,False,"II","Queensland Historical Fauna Database","Dames & Moore (1996)","01-01-1996","31-01-1996","01-01-1996","Site 5, Hay Point area",-21.287209,149.292785,"GDA2020",300,,,,"U",0
5696076,"26626","Animalia","Chordata","Mammalia","Carnivora","Canidae","Canis familiaris","dog",1067,"Linnaeus, 1758",,,False,"II","Harry Hines fauna data","South-east Queensland frog survey and monitoring database","07-10-1997","07-10-1997","07-10-1997","Blue Pool Walking Track, between the Border Track and Blue Pool, Green Mountains Section, Lamington National Park, south-east Queensland.",-28.223430,153.137138,"GDA2020",1200,1,"A",,"C",0
5696077,"24018","Animalia","Chordata","Mammalia","Carnivora","Canidae","Canis familiaris","dog",1067,"Linnaeus, 1758",,,False,"II","Harry Hines fauna data","South-east Queensland frog survey and monitoring database","04-06-2007","04-06-2007","04-06-2007","Gap Creek West, about 1km west of Cunninghams Gap, Main Range National Park, south-east Queensland.",-28.049245,152.383451,"GDA2020",500,1,"A",,"C",0
5685663,,"Animalia","Chordata","Mammalia","Carnivora","Canidae","Canis familiaris","dog",1067,"Linnaeus, 1758",,,False,"II","Rod Hobson's wildlife data","Humboldt National Park Survey - Fauna","11-08-2009","13-08-2009","11-08-2009","Humboldt National Park (dam site 1)",-24.225347,148.966727,"GDA2020",50,1,"A",,"C",0
5740244,"16069","Animalia","Chordata","Mammalia","Carnivora","Canidae","Canis familiaris","dog",1067,"Linnaeus, 1758",,,False,"II","John W. Winter Database","Winter","10-10-2009","10-10-2009","10-10-2009","The Junction, Wild River, ""Wildside"" homestead",-17.540567,145.313998,"GDA2020",100,1,"A",,"C",0
5740648,"17564","Animalia","Chordata","Mammalia","Carnivora","Canidae","Canis familiaris","dog",1067,"Linnaeus, 1758",,,False,"II","John W. Winter Database","Winter","22-08-2010","22-08-2010","22-08-2010","Peninsula Developmental Road, 0.5 km SSW of Spear Creek",-16.043978,144.793077,"GDA2020",100,1,"A",,"C",0
5777003,"163","Animalia","Chordata","Mammalia","Carnivora","Canidae","Canis familiaris","dog",1067,"Linnaeus, 1758",,,False,"II","Incidental Records","QPWS Toowoomba Flora and Fauna records","27-07-1989","27-07-1989","27-07-1989","Mount Moffat Section, Carnarvon Nation Park",-25.021817,147.948519,"GDA2020",1000,,,,"C",0
5740694,"17803","Animalia","Chordata","Mammalia","Carnivora","Canidae","Canis familiaris","dog",1067,"Linnaeus, 1758",,,False,"II","John W. Winter Database","Winter","09-10-2010","09-10-2010","09-10-2010","Springvale Road, 3.9 km NNW of The Bluff",-17.444471,145.412790,"GDA2020",100,1,"A",,"C",0
5740698,"17811","Animalia","Chordata","Mammalia","Carnivora","Canidae","Canis familiaris","dog",1067,"Linnaeus, 1758",,,False,"II","John W. Winter Database","Winter","17-10-2010","17-10-2010","17-10-2010","The Junction, Silver Valley",-17.544867,145.308217,"GDA2020",100,1,"A",,"C",0
5822108,,"Animalia","Chordata","Mammalia","Carnivora","Canidae","Canis familiaris","dog",1067,"Linnaeus, 1758",,,False,"II","Incidental Records","Tina Ball Miscellaneous Data","23-08-2011","23-08-2011","23-08-2011","Burrenbring Station, adj Homevale National Park",-21.513234,148.644827,"GDA2020",100,1,"A",,"C",0
5822114,,"Animalia","Chordata","Mammalia","Carnivora","Canidae","Canis familiaris","dog",1067,"Linnaeus, 1758",,,False,"II","Incidental Records","Tina Ball Miscellaneous Data","23-08-2011","23-08-2011","23-08-2011","Burrenbring Station, adj Homevale National Park",-21.512137,148.648125,"GDA2020",100,1,"A",,"C",0
5822123,,"Animalia","Chordata","Mammalia","Carnivora","Canidae","Canis familiaris","dog",1067,"Linnaeus, 1758",,,False,"II","Incidental Records","Tina Ball Miscellaneous Data","23-08-2011","23-08-2011","23-08-2011","Burrenbring Station, adj Homevale National Park",-21.511988,148.643728,"GDA2020",100,1,"A",,"C",0
5822134,,"Animalia","Chordata","Mammalia","Carnivora","Canidae","Canis familiaris","dog",1067,"Linnaeus, 1758",,,False,"II","Incidental Records","Tina Ball Miscellaneous Data","23-08-2011","23-08-2011","23-08-2011","Burrenbring Station, adj Homevale National Park",-21.510586,148.641450,"GDA2020",100,1,"A",,"C",0
5822140,,"Animalia","Chordata","Mammalia","Carnivora","Canidae","Canis familiaris","dog",1067,"Linnaeus, 1758",,,False,"II","Incidental Records","Tina Ball Miscellaneous Data","02-08-2011","02-08-2011","02-08-2011","Homevale National Park",-21.518053,148.625323,"GDA2020",100,1,"A",,"C",0
5822147,,"Animalia","Chordata","Mammalia","Carnivora","Canidae","Canis familiaris","dog",1067,"Linnaeus, 1758",,,False,"II","Incidental Records","Tina Ball Miscellaneous Data","01-07-2011","01-07-2011","01-07-2011","Homevale National Park",-21.516282,148.626044,"GDA2020",100,1,"A",,"C",0
5822151,,"Animalia","Chordata","Mammalia","Carnivora","Canidae","Canis familiaris","dog",1067,"Linnaeus, 1758",,,False,"II","Incidental Records","Tina Ball Miscellaneous Data","01-07-2011","01-07-2011","01-07-2011","Homevale National Park",-21.515735,148.627989,"GDA2020",100,1,"A",,"C",0
5822159,,"Animalia","Chordata","Mammalia","Carnivora","Canidae","Canis familiaris","dog",1067,"Linnaeus, 1758",,,False,"II","Incidental Records","Tina Ball Miscellaneous Data","23-08-2011","23-08-2011","23-08-2011","Homevale National Park",-21.513740,148.647429,"GDA2020",100,1,"A",,"C",0
5822166,,"Animalia","Chordata","Mammalia","Carnivora","Canidae","Canis familiaris","dog",1067,"Linnaeus, 1758",,,False,"II","Incidental Records","Tina Ball Miscellaneous Data","23-08-2011","23-08-2011","23-08-2011","Homevale National Park",-21.513535,148.625562,"GDA2020",100,1,"A",,"C",0
5822173,,"Animalia","Chordata","Mammalia","Carnivora","Canidae","Canis familiaris","dog",1067,"Linnaeus, 1758",,,False,"II","Incidental Records","Tina Ball Miscellaneous Data","23-08-2011","23-08-2011","23-08-2011","Homevale National Park",-21.512944,148.629505,"GDA2020",100,1,"A",,"C",0
5822182,,"Animalia","Chordata","Mammalia","Carnivora","Canidae","Canis familiaris","dog",1067,"Linnaeus, 1758",,,False,"II","Incidental Records","Tina Ball Miscellaneous Data","23-08-2011","23-08-2011","23-08-2011","Homevale National Park",-21.512394,148.632204,"GDA2020",100,1,"A",,"C",0
5822188,,"Animalia","Chordata","Mammalia","Carnivora","Canidae","Canis familiaris","dog",1067,"Linnaeus, 1758",,,False,"II","Incidental Records","Tina Ball Miscellaneous Data","23-08-2011","23-08-2011","23-08-2011","Homevale National Park",-21.512199,148.636517,"GDA2020",100,1,"A",,"C",0
5822196,,"Animalia","Chordata","Mammalia","Carnivora","Canidae","Canis familiaris","dog",1067,"Linnaeus, 1758",,,False,"II","Incidental Records","Tina Ball Miscellaneous Data","02-08-2011","02-08-2011","02-08-2011","Homevale National Park",-21.512150,148.635452,"GDA2020",100,1,"A",,"C",0
5822207,,"Animalia","Chordata","Mammalia","Carnivora","Canidae","Canis familiaris","dog",1067,"Linnaeus, 1758",,,False,"II","Incidental Records","Tina Ball Miscellaneous Data","23-08-2011","23-08-2011","23-08-2011","Homevale National Park",-21.511182,148.638169,"GDA2020",100,1,"A",,"C",0
5822213,,"Animalia","Chordata","Mammalia","Carnivora","Canidae","Canis familiaris","dog",1067,"Linnaeus, 1758",,,False,"II","Incidental Records","Tina Ball Miscellaneous Data","23-08-2011","23-08-2011","23-08-2011","Homevale National Park",-21.510432,148.632221,"GDA2020",100,2,"A",,"C",0
5822221,,"Animalia","Chordata","Mammalia","Carnivora","Canidae","Canis familiaris","dog",1067,"Linnaeus, 1758",,,False,"II","Incidental Records","Tina Ball Miscellaneous Data","23-08-2011","23-08-2011","23-08-2011","Homevale National Park",-21.510379,148.640401,"GDA2020",100,1,"A",,"C",0
5740795,"18822","Animalia","Chordata","Mammalia","Carnivora","Canidae","Canis familiaris","dog",1067,"Linnaeus, 1758",,,False,"II","John W. Winter Database","Winter","10-11-2010","10-11-2010","10-11-2010","Peninsula Developmental Road, 18 km NW Hann River bridge",-15.091617,143.744180,"GDA2020",100,1,"A",,"C",0
5872378,,"Animalia","Chordata","Mammalia","Carnivora","Canidae","Canis familiaris","dog",1067,"Linnaeus, 1758",,,False,"II","Incidental Records","Tina Ball Miscellaneous Data","09-05-2012","09-05-2012","09-05-2012","Bouldercombe Gorge NP, Rockhampton",-23.628257,150.478890,"GDA2020",500,1,"A",,"C",0
5872410,,"Animalia","Chordata","Mammalia","Carnivora","Canidae","Canis familiaris","dog",1067,"Linnaeus, 1758",,,False,"II","Incidental Records","Tina Ball Miscellaneous Data","10-05-2012","07-06-2012","10-05-2012","Flat Top Range NP, Rockhampton",-23.394307,150.704131,"GDA2020",500,1,"A",,"C",0
5872420,,"Animalia","Chordata","Mammalia","Carnivora","Canidae","Canis familiaris","dog",1067,"Linnaeus, 1758",,,False,"II","Incidental Records","Tina Ball Miscellaneous Data","10-05-2012","07-06-2012","10-05-2012","Flat Top Range NP, Rockhampton",-23.384111,150.706810,"GDA2020",500,1,"A",,"C",0
5872439,,"Animalia","Chordata","Mammalia","Carnivora","Canidae","Canis familiaris","dog",1067,"Linnaeus, 1758",,,False,"II","Incidental Records","Tina Ball Miscellaneous Data","21-05-2012","25-05-2012","21-05-2012","Humboldt",-24.260653,148.985680,"GDA2020",500,1,"A",,"C",0
5872443,,"Animalia","Chordata","Mammalia","Carnivora","Canidae","Canis familiaris","dog",1067,"Linnaeus, 1758",,,False,"II","Incidental Records","Tina Ball Miscellaneous Data","21-05-2012","25-05-2012","21-05-2012","Humboldt",-24.231681,148.982848,"GDA2020",500,1,"A",,"C",0
5872448,,"Animalia","Chordata","Mammalia","Carnivora","Canidae","Canis familiaris","dog",1067,"Linnaeus, 1758",,,False,"II","Incidental Records","Tina Ball Miscellaneous Data","21-05-2012","25-05-2012","21-05-2012","Humboldt",-24.225160,148.967093,"GDA2020",500,1,"A",,"C",0
5872463,,"Animalia","Chordata","Mammalia","Carnivora","Canidae","Canis familiaris","dog",1067,"Linnaeus, 1758",,,False,"II","Incidental Records","Tina Ball Miscellaneous Data","21-05-2012","25-05-2012","21-05-2012","Humboldt",-24.224797,148.969283,"GDA2020",500,1,"A",,"C",0
4712295,"22555","Animalia","Chordata","Mammalia","Carnivora","Canidae","Canis familiaris","dog",1067,"Linnaeus, 1758",,,False,"II","Harry Hines fauna data","South-east Queensland frog survey and monitoring database","24-11-2005","24-11-2005","24-11-2005","Head of Madsen Creek, third tributary south of the Madsen/Degalgil watershed, Kroombit Tops National Park, south-west of Gladstone, south-east Queensland.",-24.408639,151.048651,"GDA2020",300,2,"A",,"C",0
5697160,,"Animalia","Chordata","Mammalia","Carnivora","Canidae","Canis familiaris","dog",1067,"Linnaeus, 1758",,,False,"II","Incidental Records","WildNet Incidental Records","02-02-2010",,"02-02-2010","48 Macrozamia Drive, Clagiraba",-27.977987,153.232406,"GDA2020",150,3,"A",,"U",0
5713873,,"Animalia","Chordata","Mammalia","Carnivora","Canidae","Canis familiaris","dog",1067,"Linnaeus, 1758",,,False,"II","Incidental Records","Ray Albress","29-05-2009",,"29-05-2009","McKell Road Powerline extension via Mt Hypipamee National Park",-17.457869,145.496459,"GDA2020",10,2,"A",,"C",0
5776777,"448","Animalia","Chordata","Mammalia","Carnivora","Canidae","Canis familiaris","dog",1067,"Linnaeus, 1758",,,False,"II","Incidental Records","QPWS Toowoomba Flora and Fauna records","17-07-1989","17-07-1989","17-07-1989","Carnarvon Gorge Section, Carnarvon National Park",-25.059635,148.233624,"GDA2020",1000,,,,"C",0
5822099,,"Animalia","Chordata","Mammalia","Carnivora","Canidae","Canis familiaris","dog",1067,"Linnaeus, 1758",,,False,"II","Incidental Records","Tina Ball Miscellaneous Data","01-07-2011","01-07-2011","01-07-2011","Burrenbring Station, adj Homevale National Park",-21.514169,148.645956,"GDA2020",100,1,"A",,"C",0
5872611,,"Animalia","Chordata","Mammalia","Carnivora","Canidae","Canis familiaris","dog",1067,"Linnaeus, 1758",,,False,"II","Incidental Records","Tina Ball Miscellaneous Data","10-05-2012","07-06-2012","10-05-2012","Mt Hopeful, Rockhampton",-23.742283,150.545242,"GDA2020",500,1,"A",,"C",0
5872614,,"Animalia","Chordata","Mammalia","Carnivora","Canidae","Canis familiaris","dog",1067,"Linnaeus, 1758",,,False,"II","Incidental Records","Tina Ball Miscellaneous Data","10-05-2012","07-06-2012","10-05-2012","Mt Hopeful, Rockhampton",-23.741224,150.536400,"GDA2020",500,1,"A",,"C",0
5872855,"99","Animalia","Chordata","Mammalia","Carnivora","Canidae","Canis familiaris","dog",1067,"Linnaeus, 1758",,,False,"II","Incidental Records","WildNet Incidental Records","06-02-2012","11-02-2012","06-02-2012","Condamine state forest, Lot 161 FTY 1867",-26.905737,150.306548,"GDA2020",50,2,"E",,"C",0
5740888,"15941","Animalia","Chordata","Mammalia","Carnivora","Canidae","Canis familiaris","dog",1067,"Linnaeus, 1758",,,False,"II","John W. Winter Database","Winter","24-09-2009","24-09-2009","24-09-2009","Blackbraes National Park, Gorge Creek Road",-19.574908,144.136128,"GDA2020",100,4,"A",,"C",0
4712439,"22709","Animalia","Chordata","Mammalia","Carnivora","Canidae","Canis familiaris","dog",1067,"Linnaeus, 1758",,,False,"II","Harry Hines fauna data","South-east Queensland frog survey and monitoring database","24-11-2005","24-11-2005","24-11-2005","Head of Madsen Creek, second tributary south of the Madsen/Degalgil watershed, Kroombit Tops National Park, south-west of Gladstone, south-east Queensland.",-24.406392,151.049425,"GDA2020",500,1,"A",,"C",0
5739852,"11748","Animalia","Chordata","Mammalia","Carnivora","Canidae","Canis familiaris","dog",1067,"Linnaeus, 1758",,,False,"II","John W. Winter Database","Winter/Quoll","16-04-2007","16-04-2007","16-04-2007","Mt Zero, Deception Creek Road",-19.076076,146.058001,"GDA2020",100,1,"A",,"C",0
5891405,"7121","Animalia","Chordata","Mammalia","Carnivora","Canidae","Canis familiaris","dog",1067,"Linnaeus, 1758",,,False,"II","John W. Winter Database","Winter/CYNHT","02-10-2002","02-10-2002","02-10-2002","Bypass/Bridge Creek access road",-11.221419,142.355602,"GDA2020",100,1,"A",,"C",0
5891437,"7183","Animalia","Chordata","Mammalia","Carnivora","Canidae","Canis familiaris","dog",1067,"Linnaeus, 1758",,,False,"II","John W. Winter Database","Winter/CYNHT","09-10-2002","09-10-2002","09-10-2002","Coen to Musgrave road, c. 1 km S Kendle River",-14.265334,143.297329,"GDA2020",100,1,"A",,"C",0
5891524,"7477","Animalia","Chordata","Mammalia","Carnivora","Canidae","Canis familiaris","dog",1067,"Linnaeus, 1758",,,False,"II","John W. Winter Database","Winter/CYNHT","02-09-2003","02-09-2003","02-09-2003","Peninsula Development Road, Coleman Plateau",-14.381592,143.358857,"GDA2020",100,1,"A",,"C",0
5891525,"7478","Animalia","Chordata","Mammalia","Carnivora","Canidae","Canis familiaris","dog",1067,"Linnaeus, 1758",,,False,"II","John W. Winter Database","Winter/CYNHT","02-09-2003","02-09-2003","02-09-2003","Cape York Development Road, Port Stewart turn-off",-14.085134,143.207244,"GDA2020",100,1,"A",,"C",0
5872561,,"Animalia","Chordata","Mammalia","Carnivora","Canidae","Canis familiaris","dog",1067,"Linnaeus, 1758",,,False,"II","Incidental Records","Tina Ball Miscellaneous Data","21-05-2012","25-05-2012","21-05-2012","Humboldt",-24.133542,148.917855,"GDA2020",500,1,"A",,"C",0
5801190,,"Animalia","Chordata","Mammalia","Carnivora","Canidae","Canis familiaris","dog",1067,"Linnaeus, 1758",,,False,"II","Incidental Records","Ray Albress","14-10-2010",,"14-10-2010","Rural No 1912 Malanda- Millaa Millaa Rd via Malanda Qld",-17.321876,145.596019,"GDA2020",100,4,"A",,"C",0
5891058,,"Animalia","Chordata","Mammalia","Carnivora","Canidae","Canis familiaris","dog",1067,"Linnaeus, 1758",,,False,"II","Far Northern Threatened Species","Cape York Fauna","20-05-2004",,"20-05-2004","Eric Yard, Rokeby EY13(5)",-13.615548,142.698901,"GDA2020",100,,,,"C",0
5891865,"9461","Animalia","Chordata","Mammalia","Carnivora","Canidae","Canis familiaris","dog",1067,"Linnaeus, 1758",,,False,"II","John W. Winter Database","Winter/QPWS","09-11-2005","09-11-2005","09-11-2005","Eric Yard, Rokeby Road",-13.606319,142.771753,"GDA2020",100,1,"A",,"C",0
5824301,,"Animalia","Chordata","Mammalia","Carnivora","Canidae","Canis familiaris","dog",1067,"Linnaeus, 1758",,,False,"II","Incidental Records","Rod Hobson Incidental Records","15-11-2011","15-11-2011","15-11-2011","Expedition National Park",-25.302612,149.075096,"GDA2020",500,,,,"C",0
5891094,,"Animalia","Chordata","Mammalia","Carnivora","Canidae","Canis familiaris","dog",1067,"Linnaeus, 1758",,,False,"II","Far Northern Threatened Species","Cape York Fauna","23-06-2004",,"23-06-2004","WP65, York Downs road, Horse Creek",-12.745790,142.275223,"GDA2020",100,1,"A",,"C",0
5960196,,"Animalia","Chordata","Mammalia","Carnivora","Canidae","Canis familiaris","dog",1067,"Linnaeus, 1758",,,False,"II","Incidental Records","Tina Ball Miscellaneous Data","10-07-2008","10-07-2008","10-07-2008","Cape Palmerston National Park",-21.536768,149.473187,"GDA2020",100,,,,"C",0
5872522,,"Animalia","Chordata","Mammalia","Carnivora","Canidae","Canis familiaris","dog",1067,"Linnaeus, 1758",,,False,"II","Incidental Records","Tina Ball Miscellaneous Data","21-05-2012","25-05-2012","21-05-2012","Humboldt",-24.177638,148.885328,"GDA2020",500,1,"A",,"C",0
5974885,,"Animalia","Chordata","Mammalia","Carnivora","Canidae","Canis familiaris","dog",1067,"Linnaeus, 1758",,,False,"II","Wetland Information Capture Project","Lake Hugh Muntz Management Plan","09-08-2007","10-08-2007","09-08-2007","Lake Hugh Muntz area",-28.051176,153.413564,"GDA2020",1500,,,,"U",0
5872531,,"Animalia","Chordata","Mammalia","Carnivora","Canidae","Canis familiaris","dog",1067,"Linnaeus, 1758",,,False,"II","Incidental Records","Tina Ball Miscellaneous Data","21-05-2012","25-05-2012","21-05-2012","Humboldt",-24.177433,148.918413,"GDA2020",500,1,"A",,"C",0
5976727,,"Animalia","Chordata","Mammalia","Carnivora","Canidae","Canis familiaris","dog",1067,"Linnaeus, 1758",,,False,"II","Rod Hobson's wildlife data","Rod Hobson's incidental records","17-04-2012","20-04-2012","17-04-2012","Tin Hut, Palmgrove National Park [Scientific], CQ.",-24.930007,149.335697,"GDA2020",500,,,,"C",0
5891330,"6823","Animalia","Chordata","Mammalia","Carnivora","Canidae","Canis familiaris","dog",1067,"Linnaeus, 1758",,,False,"II","John W. Winter Database","Winter/CYNHT","17-11-2002","17-11-2002","17-11-2002","Embley Range",-12.712257,142.607418,"GDA2020",100,1,"A",,"C",0
5977322,,"Animalia","Chordata","Mammalia","Carnivora","Canidae","Canis familiaris","dog",1067,"Linnaeus, 1758",,,False,"II","Rod Hobson's wildlife data","Rod Hobson's incidental records","14-06-2012",,"14-06-2012","Wondul Range National Park, Captains Mountain, SEQ.",-28.030817,151.006581,"GDA2020",500,,,,"C",0
5872554,,"Animalia","Chordata","Mammalia","Carnivora","Canidae","Canis familiaris","dog",1067,"Linnaeus, 1758",,,False,"II","Incidental Records","Tina Ball Miscellaneous Data","21-05-2012","25-05-2012","21-05-2012","Humboldt",-24.135272,148.928910,"GDA2020",500,1,"A",,"C",0
5986733,,"Animalia","Chordata","Mammalia","Carnivora","Canidae","Canis familiaris","dog",1067,"Linnaeus, 1758",,,False,"II","Incidental Records","Tina Ball Miscellaneous Data","21-02-2013","21-02-2013","21-02-2013","Cape Palmerston National Park",-21.536321,149.468625,"GDA2020",100,,,,"C",0
5872555,,"Animalia","Chordata","Mammalia","Carnivora","Canidae","Canis familiaris","dog",1067,"Linnaeus, 1758",,,False,"II","Incidental Records","Tina Ball Miscellaneous Data","21-05-2012","25-05-2012","21-05-2012","Humboldt",-24.135272,148.928910,"GDA2020",500,1,"A",,"C",0
5891591,"7574","Animalia","Chordata","Mammalia","Carnivora","Canidae","Canis familiaris","dog",1067,"Linnaeus, 1758",,,False,"II","John W. Winter Database","Winter/CYNHT","05-09-2003","05-09-2003","05-09-2003","Peninsula Development Road, just N Port Stewart turn-off",-14.150350,143.256837,"GDA2020",100,2,"A",,"C",0
5891646,"7758","Animalia","Chordata","Mammalia","Carnivora","Canidae","Canis familiaris","dog",1067,"Linnaeus, 1758",,,False,"II","John W. Winter Database","Winter","09-09-1996","09-09-1996","09-09-1996","Cape York Development Road, N of Coen",-13.914913,143.183330,"GDA2020",150,1,"A",,"C",0
5891905,"9507","Animalia","Chordata","Mammalia","Carnivora","Canidae","Canis familiaris","dog",1067,"Linnaeus, 1758",,,False,"II","John W. Winter Database","Winter/QPWS","12-11-2005","12-11-2005","12-11-2005","Eric Yard, Rokeby Road",-13.616691,142.747461,"GDA2020",100,1,"A",,"C",0
5976680,,"Animalia","Chordata","Mammalia","Carnivora","Canidae","Canis familiaris","dog",1067,"Linnaeus, 1758",,,False,"II","Rod Hobson's wildlife data","Rod Hobson's incidental records","17-04-2012","20-04-2012","17-04-2012","Palmgrove Creek, Palmgrove National Park [Scientific], CQ.",-24.920862,149.936129,"GDA2020",500,,,,"C",0
5977458,,"Animalia","Chordata","Mammalia","Carnivora","Canidae","Canis familiaris","dog",1067,"Linnaeus, 1758",,,False,"II","Rod Hobson's wildlife data","Rod Hobson's incidental records","17-07-2012",,"17-07-2012","Durikai State Forest via Leyburn, SEQ.",-28.344837,151.701086,"GDA2020",20,7,"A",,"C",0
5891674,"7788","Animalia","Chordata","Mammalia","Carnivora","Canidae","Canis familiaris","dog",1067,"Linnaeus, 1758",,,False,"II","John W. Winter Database","Winter","29-06-1997","29-06-1997","29-06-1997","Cape York Development Road, N of Coen",-13.896567,143.179586,"GDA2020",150,1,"A",,"C",0
5891877,"9478","Animalia","Chordata","Mammalia","Carnivora","Canidae","Canis familiaris","dog",1067,"Linnaeus, 1758",,,False,"II","John W. Winter Database","Winter/QPWS","12-11-2005","12-11-2005","12-11-2005","Eric Yard, Rokeby Road",-13.604776,142.775434,"GDA2020",100,1,"A",,"C",0
5973928,,"Animalia","Chordata","Mammalia","Carnivora","Canidae","Canis familiaris","dog",1067,"Linnaeus, 1758",,,False,"II","Incidental Records","Incidental Records A. B. Freeman","22-05-2013",,"22-05-2013","Upper Middle Gorge Boodjamulla NP true right",-18.706820,138.480508,"GDA2020",50,1,"A",,"C",0
5992763,,"Animalia","Chordata","Mammalia","Carnivora","Canidae","Canis familiaris","dog",1067,"Linnaeus, 1758",,,False,"II","Incidental Records","Rod Hobson Incidental Records","18-12-2013",,"18-12-2013","'Ridge Prospect', Hell Hole via Toowoomba, SEQ.",-27.657437,152.018166,"GDA2020",500,4,"A",,"C",0
6001215,"57","Animalia","Chordata","Mammalia","Carnivora","Canidae","Canis familiaris","dog",1067,"Linnaeus, 1758",,,False,"II","Rod Hobson's wildlife data","The Amphitheatre, Expedition NP survey","21-01-2014","21-01-2014","21-01-2014","Robinson Ck, Robinson Gorge Track, The Amphitheatre, Expedition NP",-25.297209,149.088062,"GDA2020",300,,,,"C",0
6088974,"321","Animalia","Chordata","Mammalia","Carnivora","Canidae","Canis familiaris","dog",1067,"Linnaeus, 1758",,,False,"II","Sunshine Coast Regional Council environmental reserve biodiversity assessments","Doonan Creek Environmental Reserve biodiversity surveys","01-03-2014","31-03-2014","01-03-2014","NE corner of Doonan Creek Environmental Reserve, Verrierdale, QLD.",-26.494011,153.058397,"GDA2020",10,,,,"V",0
6088975,"322","Animalia","Chordata","Mammalia","Carnivora","Canidae","Canis familiaris","dog",1067,"Linnaeus, 1758",,,False,"II","Sunshine Coast Regional Council environmental reserve biodiversity assessments","Doonan Creek Environmental Reserve biodiversity surveys","01-03-2014","31-03-2014","01-03-2014","NE corner of Doonan Creek Environmental Reserve, Verrierdale, QLD.",-26.494742,153.058849,"GDA2020",10,,,,"V",0
6088976,"323","Animalia","Chordata","Mammalia","Carnivora","Canidae","Canis familiaris","dog",1067,"Linnaeus, 1758",,,False,"II","Sunshine Coast Regional Council environmental reserve biodiversity assessments","Doonan Creek Environmental Reserve biodiversity surveys","01-12-2013","31-07-2014","01-12-2013","Centre N of Doonan Creek Environmental Reserve, Verrierdale, QLD.",-26.492741,153.049205,"GDA2020",10,,,,"V",0
6097747,,"Animalia","Chordata","Mammalia","Carnivora","Canidae","Canis familiaris","dog",1067,"Linnaeus, 1758",,,False,"II","Rowena Thomas fauna lists","Goomboorian National Park fauna survey March 2015","16-03-2015","27-03-2015","16-03-2015","Goomboorian National Park, Wilson's Pocket Rd",-26.151344,152.794442,"GDA2020",50,,,,"C",0
5977042,,"Animalia","Chordata","Mammalia","Carnivora","Canidae","Canis familiaris","dog",1067,"Linnaeus, 1758",,,False,"II","Rod Hobson's wildlife data","Rod Hobson's incidental records","23-04-2012","25-04-2012","23-04-2012","Seven Mile Creek, ""Coorada"" Section, Theodore State Forest, CQ.",-25.017797,149.394597,"GDA2020",500,,,,"C",0
6003669,,"Animalia","Chordata","Mammalia","Carnivora","Canidae","Canis familiaris","dog",1067,"Linnaeus, 1758",,,False,"II","Rod Hobson's wildlife data","Rod Hobson's incidental records","24-05-2014",,"24-05-2014","Sedgley Dam, Bringalily State Forest via Inglewood, SEQ.",-28.178257,151.062616,"GDA2020",50,,,,"C",0
6056995,"1","Animalia","Chordata","Mammalia","Carnivora","Canidae","Canis familiaris","dog",1067,"Linnaeus, 1758",,,False,"II","Incidental Records","Keith R. McDonalds Incidental Records","06-03-2015","06-03-2015","06-03-2015","Melody Rocks, Alkoomie Station",-15.618320,145.063619,"GDA2020",50,1,"A",,"V",0
6057000,"6","Animalia","Chordata","Mammalia","Carnivora","Canidae","Canis familiaris","dog",1067,"Linnaeus, 1758",,,False,"II","Incidental Records","Keith R. McDonalds Incidental Records","06-03-2015","06-03-2015","06-03-2015","Melody Rocks, Alkoomie Station",-15.616653,145.060841,"GDA2020",50,1,"A",,"V",0
6057636,"5","Animalia","Chordata","Mammalia","Carnivora","Canidae","Canis familiaris","dog",1067,"Linnaeus, 1758",,,False,"II","Incidental Records","Keith R. McDonalds Incidental Records","20-05-2015","20-05-2015","20-05-2015","Canyon Station, Black Soil dam",-18.537764,143.948063,"GDA2020",100,1,"A",,"C",0
6109361,"8537","Animalia","Chordata","Mammalia","Carnivora","Canidae","Canis familiaris","dog",1067,"Linnaeus, 1758",,,False,"II","John W. Winter Database","Winter","22-11-2004","22-11-2004","22-11-2004","The Junction, Silver Valley, ""Wildside"" drive",-17.535856,145.306155,"GDA2020",100,1,"A",,"V",0
6073102,,"Animalia","Chordata","Mammalia","Carnivora","Canidae","Canis familiaris","dog",1067,"Linnaeus, 1758",,,False,"II","Incidental Records","Mark Sanders Incidental fauna data","21-06-2011",,"21-06-2011","Smithburn River, Delta Downs Stn",-17.043166,141.272308,"GDA2020",100,,,,"C",0
6076386,,"Animalia","Chordata","Mammalia","Carnivora","Canidae","Canis familiaris","dog",1067,"Linnaeus, 1758",,,False,"II","Incidental Records","Mark Sanders Incidental fauna data","18-05-2012",,"18-05-2012","SW of Dysart",-22.717497,148.548797,"GDA2020",100,,,,"C",0
6080051,,"Animalia","Chordata","Mammalia","Carnivora","Canidae","Canis familiaris","dog",1067,"Linnaeus, 1758",,,False,"II","Incidental Records","Mark Sanders Incidental fauna data","21-05-2014",,"21-05-2014","Yarrabah",-17.001729,145.888359,"GDA2020",100,,,,"C",0
6108861,"4795","Animalia","Chordata","Mammalia","Carnivora","Canidae","Canis familiaris","dog",1067,"Linnaeus, 1758",,,False,"II","John W. Winter Database","Winter","01-05-1999","03-05-1999","01-05-1999","Minamoolka, 0.5 km ENE of homestead on edge of GW Swamp",-18.183656,145.122473,"GDA2020",250,,,,"V",0
6057849,,"Animalia","Chordata","Mammalia","Carnivora","Canidae","Canis familiaris","dog",1067,"Linnaeus, 1758",,,False,"II","Incidental Records","Terry Reis Incidental Records","12-05-2015","15-05-2015","12-05-2015","But 20 lagoon, Badu Island, Torres Strait",-10.140586,142.167508,"GDA2020",200,,,,"C",0
6088669,"11","Animalia","Chordata","Mammalia","Carnivora","Canidae","Canis familiaris","dog",1067,"Linnaeus, 1758",,,False,"II","Sunshine Coast Regional Council environmental reserve biodiversity assessments","Doonan Creek Environmental Reserve biodiversity surveys","02-12-2013","24-03-2014","02-12-2013","Doonan Ck tributary, near N boundary of Doonan Creek Environmental Reserve, Verrierdale, QLD.",-26.492804,153.050801,"GDA2020",150,,,,"C",0
6108824,"4696","Animalia","Chordata","Mammalia","Carnivora","Canidae","Canis familiaris","dog",1067,"Linnaeus, 1758",,,False,"II","John W. Winter Database","Winter","04-11-1998","07-11-1998","04-11-1998","Black Rock, 10.3 km ENE Mount Margaret",-19.078798,144.455058,"GDA2020",250,,,,"V",0
6110738,"13191","Animalia","Chordata","Mammalia","Carnivora","Canidae","Canis familiaris","dog",1067,"Linnaeus, 1758",,,False,"II","John W. Winter Database","Winter","18-08-2008","18-08-2008","18-08-2008","Silver Valley Road, Kiama Creek",-17.528513,145.296520,"GDA2020",100,1,"A",,"V",0
6109300,"8402","Animalia","Chordata","Mammalia","Carnivora","Canidae","Canis familiaris","dog",1067,"Linnaeus, 1758",,,False,"II","John W. Winter Database","Winter","22-10-2004","22-10-2004","22-10-2004","Silver Valley Road, Western Creek, upper crossing",-17.416519,145.341143,"GDA2020",100,1,"A",,"V",0
6111014,"17565","Animalia","Chordata","Mammalia","Carnivora","Canidae","Canis familiaris","dog",1067,"Linnaeus, 1758",,,False,"II","John W. Winter Database","Winter","24-08-2010","24-08-2010","24-08-2010","Hardwicke Creek, road crossing, 2.4 km E of Camp Hill",-15.531144,145.206285,"GDA2020",100,1,"A",,"V",0
6111015,"17566","Animalia","Chordata","Mammalia","Carnivora","Canidae","Canis familiaris","dog",1067,"Linnaeus, 1758",,,False,"II","John W. Winter Database","Winter","26-08-2010","26-08-2010","26-08-2010","Hardwicke Creek, road crossing, 2.4 km E of Camp Hill",-15.531144,145.206285,"GDA2020",100,1,"A",,"V",0
6111016,"17567","Animalia","Chordata","Mammalia","Carnivora","Canidae","Canis familiaris","dog",1067,"Linnaeus, 1758",,,False,"II","John W. Winter Database","Winter","24-08-2010","24-08-2010","24-08-2010","Esk River, 7.2 km WNW Archer Point",-15.578568,145.262390,"GDA2020",100,1,"A",,"V",0
6111454,"24699","Animalia","Chordata","Mammalia","Carnivora","Canidae","Canis familiaris","dog",1067,"Linnaeus, 1758",,,False,"II","John W. Winter Database","Winter","30-10-2015","30-10-2015","30-10-2015","Peninsula Development Road, 7 km direct line S of Coen",-14.009057,143.192396,"GDA2020",100,1,"A",,"V",0
6111458,"24705","Animalia","Chordata","Mammalia","Carnivora","Canidae","Canis familiaris","dog",1067,"Linnaeus, 1758",,,False,"II","John W. Winter Database","Winter","31-10-2015","31-10-2015","31-10-2015","Rokeby Road, Oyala Thumatang National Park",-13.615464,142.743510,"GDA2020",100,,,,"V",0
6320248,"25503","Animalia","Chordata","Mammalia","Carnivora","Canidae","Canis familiaris","dog",1067,"Linnaeus, 1758",,,False,"II","John W. Winter Database","Winter","13-05-2016","13-05-2016","13-05-2016","Gleeson",-19.549216,139.830386,"GDA2020",100,1,"A",,"V",0
6109379,"8582","Animalia","Chordata","Mammalia","Carnivora","Canidae","Canis familiaris","dog",1067,"Linnaeus, 1758",,,False,"II","John W. Winter Database","Winter","05-01-2005","05-01-2005","05-01-2005","The Junction, Silver Valley ""Wildside"" drive",-17.535717,145.306322,"GDA2020",150,2,"A",,"V",0
6109451,"8682","Animalia","Chordata","Mammalia","Carnivora","Canidae","Canis familiaris","dog",1067,"Linnaeus, 1758",,,False,"II","John W. Winter Database","Winter","27-05-2005","27-05-2005","27-05-2005","Silver Valley Road, Newelton",-17.467762,145.274264,"GDA2020",100,1,"A",,"V",0
6109605,"8871","Animalia","Chordata","Mammalia","Carnivora","Canidae","Canis familiaris","dog",1067,"Linnaeus, 1758",,,False,"II","John W. Winter Database","Winter","23-08-2005","23-08-2005","23-08-2005","Silver Valley Road, Slaughteryard Creek",-17.403480,145.363913,"GDA2020",100,3,"A",,"V",0
6110029,"10128","Animalia","Chordata","Mammalia","Carnivora","Canidae","Canis familiaris","dog",1067,"Linnaeus, 1758",,,False,"II","John W. Winter Database","Winter","24-11-2006","24-11-2006","24-11-2006","Mt Father Clancy",-17.600888,145.623793,"GDA2020",50,1,"A",,"V",0
6110487,"12573","Animalia","Chordata","Mammalia","Carnivora","Canidae","Canis familiaris","dog",1067,"Linnaeus, 1758",,,False,"II","John W. Winter Database","Winter","30-12-2007","30-12-2007","30-12-2007","Wairuna - Minnamoolka Road",-18.412656,145.337944,"GDA2020",100,1,"A",,"V",0
6110508,"12622","Animalia","Chordata","Mammalia","Carnivora","Canidae","Canis familiaris","dog",1067,"Linnaeus, 1758",,,False,"II","John W. Winter Database","Winter","30-11-1986","30-11-1986","30-11-1986","Taravale, Hellhole Creek ""Apple Tree Flat""",-19.145777,146.066363,"GDA2020",2000,1,"A",,"V",0
699298,"5550","Animalia","Chordata","Mammalia","Carnivora","Canidae","Canis familiaris (dingo)","dingo",1068,"Linnaeus, 1758",,,False,"QA","Southeast Region Fauna Database","SE_FAUNA","02-01-1992","02-01-1992","02-01-1992","HEADLAND REGION; NOOSA",-26.390060,153.105229,"GDA2020",300,,,,"U",0
699299,"5551","Animalia","Chordata","Mammalia","Carnivora","Canidae","Canis familiaris (dingo)","dingo",1068,"Linnaeus, 1758",,,False,"QA","Southeast Region Fauna Database","SE_FAUNA","02-01-1992","02-01-1992","02-01-1992","HEADLAND REGION; NOOSA",-26.390060,153.105229,"GDA2020",300,,,,"U",0
6109787,"9710","Animalia","Chordata","Mammalia","Carnivora","Canidae","Canis familiaris","dog",1067,"Linnaeus, 1758",,,False,"II","John W. Winter Database","Winter","24-09-2006","24-09-2006","24-09-2006","The Junction, Wild River, ""Wildside"" homestead",-17.540567,145.313998,"GDA2020",100,1,"A",,"V",0
6109963,"10047","Animalia","Chordata","Mammalia","Carnivora","Canidae","Canis familiaris","dog",1067,"Linnaeus, 1758",,,False,"II","John W. Winter Database","Winter","20-11-2006","20-11-2006","20-11-2006","Tully Falls Rd, Koolmoon Cr, Djilgarrin",-17.731337,145.540420,"GDA2020",50,1,"A",,"V",0
6320558,"25854","Animalia","Chordata","Mammalia","Carnivora","Canidae","Canis familiaris","dog",1067,"Linnaeus, 1758",,,False,"II","John W. Winter Database","Winter","13-06-2017","13-06-2017","13-06-2017","Peninsula Development Rd, 5 km S of Coen",-13.984806,143.185354,"GDA2020",100,1,"A",,"V",0
758228,,"Animalia","Chordata","Mammalia","Carnivora","Canidae","Canis familiaris (dingo)","dingo",1068,"Linnaeus, 1758",,,False,"QA","NatureSearch 1","NatureSearch Records","25-06-1992","25-06-1992","25-06-1992","Kilcoy-Jimna Road, creek on Jimna side of sawmill.",-26.756730,152.476075,"GDA2020",1300,,,,"C",0
6536607,,"Animalia","Chordata","Mammalia","Carnivora","Canidae","Canis familiaris","dog",1067,"Linnaeus, 1758",,,False,"II","Harry Hines fauna data","Harry Hines miscellaneous survey data","24-10-2015","24-10-2015","24-10-2015","Dam in the headwaters of Reedy Creek, near apiary site 13 (between apiary sites 3 and 10), northern section of Durikai State Forest, west of Warwick, SEQ.",-28.206182,151.633895,"GDA2020",250,1,"A",,"C",0
6110166,"10404","Animalia","Chordata","Mammalia","Carnivora","Canidae","Canis familiaris","dog",1067,"Linnaeus, 1758",,,False,"II","John W. Winter Database","Winter","17-12-2006","17-12-2006","17-12-2006","Peninsula Development Road, Bamboo Range",-14.608095,143.445233,"GDA2020",100,,,,"V",0
768966,,"Animalia","Chordata","Mammalia","Carnivora","Canidae","Canis familiaris (dingo)","dingo",1068,"Linnaeus, 1758",,,False,"QA","NatureSearch 1","NatureSearch Records","06-04-1992","06-04-1992","06-04-1992","No locality provided, Esk",-27.340063,152.426081,"GDA2020",1300,1,"A",,"C",0
6110882,"14557","Animalia","Chordata","Mammalia","Carnivora","Canidae","Canis familiaris","dog",1067,"Linnaeus, 1758",,,False,"II","John W. Winter Database","Winter","26-05-2009","26-05-2009","26-05-2009","Glen Garland, N of King T Swamp",-14.680817,143.262558,"GDA2020",100,,,,"V",0
6320557,"25880","Animalia","Chordata","Mammalia","Carnivora","Canidae","Canis familiaris","dog",1067,"Linnaeus, 1758",,,False,"II","John W. Winter Database","Winter","16-06-2017","16-06-2017","16-06-2017","Rokeby Road, Culliban Creek, Oyala Thumotang NP",-13.639922,142.816794,"GDA2020",50,1,"A",,"V",0
695488,"9896","Animalia","Chordata","Mammalia","Carnivora","Canidae","Canis familiaris (dingo)","dingo",1068,"Linnaeus, 1758",,,False,"QA","Southeast Region Fauna Database","SE_FAUNA","19-03-1991","19-03-1991","19-03-1991","Site 21; CONONDALE RANGE",-26.815341,152.510242,"GDA2020",150,1,"A",,"C",0
781415,,"Animalia","Chordata","Mammalia","Carnivora","Canidae","Canis familiaris (dingo)","dingo",1068,"Linnaeus, 1758",,,False,"QA","NatureSearch 1","NatureSearch Records","22-09-1992","24-10-1992","22-09-1992","No locality provided, Beaudesert",-27.940056,153.192740,"GDA2020",1300,2,"A",,"C",0
747470,,"Animalia","Chordata","Mammalia","Carnivora","Canidae","Canis familiaris (dingo)","dingo",1068,"Linnaeus, 1758",,,False,"QA","NatureSearch 1","NatureSearch Records","08-11-1991","08-11-1991","08-11-1991","O'Reilly's Rainforest Guesthouse, Lamington National Park",-28.223389,153.126077,"GDA2020",1300,1,"A",,"C",0
748283,,"Animalia","Chordata","Mammalia","Carnivora","Canidae","Canis familiaris (dingo)","dingo",1068,"Linnaeus, 1758",,,False,"QA","NatureSearch 1","NatureSearch Records","27-04-1992","27-04-1992","27-04-1992","No locality provided, Albert",-27.973389,153.242740,"GDA2020",1300,1,"A",,"C",0
765409,,"Animalia","Chordata","Mammalia","Carnivora","Canidae","Canis familiaris (dingo)","dingo",1068,"Linnaeus, 1758",,,False,"QA","NatureSearch 1","NatureSearch Records","20-05-1990","02-11-1991","20-05-1990","Postman's Track region of North Pine Dam",-27.256726,152.859407,"GDA2020",1300,,,,"C",0
695958,"9421","Animalia","Chordata","Mammalia","Carnivora","Canidae","Canis familiaris (dingo)","dingo",1068,"Linnaeus, 1758",,,False,"QA","Southeast Region Fauna Database","SE_FAUNA","20-02-1991","20-02-1991","20-02-1991","Site 4; CONONDALE RANGE",-26.640063,152.567739,"GDA2020",150,1,"A",,"C",0
765626,,"Animalia","Chordata","Mammalia","Carnivora","Canidae","Canis familiaris (dingo)","dingo",1068,"Linnaeus, 1758",,,False,"QA","NatureSearch 1","NatureSearch Records","20-05-1990","02-11-1991","20-05-1990","Postman's Track region of North Pine Dam",-27.240060,152.859406,"GDA2020",1300,,,,"C",0
773481,,"Animalia","Chordata","Mammalia","Carnivora","Canidae","Canis familiaris (dingo)","dingo",1068,"Linnaeus, 1758",,,False,"QA","NatureSearch 1","NatureSearch Records","10-05-1992","10-05-1992","10-05-1992","No locality provided, Albert",-27.823389,153.276071,"GDA2020",1300,1,"A",,"C",0
807291,,"Animalia","Chordata","Mammalia","Carnivora","Canidae","Canis familiaris (dingo)","dingo",1068,"Linnaeus, 1758",,,False,"QA","NatureSearch 1","NatureSearch Records","22-11-1992","26-11-1992","22-11-1992","No locality provided, Laidley",-27.723396,152.309420,"GDA2020",1300,1,"A",,"U",0
696254,"9128","Animalia","Chordata","Mammalia","Carnivora","Canidae","Canis familiaris (dingo)","dingo",1068,"Linnaeus, 1758",,,False,"QA","Southeast Region Fauna Database","SE_FAUNA","01-12-1994","01-12-1994","01-12-1994","MELALEUCA REGROW-ENCLOSED PINE;STANDING H2O-H2O TOLERANT SP; NARANGBA",-27.190059,152.917738,"GDA2020",2000,,,,"C",0
701138,"10563","Animalia","Chordata","Mammalia","Carnivora","Canidae","Canis familiaris (dingo)","dingo",1068,"Linnaeus, 1758",,,False,"QA","Southeast Region Fauna Database","SE_FAUNA","06-03-1991","06-03-1991","06-03-1991","Site 104; CONONDALE RANGE",-26.675897,152.516907,"GDA2020",200,1,"A",,"C",0
775588,,"Animalia","Chordata","Mammalia","Carnivora","Canidae","Canis familiaris (dingo)","dingo",1068,"Linnaeus, 1758",,,False,"QA","NatureSearch 1","NatureSearch Records","01-03-1992","31-03-1992","01-03-1992","1km off Upper Ormeau Road.",-27.806722,153.226072,"GDA2020",1300,1,"A",,"C",0
776851,,"Animalia","Chordata","Mammalia","Carnivora","Canidae","Canis familiaris (dingo)","dingo",1068,"Linnaeus, 1758",,,False,"QA","NatureSearch 1","NatureSearch Records","15-06-1992","16-06-1992","15-06-1992","Green Mountains camping ground, Lamington National Park",-28.223389,153.126077,"GDA2020",1300,3,"A",,"C",0
786750,,"Animalia","Chordata","Mammalia","Carnivora","Canidae","Canis familiaris (dingo)","dingo",1068,"Linnaeus, 1758",,,False,"QA","NatureSearch 1","NatureSearch Records","10-12-1992","10-12-1992","10-12-1992","No locality provided, Caloundra",-26.923393,152.992735,"GDA2020",1300,,,,"C",0
791448,,"Animalia","Chordata","Mammalia","Carnivora","Canidae","Canis familiaris (dingo)","dingo",1068,"Linnaeus, 1758",,,False,"QA","NatureSearch 1","NatureSearch Records","14-08-1992","14-08-1992","14-08-1992","'Kalimna' Por 25 Taylors Road, Townson",-27.856728,152.376086,"GDA2020",1300,,,,"C",0
823924,,"Animalia","Chordata","Mammalia","Carnivora","Canidae","Canis familiaris (dingo)","dingo",1068,"Linnaeus, 1758",,,False,"QA","NatureSearch 1","NatureSearch Records","01-10-1991","31-01-1992","01-10-1991","CSR Readymix Darlington Range.",-27.806722,153.226072,"GDA2020",1300,,,,"U",0
800192,,"Animalia","Chordata","Mammalia","Carnivora","Canidae","Canis familiaris (dingo)","dingo",1068,"Linnaeus, 1758",,,False,"QA","NatureSearch 1","NatureSearch Records","09-01-1993","09-01-1993","09-01-1993","No locality provided, Caloundra",-26.923393,152.976069,"GDA2020",1300,2,"A",,"U",0
803014,,"Animalia","Chordata","Mammalia","Carnivora","Canidae","Canis familiaris (dingo)","dingo",1068,"Linnaeus, 1758",,,False,"QA","NatureSearch 1","NatureSearch Records","14-01-1993","14-01-1993","14-01-1993","Property 'Gibbarnee' at Linville.",-26.606732,152.259410,"GDA2020",1300,1,"A",,"U",0
804765,,"Animalia","Chordata","Mammalia","Carnivora","Canidae","Canis familiaris (dingo)","dingo",1068,"Linnaeus, 1758",,,False,"QA","NatureSearch 1","NatureSearch Records","01-07-1992","14-07-1992","01-07-1992","North Tamborine near Joalah NP",-27.923389,153.192740,"GDA2020",1300,,,,"U",0
807086,,"Animalia","Chordata","Mammalia","Carnivora","Canidae","Canis familiaris (dingo)","dingo",1068,"Linnaeus, 1758",,,False,"QA","NatureSearch 1","NatureSearch Records","01-10-1992","01-01-1993","01-10-1992","No locality provided, Gatton",-27.756731,152.092758,"GDA2020",1300,5,"A",,"U",0
823882,,"Animalia","Chordata","Mammalia","Carnivora","Canidae","Canis familiaris (dingo)","dingo",1068,"Linnaeus, 1758",,,False,"QA","NatureSearch 1","NatureSearch Records","01-10-1991","31-01-1992","01-10-1991","CSR Readymix Darlington Range.",-27.806723,153.209406,"GDA2020",1300,,,,"U",0
826739,,"Animalia","Chordata","Mammalia","Carnivora","Canidae","Canis familiaris (dingo)","dingo",1068,"Linnaeus, 1758",,,False,"QA","NatureSearch 1","NatureSearch Records","01-09-1991","30-09-1991","01-09-1991","Mount Tamborine.",-27.923389,153.192740,"GDA2020",1300,2,"A",,"U",0
826810,,"Animalia","Chordata","Mammalia","Carnivora","Canidae","Canis familiaris (dingo)","dingo",1068,"Linnaeus, 1758",,,False,"QA","NatureSearch 1","NatureSearch Records","01-04-1991","30-04-1991","01-04-1991","Mount Tamborine.",-27.923389,153.192740,"GDA2020",1300,1,"A",,"U",0
826988,,"Animalia","Chordata","Mammalia","Carnivora","Canidae","Canis familiaris (dingo)","dingo",1068,"Linnaeus, 1758",,,False,"QA","NatureSearch 1","NatureSearch Records","11-12-1992","11-12-1992","11-12-1992","South-east section of Sheepstation Creek Environmental Park.",-27.140060,152.909405,"GDA2020",1300,1,"A",,"U",0
826995,,"Animalia","Chordata","Mammalia","Carnivora","Canidae","Canis familiaris (dingo)","dingo",1068,"Linnaeus, 1758",,,False,"QA","NatureSearch 1","NatureSearch Records","07-11-1992","07-11-1992","07-11-1992","No locality provided, Caboolture",-27.123393,152.909405,"GDA2020",1300,1,"A",,"U",0
807367,,"Animalia","Chordata","Mammalia","Carnivora","Canidae","Canis familiaris (dingo)","dingo",1068,"Linnaeus, 1758",,,False,"QA","NatureSearch 1","NatureSearch Records","03-12-1992","07-12-1992","03-12-1992","No locality provided, Laidley",-27.690063,152.309420,"GDA2020",1300,1,"A",,"U",0
816049,,"Animalia","Chordata","Mammalia","Carnivora","Canidae","Canis familiaris (dingo)","dingo",1068,"Linnaeus, 1758",,,False,"QA","NatureSearch 1","NatureSearch Records","01-07-1992","31-07-1992","01-07-1992","6 North St, Mt Tamborine - Tullawonga property and adjacent area",-27.923389,153.192740,"GDA2020",1300,,,,"U",0
821092,,"Animalia","Chordata","Mammalia","Carnivora","Canidae","Canis familiaris (dingo)","dingo",1068,"Linnaeus, 1758",,,False,"QA","NatureSearch 1","NatureSearch Records","12-01-1988","16-01-1988","12-01-1988","AREA AROUND MOUTHS OF KHOLO CK AND CAMERONS CK, MT CROSBY",-27.523392,152.842742,"GDA2020",1300,,,,"U",0
823519,,"Animalia","Chordata","Mammalia","Carnivora","Canidae","Canis familiaris (dingo)","dingo",1068,"Linnaeus, 1758",,,False,"QA","NatureSearch 1","NatureSearch Records","11-03-1993","22-03-1993","11-03-1993","No locality provided, Esk",-26.623399,152.276077,"GDA2020",1300,1,"A",,"U",0
823824,,"Animalia","Chordata","Mammalia","Carnivora","Canidae","Canis familiaris (dingo)","dingo",1068,"Linnaeus, 1758",,,False,"QA","NatureSearch 1","NatureSearch Records","01-10-1991","31-01-1992","01-10-1991","CSR Readymix Darlington Range.",-27.790056,153.209405,"GDA2020",1300,,,,"U",0
826823,,"Animalia","Chordata","Mammalia","Carnivora","Canidae","Canis familiaris (dingo)","dingo",1068,"Linnaeus, 1758",,,False,"QA","NatureSearch 1","NatureSearch Records","01-03-1991","31-03-1991","01-03-1991","North Street, North Tamborine",-27.923389,153.192740,"GDA2020",1300,1,"A",,"U",0
827070,,"Animalia","Chordata","Mammalia","Carnivora","Canidae","Canis familiaris (dingo)","dingo",1068,"Linnaeus, 1758",,,False,"QA","NatureSearch 1","NatureSearch Records","19-02-1992","19-02-1992","19-02-1992","North-east sector of Sheepstation Creek Environmental Park.",-27.123393,152.909405,"GDA2020",1300,2,"A",,"U",0
827072,,"Animalia","Chordata","Mammalia","Carnivora","Canidae","Canis familiaris (dingo)","dingo",1068,"Linnaeus, 1758",,,False,"QA","NatureSearch 1","NatureSearch Records","09-01-1992","09-01-1992","09-01-1992","Sheepstation Creek Environmental Park",-27.123393,152.892738,"GDA2020",1300,1,"A",,"U",0
827291,,"Animalia","Chordata","Mammalia","Carnivora","Canidae","Canis familiaris (dingo)","dingo",1068,"Linnaeus, 1758",,,False,"QA","NatureSearch 1","NatureSearch Records","01-08-1991","31-08-1991","01-08-1991","MT TAMBORINE",-27.923389,153.192740,"GDA2020",1300,2,"A",,"U",0
830727,,"Animalia","Chordata","Mammalia","Carnivora","Canidae","Canis familiaris (dingo)","dingo",1068,"Linnaeus, 1758",,,False,"QA","NatureSearch 1","NatureSearch Records","04-10-1992","04-10-1992","04-10-1992","Tooloona lookout, Border Track, Lamington N.P.",-28.259515,153.173395,"GDA2020",500,,,,"C",0
881155,,"Animalia","Chordata","Mammalia","Carnivora","Canidae","Canis familiaris (dingo)","dingo",1068,"Linnaeus, 1758",,,False,"QA","NatureSearch 1","NatureSearch Records","08-07-1993","21-08-1993","08-07-1993","No locality provided, Esk",-26.540066,152.226077,"GDA2020",1300,1,"A",,"U",0
881164,,"Animalia","Chordata","Mammalia","Carnivora","Canidae","Canis familiaris (dingo)","dingo",1068,"Linnaeus, 1758",,,False,"QA","NatureSearch 1","NatureSearch Records","01-07-1993","21-08-1993","01-07-1993","No locality provided, Esk",-26.573399,152.242744,"GDA2020",1300,1,"A",,"U",0
830838,,"Animalia","Chordata","Mammalia","Carnivora","Canidae","Canis familiaris (dingo)","dingo",1068,"Linnaeus, 1758",,,False,"QA","NatureSearch 1","NatureSearch Records","04-10-1992","04-10-1992","04-10-1992","Border track, 2km on the O'Reily's side of Mount Bithongabel.",-28.256722,153.159410,"GDA2020",500,1,"A",,"U",0
889901,,"Animalia","Chordata","Mammalia","Carnivora","Canidae","Canis familiaris (dingo)","dingo",1068,"Linnaeus, 1758",,,False,"QA","NatureSearch 1","NatureSearch Records","01-06-1992","30-06-1993","01-06-1992","No locality provided, Esk",-27.390061,152.559413,"GDA2020",1300,1,"A",,"U",0
834347,,"Animalia","Chordata","Mammalia","Carnivora","Canidae","Canis familiaris (dingo)","dingo",1068,"Linnaeus, 1758",,,False,"QA","NatureSearch 1","NatureSearch Records","01-03-1994","30-04-1994","01-03-1994","No locality provided, Esk",-26.573399,152.242744,"GDA2020",1300,2,"E",,"U",0
891249,,"Animalia","Chordata","Mammalia","Carnivora","Canidae","Canis familiaris (dingo)","dingo",1068,"Linnaeus, 1758",,,False,"QA","NatureSearch 1","NatureSearch Records","22-06-1992","11-08-1992","22-06-1992","little liverpool range.",-27.606728,152.542748,"GDA2020",1300,,,,"C",0
891302,,"Animalia","Chordata","Mammalia","Carnivora","Canidae","Canis familiaris (dingo)","dingo",1068,"Linnaeus, 1758",,,False,"QA","NatureSearch 1","NatureSearch Records","22-06-1992","11-08-1992","22-06-1992","perry's knob",-27.606727,152.609414,"GDA2020",1300,,,,"C",0
891351,,"Animalia","Chordata","Mammalia","Carnivora","Canidae","Canis familiaris (dingo)","dingo",1068,"Linnaeus, 1758",,,False,"QA","NatureSearch 1","NatureSearch Records","22-06-1992","11-08-1992","22-06-1992","perry's knob",-27.606727,152.592747,"GDA2020",1300,,,,"C",0
834348,,"Animalia","Chordata","Mammalia","Carnivora","Canidae","Canis familiaris (dingo)","dingo",1068,"Linnaeus, 1758",,,False,"QA","NatureSearch 1","NatureSearch Records","01-03-1994","30-04-1994","01-03-1994","No locality provided, Esk",-26.573399,152.242744,"GDA2020",1300,4,"A",,"U",0
834761,,"Animalia","Chordata","Mammalia","Carnivora","Canidae","Canis familiaris (dingo)","dingo",1068,"Linnaeus, 1758",,,False,"QA","NatureSearch 1","NatureSearch Records","03-03-1993","03-03-1993","03-03-1993","No locality provided, Beaudesert",-27.923389,153.192740,"GDA2020",1300,2,"A",,"U",0
869148,,"Animalia","Chordata","Mammalia","Carnivora","Canidae","Canis familiaris (dingo)","dingo",1068,"Linnaeus, 1758",,,False,"QA","NatureSearch 1","NatureSearch Records","16-05-1993","16-05-1993","16-05-1993","Withcott",-27.556731,152.042757,"GDA2020",1300,1,"A",,"U",0
858718,,"Animalia","Chordata","Mammalia","Carnivora","Canidae","Canis familiaris (dingo)","dingo",1068,"Linnaeus, 1758",,,False,"QA","NatureSearch 1","NatureSearch Records","30-06-1993","30-06-1993","30-06-1993","along canungra rd .5km towards canungna from bank creek(off coomera river)",-28.023389,153.192741,"GDA2020",1300,1,"A",,"U",0
868102,,"Animalia","Chordata","Mammalia","Carnivora","Canidae","Canis familiaris (dingo)","dingo",1068,"Linnaeus, 1758",,,False,"QA","NatureSearch 1","NatureSearch Records","01-01-1987","30-06-1993","01-01-1987","Wild Mountains, Lever's Plateau.",-28.306724,152.859416,"GDA2020",1300,,,,"U",0
895066,,"Animalia","Chordata","Mammalia","Carnivora","Canidae","Canis familiaris (dingo)","dingo",1068,"Linnaeus, 1758",,,False,"QA","NatureSearch 1","NatureSearch Records","02-12-1993","02-12-1993","02-12-1993","Mt Matheson trail - Spicers Gap Campgrounds - Morss Well Road",-28.073394,152.426088,"GDA2020",1300,1,"A",,"U",0
905307,,"Animalia","Chordata","Mammalia","Carnivora","Canidae","Canis familiaris (dingo)","dingo",1068,"Linnaeus, 1758",,,False,"QA","NatureSearch 1","NatureSearch Records","01-01-1982","31-12-1992","01-01-1982","No locality provided, Caloundra",-26.790062,152.759404,"GDA2020",1300,,,,"U",0
846786,,"Animalia","Chordata","Mammalia","Carnivora","Canidae","Canis familiaris (dingo)","dingo",1068,"Linnaeus, 1758",,,False,"QA","NatureSearch 1","NatureSearch Records","25-08-1987","09-09-1987","25-08-1987","2-4-6-8 NORTH ST, NORTH TAMBORINE, TAMBORINE MOUNTAINS",-27.923389,153.192740,"GDA2020",1300,1,"A",,"U",0
889400,,"Animalia","Chordata","Mammalia","Carnivora","Canidae","Canis familiaris (dingo)","dingo",1068,"Linnaeus, 1758",,,False,"QA","NatureSearch 1","NatureSearch Records","01-01-1993","09-11-1993","01-01-1993","No locality provided, Gatton",-27.590065,152.026091,"GDA2020",1300,59,"A",,"U",0
891192,,"Animalia","Chordata","Mammalia","Carnivora","Canidae","Canis familiaris (dingo)","dingo",1068,"Linnaeus, 1758",,,False,"QA","NatureSearch 1","NatureSearch Records","22-06-1992","11-08-1992","22-06-1992","little liverpool range.",-27.623394,152.526082,"GDA2020",1300,,,,"C",0
891710,,"Animalia","Chordata","Mammalia","Carnivora","Canidae","Canis familiaris (dingo)","dingo",1068,"Linnaeus, 1758",,,False,"QA","NatureSearch 1","NatureSearch Records","09-03-1993","23-04-1993","09-03-1993","Springfield Estate, Camira.",-27.690058,152.909409,"GDA2020",1300,,,,"U",0
894430,,"Animalia","Chordata","Mammalia","Carnivora","Canidae","Canis familiaris (dingo)","dingo",1068,"Linnaeus, 1758",,,False,"QA","NatureSearch 1","NatureSearch Records","09-03-1993","23-04-1993","09-03-1993","Springfield Estate, Camira.",-27.673392,152.909409,"GDA2020",1300,,,,"U",0
931216,,"Animalia","Chordata","Mammalia","Carnivora","Canidae","Canis familiaris (dingo)","dingo",1068,"Linnaeus, 1758",,,False,"QA","NatureSearch 1","NatureSearch Records","01-03-1993","01-03-1993","01-03-1993","No locality provided, Noosa",-26.456728,152.859400,"GDA2020",1300,1,"A",,"U",0
894815,,"Animalia","Chordata","Mammalia","Carnivora","Canidae","Canis familiaris (dingo)","dingo",1068,"Linnaeus, 1758",,,False,"QA","NatureSearch 1","NatureSearch Records","05-08-1993","05-08-1993","05-08-1993","No locality provided, Beaudesert",-27.856723,153.176073,"GDA2020",1300,1,"A",,"U",0
840571,,"Animalia","Chordata","Mammalia","Carnivora","Canidae","Canis familiaris (dingo)","dingo",1068,"Linnaeus, 1758",,,False,"QA","NatureSearch 1","NatureSearch Records","09-08-1991","31-08-1991","09-08-1991","No locality provided, Beaudesert",-27.923389,153.192740,"GDA2020",1300,1,"A",,"U",0
846700,,"Animalia","Chordata","Mammalia","Carnivora","Canidae","Canis familiaris (dingo)","dingo",1068,"Linnaeus, 1758",,,False,"QA","NatureSearch 1","NatureSearch Records","08-09-1987","31-08-1991","08-09-1987","2-4-6-8 NORTH ST, NORTH TAMBORINE, TAMBORINE MOUNTAINS",-27.923389,153.192740,"GDA2020",1300,2,"A",,"U",0
903663,,"Animalia","Chordata","Mammalia","Carnivora","Canidae","Canis familiaris (dingo)","dingo",1068,"Linnaeus, 1758",,,False,"QA","NatureSearch 1","NatureSearch Records","29-11-1993","14-12-1993","29-11-1993","Tent Hill Creek Road, Woodlands via Gatton",-27.623397,152.226087,"GDA2020",1300,1,"A",,"U",0
903681,,"Animalia","Chordata","Mammalia","Carnivora","Canidae","Canis familiaris (dingo)","dingo",1068,"Linnaeus, 1758",,,False,"QA","NatureSearch 1","NatureSearch Records","29-11-1993","14-12-1993","29-11-1993","Tent Hill Creek Road, Woodlands via Gatton",-27.623397,152.242754,"GDA2020",1300,,,,"U",0
924780,,"Animalia","Chordata","Mammalia","Carnivora","Canidae","Canis familiaris (dingo)","dingo",1068,"Linnaeus, 1758",,,False,"QA","NatureSearch 1","NatureSearch Records","22-06-1992","11-08-1992","22-06-1992","Mt. Marrow",-27.590060,152.626080,"GDA2020",1300,,,,"C",0
925549,,"Animalia","Chordata","Mammalia","Carnivora","Canidae","Canis familiaris (dingo)","dingo",1068,"Linnaeus, 1758",,,False,"QA","NatureSearch 1","NatureSearch Records","01-01-1986","31-01-1986","01-01-1986","AREA SURVEYED RANGED FROM BEECHMONT RD TO BACK CREEK",-28.123389,153.192742,"GDA2020",1300,,,,"U",0
944773,,"Animalia","Chordata","Mammalia","Carnivora","Canidae","Canis familiaris (dingo)","dingo",1068,"Linnaeus, 1758",,,False,"QA","NatureSearch 1","NatureSearch Records","01-01-1988","31-12-1993","01-01-1988","No locality provided, Maroochy",-26.556728,152.876067,"GDA2020",1300,1,"A",,"U",0
925597,,"Animalia","Chordata","Mammalia","Carnivora","Canidae","Canis familiaris (dingo)","dingo",1068,"Linnaeus, 1758",,,False,"QA","NatureSearch 1","NatureSearch Records","01-01-1986","31-01-1986","01-01-1986","AREA SURVEYED RANGED FROM BEECHMONT RD TO BACK CREEK",-28.123389,153.176076,"GDA2020",1300,,,,"U",0
931842,,"Animalia","Chordata","Mammalia","Carnivora","Canidae","Canis familiaris (dingo)","dingo",1068,"Linnaeus, 1758",,,False,"QA","NatureSearch 1","NatureSearch Records","08-01-1994","05-02-1994","08-01-1994","North-west of Mt Gibbarnee, scrub along Woombye Creek.",-26.540066,152.226077,"GDA2020",1300,3,"A",,"U",0
931975,,"Animalia","Chordata","Mammalia","Carnivora","Canidae","Canis familiaris (dingo)","dingo",1068,"Linnaeus, 1758",,,False,"QA","NatureSearch 1","NatureSearch Records","25-05-1993","25-05-1993","25-05-1993","No locality provided, Esk",-27.306727,152.709410,"GDA2020",1300,1,"A",,"U",0
935718,,"Animalia","Chordata","Mammalia","Carnivora","Canidae","Canis familiaris (dingo)","dingo",1068,"Linnaeus, 1758",,,False,"QA","NatureSearch 1","NatureSearch Records","09-03-1992","30-04-1992","09-03-1992","Hood's Dam, Helidon",-27.540064,152.109422,"GDA2020",1300,1,"A",,"U",0
981994,,"Animalia","Chordata","Mammalia","Carnivora","Canidae","Canis familiaris (dingo)","dingo",1068,"Linnaeus, 1758",,,False,"QA","NatureSearch 1","NatureSearch Records","01-01-1986","31-12-1992","01-01-1986","McKey Road, Crossdale",-27.206729,152.526078,"GDA2020",1300,,,,"U",0
942746,,"Animalia","Chordata","Mammalia","Carnivora","Canidae","Canis familiaris (dingo)","dingo",1068,"Linnaeus, 1758",,,False,"QA","NatureSearch 1","NatureSearch Records","19-01-1994","21-01-1994","19-01-1994","Levers Plateau",-28.306724,152.859416,"GDA2020",1300,2,"A",,"U",0
942883,,"Animalia","Chordata","Mammalia","Carnivora","Canidae","Canis familiaris (dingo)","dingo",1068,"Linnaeus, 1758",,,False,"QA","NatureSearch 1","NatureSearch Records","23-08-1993","26-08-1993","23-08-1993","VINEGAR HILL, SF 616, HELIDON HILLS",-27.473397,152.242752,"GDA2020",1300,1,"A",,"U",0
925573,,"Animalia","Chordata","Mammalia","Carnivora","Canidae","Canis familiaris (dingo)","dingo",1068,"Linnaeus, 1758",,,False,"QA","NatureSearch 1","NatureSearch Records","01-01-1986","31-01-1986","01-01-1986","AREA SURVEYED RANGED FROM BEECHMONT RD TO BACK CREEK",-28.106722,153.192742,"GDA2020",1300,,,,"U",0
930326,,"Animalia","Chordata","Mammalia","Carnivora","Canidae","Canis familiaris (dingo)","dingo",1068,"Linnaeus, 1758",,,False,"QA","NatureSearch 1","NatureSearch Records","22-03-1991","25-03-1991","22-03-1991","GLEN LOMOND-TOOWOOMBA/GATTON",-27.623399,151.976092,"GDA2020",1300,1,"A",,"U",0
978081,,"Animalia","Chordata","Mammalia","Carnivora","Canidae","Canis familiaris (dingo)","dingo",1068,"Linnaeus, 1758",,,False,"QA","NatureSearch 1","NatureSearch Records","06-05-1990","30-06-1990","06-05-1990","Hood's Dam, Helidon",-27.540064,152.109422,"GDA2020",1300,3,"A",,"U",0
934638,,"Animalia","Chordata","Mammalia","Carnivora","Canidae","Canis familiaris (dingo)","dingo",1068,"Linnaeus, 1758",,,False,"QA","NatureSearch 1","NatureSearch Records","01-07-1990","31-08-1990","01-07-1990","Sheep Station Creek, Helidon.",-27.506731,152.142754,"GDA2020",1300,1,"A",,"C",0
943865,,"Animalia","Chordata","Mammalia","Carnivora","Canidae","Canis familiaris (dingo)","dingo",1068,"Linnaeus, 1758",,,False,"QA","NatureSearch 1","NatureSearch Records","08-05-1994","08-05-1994","08-05-1994","Redwood Park, Toowoomba",-27.556732,151.992758,"GDA2020",1300,,,,"U",0
994232,,"Animalia","Chordata","Mammalia","Carnivora","Canidae","Canis familiaris (dingo)","dingo",1068,"Linnaeus, 1758",,,False,"QA","NatureSearch 1","NatureSearch Records","01-12-1992","31-01-1993","01-12-1992","No locality provided, Pine Rivers",-27.306727,152.759409,"GDA2020",1300,,,,"U",0
994244,,"Animalia","Chordata","Mammalia","Carnivora","Canidae","Canis familiaris (dingo)","dingo",1068,"Linnaeus, 1758",,,False,"QA","NatureSearch 1","NatureSearch Records","01-09-1992","30-11-1992","01-09-1992","No locality provided, Pine Rivers",-27.306727,152.759409,"GDA2020",1300,,,,"U",0
959223,,"Animalia","Chordata","Mammalia","Carnivora","Canidae","Canis familiaris (dingo)","dingo",1068,"Linnaeus, 1758",,,False,"QA","NatureSearch 1","NatureSearch Records","01-12-1993","01-10-1994","01-12-1993","Hay's Inlet",-27.256725,153.076070,"GDA2020",1300,1,"A",,"U",0
975366,,"Animalia","Chordata","Mammalia","Carnivora","Canidae","Canis familiaris (dingo)","dingo",1068,"Linnaeus, 1758",,,False,"QA","NatureSearch 1","NatureSearch Records","01-04-1993","30-04-1993","01-04-1993","No locality provided, Beaudesert",-27.923389,153.192740,"GDA2020",1300,1,"A",,"U",0
978542,,"Animalia","Chordata","Mammalia","Carnivora","Canidae","Canis familiaris (dingo)","dingo",1068,"Linnaeus, 1758",,,False,"QA","NatureSearch 1","NatureSearch Records","01-05-1993","31-05-1993","01-05-1993","LOT 16 VALDORA RD, VALDORA.",-26.523394,152.992732,"GDA2020",1300,1,"A",,"U",0
990321,,"Animalia","Chordata","Mammalia","Carnivora","Canidae","Canis familiaris (dingo)","dingo",1068,"Linnaeus, 1758",,,False,"QA","NatureSearch 1","NatureSearch Records","15-05-1993","16-05-1993","15-05-1993","3.5km from locked gate on Joyner's Ridge Rd, Mt Glorious.",-27.340060,152.742743,"GDA2020",1300,1,"A",,"U",0
998894,,"Animalia","Chordata","Mammalia","Carnivora","Canidae","Canis familiaris (dingo)","dingo",1068,"Linnaeus, 1758",,,False,"QA","NatureSearch 1","NatureSearch Records","20-03-1993","31-05-1993","20-03-1993","MOUNT GLORIOUS.",-27.306727,152.759409,"GDA2020",1300,,,,"U",0
990990,,"Animalia","Chordata","Mammalia","Carnivora","Canidae","Canis familiaris (dingo)","dingo",1068,"Linnaeus, 1758",,,False,"QA","NatureSearch 1","NatureSearch Records","01-03-1988","31-03-1988","01-03-1988","No locality provided, Beaudesert",-28.106722,153.192742,"GDA2020",1300,1,"A",,"U",0
990994,,"Animalia","Chordata","Mammalia","Carnivora","Canidae","Canis familiaris (dingo)","dingo",1068,"Linnaeus, 1758",,,False,"QA","NatureSearch 1","NatureSearch Records","01-03-1988","31-03-1988","01-03-1988","No locality provided, Beaudesert",-28.123389,153.192742,"GDA2020",1300,,,,"U",0
1044480,,"Animalia","Chordata","Mammalia","Carnivora","Canidae","Canis familiaris (dingo)","dingo",1068,"Linnaeus, 1758",,,False,"QA","NatureSearch 1","NatureSearch Records","01-01-1992","17-11-1992","01-01-1992","22 Jamaica Dve and surrounds, Deception Bay.",-27.173392,153.026070,"GDA2020",1300,,,,"U",0
990998,,"Animalia","Chordata","Mammalia","Carnivora","Canidae","Canis familiaris (dingo)","dingo",1068,"Linnaeus, 1758",,,False,"QA","NatureSearch 1","NatureSearch Records","01-03-1988","31-03-1988","01-03-1988","No locality provided, Beaudesert",-28.123389,153.176076,"GDA2020",1300,,,,"U",0
993282,,"Animalia","Chordata","Mammalia","Carnivora","Canidae","Canis familiaris (dingo)","dingo",1068,"Linnaeus, 1758",,,False,"QA","NatureSearch 1","NatureSearch Records","01-01-1994","31-01-1994","01-01-1994","No locality provided, Albert",-28.173388,153.192742,"GDA2020",1300,,,,"U",0
993883,,"Animalia","Chordata","Mammalia","Carnivora","Canidae","Canis familiaris (dingo)","dingo",1068,"Linnaeus, 1758",,,False,"QA","NatureSearch 1","NatureSearch Records","01-06-1992","31-10-1992","01-06-1992","ADARE HOMESTEAD, ADARE ROAD; VIA GATTON.",-27.540063,152.292752,"GDA2020",1300,1,"A",,"U",0
1005339,,"Animalia","Chordata","Mammalia","Carnivora","Canidae","Canis familiaris (dingo)","dingo",1068,"Linnaeus, 1758",,,False,"QA","NatureSearch 1","NatureSearch Records","25-06-1994","25-06-1994","25-06-1994","No locality provided, Pine Rivers",-27.306727,152.759409,"GDA2020",1300,1,"A",,"U",0
1045688,,"Animalia","Chordata","Mammalia","Carnivora","Canidae","Canis familiaris (dingo)","dingo",1068,"Linnaeus, 1758",,,False,"QA","NatureSearch 1","NatureSearch Records","01-09-1992","30-09-1992","01-09-1992","No locality provided, Boonah",-28.056726,152.676083,"GDA2020",1300,4,"A",,"U",0
995855,,"Animalia","Chordata","Mammalia","Carnivora","Canidae","Canis familiaris (dingo)","dingo",1068,"Linnaeus, 1758",,,False,"QA","NatureSearch 1","NatureSearch Records","01-02-1990","20-12-1993","01-02-1990","No locality provided, Albert",-28.190055,153.192742,"GDA2020",1300,,,,"U",0
995908,,"Animalia","Chordata","Mammalia","Carnivora","Canidae","Canis familiaris (dingo)","dingo",1068,"Linnaeus, 1758",,,False,"QA","NatureSearch 1","NatureSearch Records","01-02-1990","20-12-1993","01-02-1990","No locality provided, Beaudesert",-28.240055,153.192743,"GDA2020",1300,,,,"U",0
1047079,,"Animalia","Chordata","Mammalia","Carnivora","Canidae","Canis familiaris (dingo)","dingo",1068,"Linnaeus, 1758",,,False,"QA","NatureSearch 1","NatureSearch Records","01-01-1993","30-01-1993","01-01-1993","No locality provided, Boonah",-28.056726,152.676083,"GDA2020",1300,,,,"U",0
995917,,"Animalia","Chordata","Mammalia","Carnivora","Canidae","Canis familiaris (dingo)","dingo",1068,"Linnaeus, 1758",,,False,"QA","NatureSearch 1","NatureSearch Records","01-02-1990","20-12-1993","01-02-1990","No locality provided, Albert",-28.256722,153.209410,"GDA2020",1300,,,,"U",0
992955,,"Animalia","Chordata","Mammalia","Carnivora","Canidae","Canis familiaris (dingo)","dingo",1068,"Linnaeus, 1758",,,False,"QA","NatureSearch 1","NatureSearch Records","14-03-1994","14-03-1994","14-03-1994","No locality provided, Caboolture",-27.056724,153.192733,"GDA2020",1300,1,"A",,"U",0
1051631,,"Animalia","Chordata","Mammalia","Carnivora","Canidae","Canis familiaris (dingo)","dingo",1068,"Linnaeus, 1758",,,False,"QA","NatureSearch 1","NatureSearch Records","01-02-1993","28-02-1993","01-02-1993","No locality provided, Boonah",-28.056726,152.676083,"GDA2020",1300,,,,"U",0
996904,,"Animalia","Chordata","Mammalia","Carnivora","Canidae","Canis familiaris (dingo)","dingo",1068,"Linnaeus, 1758",,,False,"QA","NatureSearch 1","NatureSearch Records","11-05-1994","11-05-1994","11-05-1994","No locality provided, Caboolture",-27.073391,153.176067,"GDA2020",1300,2,"A",,"U",0
1051866,,"Animalia","Chordata","Mammalia","Carnivora","Canidae","Canis familiaris (dingo)","dingo",1068,"Linnaeus, 1758",,,False,"QA","NatureSearch 1","NatureSearch Records","01-10-1992","31-10-1992","01-10-1992","No locality provided, Boonah",-28.056726,152.676083,"GDA2020",1300,,,,"U",0
999022,,"Animalia","Chordata","Mammalia","Carnivora","Canidae","Canis familiaris (dingo)","dingo",1068,"Linnaeus, 1758",,,False,"QA","NatureSearch 1","NatureSearch Records","01-07-1994","01-07-1994","01-07-1994","No locality provided, Caboolture",-27.090058,153.176067,"GDA2020",1300,2,"A",,"U",0
1052225,,"Animalia","Chordata","Mammalia","Carnivora","Canidae","Canis familiaris (dingo)","dingo",1068,"Linnaeus, 1758",,,False,"QA","NatureSearch 1","NatureSearch Records","01-12-1992","31-12-1992","01-12-1992","No locality provided, Boonah",-28.056726,152.676083,"GDA2020",1300,,,,"U",0
1054055,,"Animalia","Chordata","Mammalia","Carnivora","Canidae","Canis familiaris (dingo)","dingo",1068,"Linnaeus, 1758",,,False,"QA","NatureSearch 1","NatureSearch Records","01-07-1993","31-07-1993","01-07-1993","No locality provided, Boonah",-28.056726,152.676083,"GDA2020",1300,,,,"U",0
1054338,,"Animalia","Chordata","Mammalia","Carnivora","Canidae","Canis familiaris (dingo)","dingo",1068,"Linnaeus, 1758",,,False,"QA","NatureSearch 1","NatureSearch Records","01-04-1993","30-04-1993","01-04-1993","No locality provided, Boonah",-28.056726,152.676083,"GDA2020",1300,,,,"U",0
1054491,,"Animalia","Chordata","Mammalia","Carnivora","Canidae","Canis familiaris (dingo)","dingo",1068,"Linnaeus, 1758",,,False,"QA","NatureSearch 1","NatureSearch Records","01-05-1993","31-05-1993","01-05-1993","No locality provided, Boonah",-28.056726,152.676083,"GDA2020",1300,,,,"U",0
1057681,,"Animalia","Chordata","Mammalia","Carnivora","Canidae","Canis familiaris (dingo)","dingo",1068,"Linnaeus, 1758",,,False,"QA","NatureSearch 1","NatureSearch Records","01-10-1993","31-10-1993","01-10-1993","No locality provided, Boonah",-28.056726,152.676083,"GDA2020",1300,,,,"U",0
1057845,,"Animalia","Chordata","Mammalia","Carnivora","Canidae","Canis familiaris (dingo)","dingo",1068,"Linnaeus, 1758",,,False,"QA","NatureSearch 1","NatureSearch Records","01-11-1993","30-11-1993","01-11-1993","No locality provided, Boonah",-28.056726,152.676083,"GDA2020",1300,,,,"U",0
1054178,,"Animalia","Chordata","Mammalia","Carnivora","Canidae","Canis familiaris (dingo)","dingo",1068,"Linnaeus, 1758",,,False,"QA","NatureSearch 1","NatureSearch Records","01-03-1993","31-03-1993","01-03-1993","No locality provided, Boonah",-28.056726,152.676083,"GDA2020",1300,,,,"U",0
1054660,,"Animalia","Chordata","Mammalia","Carnivora","Canidae","Canis familiaris (dingo)","dingo",1068,"Linnaeus, 1758",,,False,"QA","NatureSearch 1","NatureSearch Records","01-06-1993","30-06-1993","01-06-1993","No locality provided, Boonah",-28.056726,152.676083,"GDA2020",1300,,,,"U",0
1058016,,"Animalia","Chordata","Mammalia","Carnivora","Canidae","Canis familiaris (dingo)","dingo",1068,"Linnaeus, 1758",,,False,"QA","NatureSearch 1","NatureSearch Records","01-12-1993","31-12-1993","01-12-1993","No locality provided, Boonah",-28.056726,152.676083,"GDA2020",1300,,,,"U",0
1058161,,"Animalia","Chordata","Mammalia","Carnivora","Canidae","Canis familiaris (dingo)","dingo",1068,"Linnaeus, 1758",,,False,"QA","NatureSearch 1","NatureSearch Records","01-09-1993","30-09-1993","01-09-1993","No locality provided, Boonah",-28.056726,152.676083,"GDA2020",1300,,,,"U",0
1084551,,"Animalia","Chordata","Mammalia","Carnivora","Canidae","Canis familiaris (dingo)","dingo",1068,"Linnaeus, 1758",,,False,"QA","NatureSearch 1","NatureSearch Records","26-08-1992","28-08-1992","26-08-1992","along proposed highway N of Bells Creek",-26.840059,153.092733,"GDA2020",1300,,,,"U",0
1058331,,"Animalia","Chordata","Mammalia","Carnivora","Canidae","Canis familiaris (dingo)","dingo",1068,"Linnaeus, 1758",,,False,"QA","NatureSearch 1","NatureSearch Records","01-08-1993","31-08-1993","01-08-1993","No locality provided, Boonah",-28.056726,152.676083,"GDA2020",1300,,,,"U",0
1058506,,"Animalia","Chordata","Mammalia","Carnivora","Canidae","Canis familiaris (dingo)","dingo",1068,"Linnaeus, 1758",,,False,"QA","NatureSearch 1","NatureSearch Records","01-01-1994","31-01-1994","01-01-1994","No locality provided, Boonah",-28.056726,152.676083,"GDA2020",1300,5,"A",,"U",0
1061744,,"Animalia","Chordata","Mammalia","Carnivora","Canidae","Canis familiaris (dingo)","dingo",1068,"Linnaeus, 1758",,,False,"QA","NatureSearch 1","NatureSearch Records","01-10-1991","31-01-1992","01-10-1991","CSR Readymix Darlington Range.",-27.790056,153.226072,"GDA2020",1300,,,,"C",0
1066216,,"Animalia","Chordata","Mammalia","Carnivora","Canidae","Canis familiaris (dingo)","dingo",1068,"Linnaeus, 1758",,,False,"QA","NatureSearch 1","NatureSearch Records","01-11-1993","01-11-1993","01-11-1993","No locality provided, Caboolture",-26.940061,152.776072,"GDA2020",1300,1,"A",,"U",0
1067565,,"Animalia","Chordata","Mammalia","Carnivora","Canidae","Canis familiaris (dingo)","dingo",1068,"Linnaeus, 1758",,,False,"QA","NatureSearch 1","NatureSearch Records","16-06-1992","16-06-1992","16-06-1992","Bull Ant Spur, 2.9kms from O'Reilly's Rainforest Guesthouse on O'Reilly's-Canungra Road.",-28.206722,153.126077,"GDA2020",1300,,,,"C",0
1088272,,"Animalia","Chordata","Mammalia","Carnivora","Canidae","Canis familiaris (dingo)","dingo",1068,"Linnaeus, 1758",,,False,"QA","NatureSearch 1","NatureSearch Records","15-09-1993","17-09-1993","15-09-1993","upper section of Wombi Creek in SF329",-26.523399,152.226077,"GDA2020",1300,,,,"U",0
1092909,,"Animalia","Chordata","Mammalia","Carnivora","Canidae","Canis familiaris (dingo)","dingo",1068,"Linnaeus, 1758",,,False,"QA","NatureSearch 1","NatureSearch Records","10-06-1992","10-06-1992","10-06-1992","Proposed Gelatin Plant site at 'Sunny Hill', Bromelton on Logan River.",-28.023391,152.926079,"GDA2020",1300,,,,"U",0
1083459,,"Animalia","Chordata","Mammalia","Carnivora","Canidae","Canis familiaris (dingo)","dingo",1068,"Linnaeus, 1758",,,False,"QA","NatureSearch 1","NatureSearch Records","25-08-1993","27-08-1993","25-08-1993","West of Wallers Rd",-27.490064,152.209420,"GDA2020",1300,,,,"U",0
1067418,,"Animalia","Chordata","Mammalia","Carnivora","Canidae","Canis familiaris (dingo)","dingo",1068,"Linnaeus, 1758",,,False,"QA","NatureSearch 1","NatureSearch Records","16-06-1992","16-06-1992","16-06-1992","Castle Crag, Lamington National Park.",-28.240056,153.109411,"GDA2020",1300,,,,"C",0
1083725,,"Animalia","Chordata","Mammalia","Carnivora","Canidae","Canis familiaris (dingo)","dingo",1068,"Linnaeus, 1758",,,False,"QA","NatureSearch 1","NatureSearch Records","23-08-1993","27-08-1993","23-08-1993","Campsite, east of Vinegar Hill Rd, SF616 Helidon Hills",-27.473397,152.226086,"GDA2020",1300,1,"A",,"U",0
1084522,,"Animalia","Chordata","Mammalia","Carnivora","Canidae","Canis familiaris (dingo)","dingo",1068,"Linnaeus, 1758",,,False,"QA","NatureSearch 1","NatureSearch Records","26-08-1992","26-08-1992","26-08-1992","Bells Creek",-26.840059,153.092733,"GDA2020",1300,,,,"U",0
1086759,,"Animalia","Chordata","Mammalia","Carnivora","Canidae","Canis familiaris (dingo)","dingo",1068,"Linnaeus, 1758",,,False,"QA","NatureSearch 1","NatureSearch Records","24-11-1992","26-11-1992","24-11-1992","Woogaroo Crk Valley where road from White Rock comes down to meet it at a T junction",-27.706725,152.876077,"GDA2020",1300,1,"A",,"U",0
1088244,,"Animalia","Chordata","Mammalia","Carnivora","Canidae","Canis familiaris (dingo)","dingo",1068,"Linnaeus, 1758",,,False,"QA","NatureSearch 1","NatureSearch Records","15-09-1993","17-09-1993","15-09-1993","upper section of Wombi Creek in SF329",-26.540066,152.226077,"GDA2020",1300,2,"A",,"U",0
1092989,,"Animalia","Chordata","Mammalia","Carnivora","Canidae","Canis familiaris (dingo)","dingo",1068,"Linnaeus, 1758",,,False,"QA","NatureSearch 1","NatureSearch Records","10-06-1992","10-06-1992","10-06-1992","Proposed Gelatin Plant site at 'Sunny Hill', Bromelton on Logan River.",-28.023391,152.942745,"GDA2020",1300,,,,"U",0
1571294,,"Animalia","Chordata","Mammalia","Carnivora","Canidae","Canis familiaris (dingo)","dingo",1068,"Linnaeus, 1758",,,False,"QA","Integrated Biological Information System (IBIS)","General Check Lists                                         ","18-04-1995","18-04-1995","18-04-1995","Walla Weir",-25.065071,152.001067,"GDA2020",2000,,,,"U",0
1093069,,"Animalia","Chordata","Mammalia","Carnivora","Canidae","Canis familiaris (dingo)","dingo",1068,"Linnaeus, 1758",,,False,"QA","NatureSearch 1","NatureSearch Records","10-06-1992","10-06-1992","10-06-1992","Proposed Gelatin Plant site at 'Sunny Hill', Bromelton on Logan River.",-28.006724,152.926079,"GDA2020",1300,,,,"U",0
1078545,,"Animalia","Chordata","Mammalia","Carnivora","Canidae","Canis familiaris (dingo)","dingo",1068,"Linnaeus, 1758",,,False,"QA","NatureSearch 1","NatureSearch Records","22-10-1993","24-10-1993","22-10-1993","Maroon Dam and shores near Maroon Outdoor Education Centre",-28.173392,152.659418,"GDA2020",1300,2,"A",,"U",0
1098582,,"Animalia","Chordata","Mammalia","Carnivora","Canidae","Canis familiaris (dingo)","dingo",1068,"Linnaeus, 1758",,,False,"QA","NatureSearch 1","NatureSearch Records","17-01-1993","17-01-1993","17-01-1993","White Rock Region. Powerlines crossing Woogaroo Creek",-27.673392,152.909409,"GDA2020",1300,1,"A",,"U",0
1100888,,"Animalia","Chordata","Mammalia","Carnivora","Canidae","Canis familiaris (dingo)","dingo",1068,"Linnaeus, 1758",,,False,"QA","NatureSearch 1","NatureSearch Records","01-09-1993","01-09-1993","01-09-1993","Sheepstation Creek Environmental Park",-27.123393,152.892738,"GDA2020",1300,,,,"U",0
1101020,,"Animalia","Chordata","Mammalia","Carnivora","Canidae","Canis familiaris (dingo)","dingo",1068,"Linnaeus, 1758",,,False,"QA","NatureSearch 1","NatureSearch Records","01-09-1993","01-09-1993","01-09-1993","Sheepstation Creek Environmental Park",-27.123393,152.909405,"GDA2020",1300,,,,"U",0
1572550,,"Animalia","Chordata","Mammalia","Carnivora","Canidae","Canis familiaris (dingo)","dingo",1068,"Linnaeus, 1758",,,False,"QA","Integrated Biological Information System (IBIS)","General Check Lists                                         ","15-06-1996","15-06-1996","15-06-1996","Wongi waterholes",-25.248399,152.584392,"GDA2020",2000,1,"E",,"U",0
1572838,,"Animalia","Chordata","Mammalia","Carnivora","Canidae","Canis familiaris (dingo)","dingo",1068,"Linnaeus, 1758",,,False,"QA","Integrated Biological Information System (IBIS)","General Check Lists                                         ","08-02-1995","08-02-1995","08-02-1995","Epping Forest NP",-22.348431,146.701130,"GDA2020",20000,,,,"C",0
1573148,,"Animalia","Chordata","Mammalia","Carnivora","Canidae","Canis familiaris (dingo)","dingo",1068,"Linnaeus, 1758",,,False,"QA","Integrated Biological Information System (IBIS)","General Check Lists                                         ","01-10-1996","01-10-1996","01-10-1996","Theodore Area",-24.923958,150.030818,"GDA2020",500,2,"A",,"U",0
1101152,,"Animalia","Chordata","Mammalia","Carnivora","Canidae","Canis familiaris (dingo)","dingo",1068,"Linnaeus, 1758",,,False,"QA","NatureSearch 1","NatureSearch Records","01-09-1993","01-09-1993","01-09-1993","Sheepstation Creek Environmental Park",-27.140060,152.892738,"GDA2020",1300,,,,"U",0
1573566,,"Animalia","Chordata","Mammalia","Carnivora","Canidae","Canis familiaris (dingo)","dingo",1068,"Linnaeus, 1758",,,False,"QA","Integrated Biological Information System (IBIS)","General Check Lists                                         ","31-07-1987","31-07-1987","31-07-1987","Kroombit Tops - SF General",-24.397974,150.958857,"GDA2020",500,,,,"U",0
1106966,,"Animalia","Chordata","Mammalia","Carnivora","Canidae","Canis familiaris (dingo)","dingo",1068,"Linnaeus, 1758",,,False,"QA","NatureSearch 1","NatureSearch Records","19-09-1993","19-09-1993","19-09-1993","Verrierdale Rd.",-26.473393,153.026064,"GDA2020",1300,3,"A",,"U",0
1574247,,"Animalia","Chordata","Mammalia","Carnivora","Canidae","Canis familiaris (dingo)","dingo",1068,"Linnaeus, 1758",,,False,"QA","Integrated Biological Information System (IBIS)","General Check Lists                                         ","06-07-1998","06-07-1998","06-07-1998","Deepwater NP",-24.281739,151.917731,"GDA2020",20000,,,,"C",0
1563189,,"Animalia","Chordata","Mammalia","Carnivora","Canidae","Canis familiaris (dingo)","dingo",1068,"Linnaeus, 1758",,,False,"QA","Integrated Biological Information System (IBIS)","Off Park Site surveys for acquisitions                      ","04-11-1992","04-11-1992","04-11-1992","Netherleigh",-24.206741,151.331629,"GDA2020",500,,,,"C",0
1578608,,"Animalia","Chordata","Mammalia","Carnivora","Canidae","Canis familiaris (dingo)","dingo",1068,"Linnaeus, 1758",,,False,"QA","Integrated Biological Information System (IBIS)","National Park sites and projects within Central             ","08-11-1996","08-11-1996","08-11-1996","Byfield NP: The entire Byfield Coastal Area",-22.881743,150.751081,"GDA2020",20000,2,"A",,"C",0
1571006,,"Animalia","Chordata","Mammalia","Carnivora","Canidae","Canis familiaris (dingo)","dingo",1068,"Linnaeus, 1758",,,False,"QA","Integrated Biological Information System (IBIS)","General Check Lists                                         ","18-01-1995","18-01-1995","18-01-1995","Eli Creek - Dundowran site",-25.284154,152.799451,"GDA2020",3000,,,,"U",0
1571754,,"Animalia","Chordata","Mammalia","Carnivora","Canidae","Canis familiaris (dingo)","dingo",1068,"Linnaeus, 1758",,,False,"QA","Integrated Biological Information System (IBIS)","General Check Lists                                         ","01-10-1991","01-10-1991","01-10-1991","Drummond Range - Peakvale",-23.498428,147.284461,"GDA2020",2000,,,,"U",0
1101284,,"Animalia","Chordata","Mammalia","Carnivora","Canidae","Canis familiaris (dingo)","dingo",1068,"Linnaeus, 1758",,,False,"QA","NatureSearch 1","NatureSearch Records","01-09-1993","01-09-1993","01-09-1993","Sheepstation Creek Environmental Park",-27.140060,152.909405,"GDA2020",1300,,,,"U",0
1571946,,"Animalia","Chordata","Mammalia","Carnivora","Canidae","Canis familiaris (dingo)","dingo",1068,"Linnaeus, 1758",,,False,"QA","Integrated Biological Information System (IBIS)","General Check Lists                                         ","01-10-1991","01-10-1991","01-10-1991","Narrien Range vicinity - Cremorne",-22.881764,146.934461,"GDA2020",2000,,,,"U",0
1571992,,"Animalia","Chordata","Mammalia","Carnivora","Canidae","Canis familiaris (dingo)","dingo",1068,"Linnaeus, 1758",,,False,"QA","Integrated Biological Information System (IBIS)","General Check Lists                                         ","01-10-1991","01-10-1991","01-10-1991","Narrien Range vicinity - Cremorne southern section",-22.881764,146.934461,"GDA2020",2000,,,,"U",0
1573508,,"Animalia","Chordata","Mammalia","Carnivora","Canidae","Canis familiaris (dingo)","dingo",1068,"Linnaeus, 1758",,,False,"QA","Integrated Biological Information System (IBIS)","General Check Lists                                         ","01-01-1998","01-01-1998","01-01-1998","Narayen",-25.665074,150.834424,"GDA2020",20000,,,,"C",0
1571793,,"Animalia","Chordata","Mammalia","Carnivora","Canidae","Canis familiaris (dingo)","dingo",1068,"Linnaeus, 1758",,,False,"QA","Integrated Biological Information System (IBIS)","General Check Lists                                         ","01-10-1991","01-10-1991","01-10-1991","Drummond Range - Bogantungan",-23.498428,147.284461,"GDA2020",2000,,,,"U",0
1571847,,"Animalia","Chordata","Mammalia","Carnivora","Canidae","Canis familiaris (dingo)","dingo",1068,"Linnaeus, 1758",,,False,"QA","Integrated Biological Information System (IBIS)","General Check Lists                                         ","01-10-1991","01-10-1991","01-10-1991","Drummond Range - Pebbly Creek",-23.265097,146.884466,"GDA2020",2000,,,,"U",0
1579090,,"Animalia","Chordata","Mammalia","Carnivora","Canidae","Canis familiaris (dingo)","dingo",1068,"Linnaeus, 1758",,,False,"QA","Integrated Biological Information System (IBIS)","National Park sites and projects within Central             ","02-12-1998","02-12-1998","02-12-1998","Narrien Range NP: Creek line in block C - western boundary.",-22.943153,146.899185,"GDA2020",500,1,"E",,"C",0
1580259,,"Animalia","Chordata","Mammalia","Carnivora","Canidae","Canis familiaris (dingo)","dingo",1068,"Linnaeus, 1758",,,False,"QA","Integrated Biological Information System (IBIS)","Central Coast Wildlife Atlas - General                      ","08-06-1996","08-06-1996","08-06-1996","Cawarral - Coorooman Creek Rd.",-23.225077,150.696639,"GDA2020",500,4,"E",,"C",0
1579544,,"Animalia","Chordata","Mammalia","Carnivora","Canidae","Canis familiaris (dingo)","dingo",1068,"Linnaeus, 1758",,,False,"QA","Integrated Biological Information System (IBIS)","Central Coast Wildlife Atlas - Bundaberg                    ","29-10-1996","29-10-1996","29-10-1996","Cania Gorge NP",-24.642219,150.978036,"GDA2020",500,1,"A",,"C",0
1580210,,"Animalia","Chordata","Mammalia","Carnivora","Canidae","Canis familiaris (dingo)","dingo",1068,"Linnaeus, 1758",,,False,"QA","Integrated Biological Information System (IBIS)","Central Coast Wildlife Atlas - Fitzroy                      ","20-09-1996","20-09-1996","20-09-1996","Rundle Range (RR) NP",-23.683965,150.984689,"GDA2020",500,2,"A",,"C",0
1578969,,"Animalia","Chordata","Mammalia","Carnivora","Canidae","Canis familiaris (dingo)","dingo",1068,"Linnaeus, 1758",,,False,"QA","Integrated Biological Information System (IBIS)","National Park sites and projects within Central             ","04-12-1998","04-12-1998","04-12-1998","Narrien Range NP: Block C - western boundary",-22.927875,146.900851,"GDA2020",500,1,"E",,"C",0
1573712,,"Animalia","Chordata","Mammalia","Carnivora","Canidae","Canis familiaris (dingo)","dingo",1068,"Linnaeus, 1758",,,False,"QA","Integrated Biological Information System (IBIS)","General Check Lists                                         ","06-07-1998","06-07-1998","06-07-1998","Byfield NP",-22.881743,150.717748,"GDA2020",20000,,,,"C",0
1579028,,"Animalia","Chordata","Mammalia","Carnivora","Canidae","Canis familiaris (dingo)","dingo",1068,"Linnaeus, 1758",,,False,"QA","Integrated Biological Information System (IBIS)","National Park sites and projects within Central             ","01-12-1998","01-12-1998","01-12-1998","Narrien Range NP: Creek line southern block on western bounary.",-22.936098,146.899601,"GDA2020",500,1,"E",,"C",0
1580222,,"Animalia","Chordata","Mammalia","Carnivora","Canidae","Canis familiaris (dingo)","dingo",1068,"Linnaeus, 1758",,,False,"QA","Integrated Biological Information System (IBIS)","Central Coast Wildlife Atlas - Fitzroy                      ","01-02-1996","01-02-1996","01-02-1996","Rundle Range NP",-23.653965,150.962467,"GDA2020",500,2,"A",,"C",0
1580258,,"Animalia","Chordata","Mammalia","Carnivora","Canidae","Canis familiaris (dingo)","dingo",1068,"Linnaeus, 1758",,,False,"QA","Integrated Biological Information System (IBIS)","Central Coast Wildlife Atlas - General                      ","08-06-1996","08-06-1996","08-06-1996","Cawarral - Coorooman Creek Rd.",-23.225077,150.696639,"GDA2020",500,1,"E",,"C",0
1583401,,"Animalia","Chordata","Mammalia","Carnivora","Canidae","Canis familiaris (dingo)","dingo",1068,"Linnaeus, 1758",,,False,"QA","Integrated Biological Information System (IBIS)","General Check Lists                                         ","22-10-1993","22-10-1993","22-10-1993","Poona NP",-25.598397,152.831059,"GDA2020",2000,1,"A",,"U",0
1574465,,"Animalia","Chordata","Mammalia","Carnivora","Canidae","Canis familiaris (dingo)","dingo",1068,"Linnaeus, 1758",,,False,"QA","Integrated Biological Information System (IBIS)","General Check Lists                                         ","06-07-1998","06-07-1998","06-07-1998","Blackdown Tableland NP",-23.831745,149.084438,"GDA2020",20000,,,,"C",0
1585736,,"Animalia","Chordata","Mammalia","Carnivora","Canidae","Canis familiaris (dingo)","dingo",1068,"Linnaeus, 1758",,,False,"QA","Integrated Biological Information System (IBIS)","Central Coast Wildlife Atlas - Fitzroy                      ","24-07-1996","24-07-1996","24-07-1996","Epping Forest NP",-22.324856,146.690402,"GDA2020",500,2,"A",,"C",0
1578885,,"Animalia","Chordata","Mammalia","Carnivora","Canidae","Canis familiaris (dingo)","dingo",1068,"Linnaeus, 1758",,,False,"QA","Integrated Biological Information System (IBIS)","National Park sites and projects within Central             ","04-12-1998","04-12-1998","04-12-1998","Narrien Range NP: Western boundary",-22.889542,146.926685,"GDA2020",500,1,"A",,"C",0
1600989,"637205","Animalia","Chordata","Mammalia","Carnivora","Canidae","Canis familiaris (dingo)","dingo",1068,"Linnaeus, 1758",,,False,"QA","Queensland Historical Fauna Database","Kinhill (1999)","01-02-1999","28-02-1999","01-02-1999","Gravel Creek area, S of Aldoga",-23.898408,151.080243,"GDA2020",3600,,,,"U",0
1602082,"638299","Animalia","Chordata","Mammalia","Carnivora","Canidae","Canis familiaris (dingo)","dingo",1068,"Linnaeus, 1758",,,False,"QA","Queensland Historical Fauna Database","Gutteridge Haskins & Davey (1992)","01-01-1992","31-12-1992","01-01-1992","Little Liverpool Range NW of Rosewood",-27.606728,152.534415,"GDA2020",900,,,,"U",0
1578927,,"Animalia","Chordata","Mammalia","Carnivora","Canidae","Canis familiaris (dingo)","dingo",1068,"Linnaeus, 1758",,,False,"QA","Integrated Biological Information System (IBIS)","National Park sites and projects within Central             ","04-12-1998","04-12-1998","04-12-1998","Narrien Range NP: Western boundary",-22.884014,146.923657,"GDA2020",500,1,"E",,"C",0
1580846,,"Animalia","Chordata","Mammalia","Carnivora","Canidae","Canis familiaris (dingo)","dingo",1068,"Linnaeus, 1758",,,False,"QA","Integrated Biological Information System (IBIS)","Central Coast Wildlife Atlas - Great Sandy                  ","26-08-1994","26-08-1994","26-08-1994","Great Sandy NP - Fraser Island",-25.608117,153.076611,"GDA2020",500,1,"A",,"C",0
1606807,"643033","Animalia","Chordata","Mammalia","Carnivora","Canidae","Canis familiaris (dingo)","dingo",1068,"Linnaeus, 1758",,,False,"QA","Queensland Historical Fauna Database","Barden (1995)","01-09-1994","30-09-1994","01-09-1994","Sapling Pocket area, Brisbane River",-27.498393,152.726077,"GDA2020",1200,,,,"U",0
1581441,,"Animalia","Chordata","Mammalia","Carnivora","Canidae","Canis familiaris (dingo)","dingo",1068,"Linnaeus, 1758",,,False,"QA","Integrated Biological Information System (IBIS)","Central Coast Wildlife Atlas - Great Sandy                  ","22-11-1997","22-11-1997","22-11-1997","Great Sandy NP - Fraser Island",-25.511451,153.126332,"GDA2020",500,2,"A",,"C",0
1615630,"651860","Animalia","Chordata","Mammalia","Carnivora","Canidae","Canis familiaris (dingo)","dingo",1068,"Linnaeus, 1758",,,False,"QA","Queensland Historical Fauna Database","Holmes & Associates (1993)","01-01-1990","31-12-1990","01-01-1990","Goodna/Redbank Plains area",-27.640059,152.892743,"GDA2020",3600,,,,"U",0
1609001,"645230","Animalia","Chordata","Mammalia","Carnivora","Canidae","Canis familiaris (dingo)","dingo",1068,"Linnaeus, 1758",,,False,"QA","Queensland Historical Fauna Database","Barden (1995)","01-10-1994","31-10-1994","01-10-1994","Flinders View, Ripley",-27.657559,152.781911,"GDA2020",900,,,,"U",0
1618468,"654700","Animalia","Chordata","Mammalia","Carnivora","Canidae","Canis familiaris (dingo)","dingo",1068,"Linnaeus, 1758",,,False,"QA","Queensland Historical Fauna Database","Keilar Fox & McGhie (1994)","01-11-1993","30-11-1993","01-11-1993","Lot 10, Brittains Rd, Bellbird Park",-27.658114,152.883576,"GDA2020",450,,,,"U",0
1619332,"655564","Animalia","Chordata","Mammalia","Carnivora","Canidae","Canis familiaris (dingo)","dingo",1068,"Linnaeus, 1758",,,False,"QA","Queensland Historical Fauna Database","WBM Oceanics (1993)","01-02-1993","28-02-1993","01-02-1993","Wildlife corridor, Springfield development",-27.681725,152.909409,"GDA2020",2000,,,,"U",0
1615819,"652049","Animalia","Chordata","Mammalia","Carnivora","Canidae","Canis familiaris (dingo)","dingo",1068,"Linnaeus, 1758",,,False,"QA","Queensland Historical Fauna Database","WBM Oceanics (1992)","01-11-1991","30-11-1991","01-11-1991","CSR Readymix Lands, Upper Ormeau, Darlington Range",-27.798389,153.209405,"GDA2020",1800,,,,"U",0
1581720,,"Animalia","Chordata","Mammalia","Carnivora","Canidae","Canis familiaris (dingo)","dingo",1068,"Linnaeus, 1758",,,False,"QA","Integrated Biological Information System (IBIS)","Central Coast Wildlife Atlas - Rockhampton                  ","01-11-1996","01-11-1996","01-11-1996","Epping Forest NP",-22.377598,146.705296,"GDA2020",500,2,"A",,"C",0
2441863,"88288","Animalia","Chordata","Mammalia","Carnivora","Canidae","Canis familiaris (dingo)","dingo",1068,"Linnaeus, 1758",,,False,"QA","Queensland Historical Fauna Database","Woodall (1986)","10-12-1983","10-12-1983","10-12-1983","Kroombit Tops SF316",-24.352573,150.959412,"GDA2020",450,,,,"U",0
1582006,,"Animalia","Chordata","Mammalia","Carnivora","Canidae","Canis familiaris (dingo)","dingo",1068,"Linnaeus, 1758",,,False,"QA","Integrated Biological Information System (IBIS)","Central Coast Wildlife Atlas - Rockhampton                  ","29-04-1997","29-04-1997","29-04-1997","Burrum Coast NP - Woodgate",-25.127844,152.586615,"GDA2020",500,1,"E",,"C",0
2441995,"88425","Animalia","Chordata","Mammalia","Carnivora","Canidae","Canis familiaris (dingo)","dingo",1068,"Linnaeus, 1758",,,False,"QA","Queensland Historical Fauna Database","Kinhill Cameron McNamara (1992)","10-10-1990","10-10-1990","10-10-1990","Camerons Scrub nr Ipswich",-27.494227,152.726077,"GDA2020",900,,,,"U",0
2442421,"88890","Animalia","Chordata","Mammalia","Carnivora","Canidae","Canis familiaris (dingo)","dingo",1068,"Linnaeus, 1758",,,False,"QA","Queensland Historical Fauna Database","Parsons (1989)","01-01-1988","31-12-1988","01-01-1988","North Branch Rd, Maryvale",-28.010895,152.284423,"GDA2020",1100,,,,"U",0
2442497,"88966","Animalia","Chordata","Mammalia","Carnivora","Canidae","Canis familiaris (dingo)","dingo",1068,"Linnaeus, 1758",,,False,"QA","Queensland Historical Fauna Database","Mandala Pty Ltd (1989)","01-01-1988","31-12-1988","01-01-1988","Mandala-portion 50, nr Maryvale",-28.023395,152.284423,"GDA2020",900,,,,"U",0
1582029,,"Animalia","Chordata","Mammalia","Carnivora","Canidae","Canis familiaris (dingo)","dingo",1068,"Linnaeus, 1758",,,False,"QA","Integrated Biological Information System (IBIS)","Central Coast Wildlife Atlas - Rockhampton                  ","29-04-1997","29-04-1997","29-04-1997","Burrum Coast NP - Kinkuna",-25.045623,152.514948,"GDA2020",500,1,"A",,"C",0
1582531,,"Animalia","Chordata","Mammalia","Carnivora","Canidae","Canis familiaris (dingo)","dingo",1068,"Linnaeus, 1758",,,False,"QA","Integrated Biological Information System (IBIS)","Central Coast Wildlife Atlas - Rockhampton                  ","01-05-1996","01-05-1996","01-05-1996","Taunton NP",-23.491747,149.274990,"GDA2020",500,1,"A",,"C",0
1582719,,"Animalia","Chordata","Mammalia","Carnivora","Canidae","Canis familiaris (dingo)","dingo",1068,"Linnaeus, 1758",,,False,"QA","Integrated Biological Information System (IBIS)","Central Coast Wildlife Atlas - Rockhampton                  ","18-06-1996","18-06-1996","18-06-1996","Goodedulla National Park",-23.265079,149.751095,"GDA2020",500,1,"A",,"C",0
1584854,,"Animalia","Chordata","Mammalia","Carnivora","Canidae","Canis familiaris (dingo)","dingo",1068,"Linnaeus, 1758",,,False,"QA","Integrated Biological Information System (IBIS)","Central Coast Wildlife Atlas - Great Sandy                  ","07-10-1998","07-10-1998","07-10-1998","Great Sandy NP - Fraser Island",-25.490934,153.085629,"GDA2020",500,2,"A",,"C",0
2446546,"93699","Animalia","Chordata","Mammalia","Carnivora","Canidae","Canis familiaris (dingo)","dingo",1068,"Linnaeus, 1758",,,False,"QA","Queensland Historical Fauna Database","Nature Refuge Area Assessment","03-08-1992","03-08-1992","03-08-1992","Ranges Bridge Fauna Sanctuary",-27.115072,151.084434,"GDA2020",900,,,,"U",0
2446693,"93851","Animalia","Chordata","Mammalia","Carnivora","Canidae","Canis familiaris (dingo)","dingo",1068,"Linnaeus, 1758",,,False,"QA","Queensland Historical Fauna Database","Smith (1995)/ANSAR Environmental (1994)","18-07-1994","18-07-1994","18-07-1994","Moranbah North",-21.903982,147.992772,"GDA2020",4000,,,,"U",0
1599758,"635973","Animalia","Chordata","Mammalia","Carnivora","Canidae","Canis familiaris (dingo)","dingo",1068,"Linnaeus, 1758",,,False,"QA","Queensland Historical Fauna Database","Gutteridge Haskins & Davey (1992)","10-12-1991","10-12-1991","10-12-1991","'Sunny Hills', Josephville",-28.015891,152.930245,"GDA2020",900,,,,"U",0
1602534,"638751","Animalia","Chordata","Mammalia","Carnivora","Canidae","Canis familiaris (dingo)","dingo",1068,"Linnaeus, 1758",,,False,"QA","Queensland Historical Fauna Database","Gutteridge Haskins & Davey (1992)","01-01-1992","31-12-1992","01-01-1992","Perry's Knob N of Rosewood",-27.609227,152.596914,"GDA2020",450,,,,"U",0
2450285,"97954","Animalia","Chordata","Mammalia","Carnivora","Canidae","Canis familiaris (dingo)","dingo",1068,"Linnaeus, 1758",,,False,"QA","Queensland Historical Fauna Database","Hartley & Kikkawa (1994)","01-12-1993","31-12-1993","01-12-1993","Spicers Gap study area",-28.073394,152.396922,"GDA2020",1800,,,,"U",0
1602536,"638753","Animalia","Chordata","Mammalia","Carnivora","Canidae","Canis familiaris (dingo)","dingo",1068,"Linnaeus, 1758",,,False,"QA","Queensland Historical Fauna Database","Gutteridge Haskins & Davey (1992)","01-01-1992","31-12-1992","01-01-1992","Mt Marrow NE of Rosewood",-27.594227,152.621913,"GDA2020",450,,,,"U",0
2453658,"101746","Animalia","Chordata","Mammalia","Carnivora","Canidae","Canis familiaris (dingo)","dingo",1068,"Linnaeus, 1758",,,False,"QA","Queensland Historical Fauna Database","Watt (1993)","07-02-1992","07-02-1992","07-02-1992","Duck Ck Rd 3.5km NW junction, Lamington",-28.188111,153.094133,"GDA2020",300,,,,"U",0
1620390,"656622","Animalia","Chordata","Mammalia","Carnivora","Canidae","Canis familiaris (dingo)","dingo",1068,"Linnaeus, 1758",,,False,"QA","Queensland Historical Fauna Database","Environment Science & Services (1992)","01-11-1992","30-11-1992","01-11-1992","Aldoga site-Southern Boundary site",-23.860908,151.084409,"GDA2020",450,,,,"U",0
2444559,"91457","Animalia","Chordata","Mammalia","Carnivora","Canidae","Canis familiaris (dingo)","dingo",1068,"Linnaeus, 1758",,,False,"QA","Queensland Historical Fauna Database","Horsup et al. (1993)","01-01-1992","31-12-1992","01-01-1992","Bania SF54",-24.984516,151.498295,"GDA2020",450,,,,"U",0
2444673,"91582","Animalia","Chordata","Mammalia","Carnivora","Canidae","Canis familiaris (dingo)","dingo",1068,"Linnaeus, 1758",,,False,"QA","Queensland Historical Fauna Database","Horsup et al. (1993)","01-01-1992","31-12-1992","01-01-1992","Boogooramunya SF465",-25.848402,152.080239,"GDA2020",450,,,,"U",0
2457231,"105641","Animalia","Chordata","Mammalia","Carnivora","Canidae","Canis familiaris (dingo)","dingo",1068,"Linnaeus, 1758",,,False,"QA","Queensland Historical Fauna Database","Pulsford (1984)","10-08-1981","10-08-1981","10-08-1981","Wreck Rock",-24.315072,151.955230,"GDA2020",900,,,,"U",0
2457581,"106054","Animalia","Chordata","Mammalia","Carnivora","Canidae","Canis familiaris (dingo)","dingo",1068,"Linnaeus, 1758",,,False,"QA","Queensland Historical Fauna Database","Pulsford (1984)","02-06-1982","02-06-1982","02-06-1982","Pine Creek",-24.165074,151.696900,"GDA2020",900,,,,"U",0
2457582,"106055","Animalia","Chordata","Mammalia","Carnivora","Canidae","Canis familiaris (dingo)","dingo",1068,"Linnaeus, 1758",,,False,"QA","Queensland Historical Fauna Database","Pulsford (1984)","12-06-1982","12-06-1982","12-06-1982","Bindaree",-24.277573,151.671901,"GDA2020",1000,,,,"U",0
2459598,"109942","Animalia","Chordata","Mammalia","Carnivora","Canidae","Canis familiaris (dingo)","dingo",1068,"Linnaeus, 1758",,,False,"QA","Queensland Historical Fauna Database","DEH CO File 300804","01-01-1980","31-12-1980","01-01-1980","Springbrook, W 1/3 S on Repeater Stn Rd",-28.223388,153.259408,"GDA2020",900,,,,"U",0
2445073,"92045","Animalia","Chordata","Mammalia","Carnivora","Canidae","Canis familiaris (dingo)","dingo",1068,"Linnaeus, 1758",,,False,"QA","Queensland Historical Fauna Database","Horsup et al. (1993)","01-01-1992","31-12-1992","01-01-1992","Coominglah SF28",-24.898404,151.001080,"GDA2020",450,,,,"U",0
2441661,"88064","Animalia","Chordata","Mammalia","Carnivora","Canidae","Canis familiaris (dingo)","dingo",1068,"Linnaeus, 1758",,,False,"QA","Queensland Historical Fauna Database","Pringle (1983)","07-09-1983","07-09-1983","07-09-1983","Portion 150, Beerwah",-26.894227,152.896903,"GDA2020",900,,,,"U",0
2441888,"88313","Animalia","Chordata","Mammalia","Carnivora","Canidae","Canis familiaris (dingo)","dingo",1068,"Linnaeus, 1758",,,False,"QA","Queensland Historical Fauna Database","Woodall (1986)","10-12-1983","10-12-1983","10-12-1983","Kroombit Tops SF316",-24.356739,150.946912,"GDA2020",900,,,,"U",0
2445260,"92258","Animalia","Chordata","Mammalia","Carnivora","Canidae","Canis familiaris (dingo)","dingo",1068,"Linnaeus, 1758",,,False,"QA","Queensland Historical Fauna Database","Horsup et al. (1993)","01-01-1992","31-12-1992","01-01-1992","Goodnight Scrub NP",-25.234515,151.913569,"GDA2020",450,,,,"U",0
2446768,"93938","Animalia","Chordata","Mammalia","Carnivora","Canidae","Canis familiaris (dingo)","dingo",1068,"Linnaeus, 1758",,,False,"QA","Queensland Historical Fauna Database","Grimshaw (1991)","24-07-1991","24-07-1991","24-07-1991","SF 11, Chesterton Range-Angellala Ck",-26.102593,147.192819,"GDA2020",7000,,,,"U",0
2447569,"94952","Animalia","Chordata","Mammalia","Carnivora","Canidae","Canis familiaris (dingo)","dingo",1068,"Linnaeus, 1758",,,False,"QA","Queensland Historical Fauna Database","Pulsford (1981)","01-01-1981","31-01-1981","01-01-1981","Goodnight Scrub, 28km NW of Biggenden",-25.281737,151.913570,"GDA2020",8000,,,,"U",0
2450382,"98072","Animalia","Chordata","Mammalia","Carnivora","Canidae","Canis familiaris (dingo)","dingo",1068,"Linnaeus, 1758",,,False,"QA","Queensland Historical Fauna Database","Hartley & Kikkawa (1994)","01-12-1993","31-12-1993","01-12-1993","Near Moss's Well, Spicers Gap",-28.077561,152.421921,"GDA2020",450,,,,"U",0
2579301,"487347","Animalia","Chordata","Mammalia","Carnivora","Canidae","Canis familiaris (dingo)","dingo",1068,"Linnaeus, 1758",,,False,"QA","Queensland Historical Fauna Database","Ford et al. (1995)","01-11-1995","30-11-1995","01-11-1995","Paradise Mountain (north)",-27.713953,152.169145,"GDA2020",900,,,,"U",0
2632435,"124745","Animalia","Chordata","Mammalia","Carnivora","Canidae","Canis familiaris (dingo)","dingo",1068,"Linnaeus, 1758",,,False,"QA","Queensland Historical Fauna Database","Hannah (1994b)","07-04-1994","07-04-1994","07-04-1994","Twin Plantation Area, SF589",-26.965060,152.888570,"GDA2020",1800,,,,"U",0
2632590,"124910","Animalia","Chordata","Mammalia","Carnivora","Canidae","Canis familiaris (dingo)","dingo",1068,"Linnaeus, 1758",,,False,"QA","Queensland Historical Fauna Database","Schulz (1994)","21-05-1994","21-05-1994","21-05-1994","Fw WPZ >50m wide, Beerburrum SF611",-26.931726,152.992735,"GDA2020",7000,,,,"U",0
2632701,"125025","Animalia","Chordata","Mammalia","Carnivora","Canidae","Canis familiaris (dingo)","dingo",1068,"Linnaeus, 1758",,,False,"QA","Queensland Historical Fauna Database","Schulz (1994)","21-05-1994","21-05-1994","21-05-1994","Tidal WPZ, >50m wide, Beerburrum SF611",-26.906726,153.038568,"GDA2020",2500,,,,"U",0
2632763,"125091","Animalia","Chordata","Mammalia","Carnivora","Canidae","Canis familiaris (dingo)","dingo",1068,"Linnaeus, 1758",,,False,"QA","Queensland Historical Fauna Database","Schulz (1994)","21-05-1994","21-05-1994","21-05-1994","Fw WPZ <50m wide, Beerburrum SF611",-26.940060,152.980235,"GDA2020",4500,,,,"U",0
2632828,"125157","Animalia","Chordata","Mammalia","Carnivora","Canidae","Canis familiaris (dingo)","dingo",1068,"Linnaeus, 1758",,,False,"QA","Queensland Historical Fauna Database","Schulz (1994)","21-05-1994","21-05-1994","21-05-1994","Pine plantation, Beerburrum SF611",-26.935893,153.001068,"GDA2020",7000,,,,"U",0
2634358,"126731","Animalia","Chordata","Mammalia","Carnivora","Canidae","Canis familiaris (dingo)","dingo",1068,"Linnaeus, 1758",,,False,"QA","Queensland Historical Fauna Database","Schulz (1994)","01-03-1994","31-03-1994","01-03-1994","Kroombit Tops SF316",-24.381739,150.951079,"GDA2020",13500,,,,"U",0
2456060,"104400","Animalia","Chordata","Mammalia","Carnivora","Canidae","Canis familiaris (dingo)","dingo",1068,"Linnaeus, 1758",,,False,"QA","Queensland Historical Fauna Database","Pulsford (1984)","07-02-1982","07-02-1982","07-02-1982","Eurimbula NP-Middle Creek",-24.152573,151.780232,"GDA2020",3000,,,,"U",0
2456341,"104708","Animalia","Chordata","Mammalia","Carnivora","Canidae","Canis familiaris (dingo)","dingo",1068,"Linnaeus, 1758",,,False,"QA","Queensland Historical Fauna Database","Pulsford (1984)","05-11-1981","05-11-1981","05-11-1981","Bindaree",-24.265074,151.655235,"GDA2020",1800,,,,"U",0
2456920,"105318","Animalia","Chordata","Mammalia","Carnivora","Canidae","Canis familiaris (dingo)","dingo",1068,"Linnaeus, 1758",,,False,"QA","Queensland Historical Fauna Database","Pulsford (1984)","09-01-1983","09-01-1983","09-01-1983","Pine-Worthington Creek area",-24.144240,151.701066,"GDA2020",1500,,,,"U",0
2644690,"137184","Animalia","Chordata","Mammalia","Carnivora","Canidae","Canis familiaris (dingo)","dingo",1068,"Linnaeus, 1758",,,False,"QA","Queensland Historical Fauna Database","Ison Environmental Planners (1991)","24-04-1991","24-04-1991","24-04-1991","Yandan mine site, Suttor R",-21.281761,146.992787,"GDA2020",3000,,,,"U",0
2645716,"138255","Animalia","Chordata","Mammalia","Carnivora","Canidae","Canis familiaris (dingo)","dingo",1068,"Linnaeus, 1758",,,False,"QA","Queensland Historical Fauna Database","Wallis (1991)","01-01-1991","31-12-1991","01-01-1991","Knifeblade Sandblow, Fraser Is",-25.244228,153.234383,"GDA2020",1800,,,,"U",0
2470510,"122533","Animalia","Chordata","Mammalia","Carnivora","Canidae","Canis familiaris (dingo)","dingo",1068,"Linnaeus, 1758",,,False,"QA","Queensland Historical Fauna Database","Horsup et al. (1993)","01-01-1992","31-12-1992","01-01-1992","Eurimbula NP",-24.181740,151.826065,"GDA2020",450,,,,"U",0
2656298,"149038","Animalia","Chordata","Mammalia","Carnivora","Canidae","Canis familiaris (dingo)","dingo",1068,"Linnaeus, 1758",,,False,"QA","Queensland Historical Fauna Database","Kinhill Cameron McNamara (1995)","01-10-1994","31-10-1994","01-10-1994","Boons property, Burnett R",-25.040070,152.055233,"GDA2020",500,,,,"U",0
2656870,"149640","Animalia","Chordata","Mammalia","Carnivora","Canidae","Canis familiaris (dingo)","dingo",1068,"Linnaeus, 1758",,,False,"QA","Queensland Historical Fauna Database","Barlow Gregg Abercromby (1993)","01-10-1992","31-10-1992","01-10-1992","Eli Waters Estate, W of Pialba",-25.273398,152.805223,"GDA2020",2000,,,,"U",0
2665098,"158360","Animalia","Chordata","Mammalia","Carnivora","Canidae","Canis familiaris (dingo)","dingo",1068,"Linnaeus, 1758",,,False,"QA","Queensland Historical Fauna Database","Gynther (1994)","11-12-1994","11-12-1994","11-12-1994","Stockyard Ck Track",-28.216445,153.104966,"GDA2020",300,,,,"U",0
2470633,"122668","Animalia","Chordata","Mammalia","Carnivora","Canidae","Canis familiaris (dingo)","dingo",1068,"Linnaeus, 1758",,,False,"QA","Queensland Historical Fauna Database","Horsup et al. (1993)","01-06-1992","30-11-1992","01-06-1992","Nangur SF74",-26.126180,151.984410,"GDA2020",450,,,,"C",0
2459695,"110048","Animalia","Chordata","Mammalia","Carnivora","Canidae","Canis familiaris (dingo)","dingo",1068,"Linnaeus, 1758",,,False,"QA","Queensland Historical Fauna Database","Reeders (1980)","01-01-1980","31-12-1980","01-01-1980","Weipa, sand & aggregate screening plant",-12.665153,141.871963,"GDA2020",900,,,,"U",0
2470381,"122392","Animalia","Chordata","Mammalia","Carnivora","Canidae","Canis familiaris (dingo)","dingo",1068,"Linnaeus, 1758",,,False,"QA","Queensland Historical Fauna Database","Horsup et al. (1993)","01-01-1992","31-12-1992","01-01-1992","Deep Creek, TR581",-25.527569,151.913572,"GDA2020",450,,,,"U",0
2577823,"485823","Animalia","Chordata","Mammalia","Carnivora","Canidae","Canis familiaris (dingo)","dingo",1068,"Linnaeus, 1758",,,False,"QA","Queensland Historical Fauna Database","Gynther (1996)","18-01-1996","18-01-1996","18-01-1996","Thunderbird Park, Mt Tamborine",-27.906723,153.181629,"GDA2020",450,,,,"U",0
2639140,"131774","Animalia","Chordata","Mammalia","Carnivora","Canidae","Canis familiaris (dingo)","dingo",1068,"Linnaeus, 1758",,,False,"QA","Queensland Historical Fauna Database","Barry (1993)","03-11-1992","03-11-1992","03-11-1992","Netherleigh",-24.198408,151.338572,"GDA2020",2000,,,,"U",0
2665211,"158480","Animalia","Chordata","Mammalia","Carnivora","Canidae","Canis familiaris (dingo)","dingo",1068,"Linnaeus, 1758",,,False,"QA","Queensland Historical Fauna Database","Gynther (1994)","11-12-1994","11-12-1994","11-12-1994","Darlington Park, Kerry Valley",-28.185890,153.039690,"GDA2020",300,,,,"U",0
2667965,"161392","Animalia","Chordata","Mammalia","Carnivora","Canidae","Canis familiaris (dingo)","dingo",1068,"Linnaeus, 1758",,,False,"QA","Queensland Historical Fauna Database","Plowman (1985)","01-01-1983","31-12-1983","01-01-1983","Lake Manchester, BFP",-27.485893,152.751077,"GDA2020",900,,,,"U",0
2668104,"161537","Animalia","Chordata","Mammalia","Carnivora","Canidae","Canis familiaris (dingo)","dingo",1068,"Linnaeus, 1758",,,False,"QA","Queensland Historical Fauna Database","Plowman (1985)","01-01-1984","31-12-1984","01-01-1984","Enoggera Reservoir, BFP",-27.447559,152.913018,"GDA2020",300,,,,"U",0
2668105,"161538","Animalia","Chordata","Mammalia","Carnivora","Canidae","Canis familiaris (dingo)","dingo",1068,"Linnaeus, 1758",,,False,"QA","Queensland Historical Fauna Database","Plowman (1985)","01-01-1984","31-12-1984","01-01-1984","Joyner's Ridge Rd, BFP",-27.332560,152.756353,"GDA2020",300,,,,"U",0
2665212,"158481","Animalia","Chordata","Mammalia","Carnivora","Canidae","Canis familiaris (dingo)","dingo",1068,"Linnaeus, 1758",,,False,"QA","Queensland Historical Fauna Database","Gynther (1995)","03-12-1995","03-12-1995","03-12-1995","Nr Mt Cainbabale",-28.133389,153.109966,"GDA2020",300,,,,"U",0
2682935,"177388","Animalia","Chordata","Mammalia","Carnivora","Canidae","Canis familiaris (dingo)","dingo",1068,"Linnaeus, 1758",,,False,"QA","Queensland Historical Fauna Database","DPI Scientifc Area File -R. Russell","10-01-1982","10-01-1982","10-01-1982","SA 44 within SF 754 Herberton",-17.473453,145.453895,"GDA2020",900,,,,"U",0
2645730,"138269","Animalia","Chordata","Mammalia","Carnivora","Canidae","Canis familiaris (dingo)","dingo",1068,"Linnaeus, 1758",,,False,"QA","Queensland Historical Fauna Database","Harrison & Lewis (1997)","01-10-1994","31-10-1994","01-10-1994","Mt St John sewage farm, Townsville",-19.256773,146.742779,"GDA2020",450,,,,"U",0
2470810,"122861","Animalia","Chordata","Mammalia","Carnivora","Canidae","Canis familiaris (dingo)","dingo",1068,"Linnaeus, 1758",,,False,"QA","Queensland Historical Fauna Database","Horsup et al. (1993)","01-01-1992","31-12-1992","01-01-1992","Rundle Range NP",-23.656742,150.992745,"GDA2020",450,,,,"U",0
2972769,"549072","Animalia","Chordata","Mammalia","Carnivora","Canidae","Canis familiaris (dingo)","dingo",1068,"Linnaeus, 1758",,,False,"QA","Queensland Historical Fauna Database","DEH SW Fauna Database","24-08-1994","24-08-1994","24-08-1994","Bulloo Lake _""Big Lake"" West North West",-28.698467,142.367905,"GDA2020",1800,,,,"U",0
2470943,"123025","Animalia","Chordata","Mammalia","Carnivora","Canidae","Canis familiaris (dingo)","dingo",1068,"Linnaeus, 1758",,,False,"QA","Queensland Historical Fauna Database","Horsup et al. (1993)","01-01-1992","31-12-1992","01-01-1992","Wrattens SF639",-26.387843,152.399962,"GDA2020",450,,,,"U",0
2665449,"158728","Animalia","Chordata","Mammalia","Carnivora","Canidae","Canis familiaris (dingo)","dingo",1068,"Linnaeus, 1758",,,False,"QA","Queensland Historical Fauna Database","Hannah (1995)","19-09-1995","19-09-1995","19-09-1995","Diamondy SF197, Compt 1,5,6",-26.540072,151.251092,"GDA2020",4000,,,,"U",0
2635768,"128279","Animalia","Chordata","Mammalia","Carnivora","Canidae","Canis familiaris (dingo)","dingo",1068,"Linnaeus, 1758",,,False,"QA","Queensland Historical Fauna Database","Pulsford (1981)","08-01-1981","08-01-1981","08-01-1981","Byanda Station, 20km NWN of Proston",-25.981738,151.517750,"GDA2020",3000,,,,"U",0
2636131,"128653","Animalia","Chordata","Mammalia","Carnivora","Canidae","Canis familiaris (dingo)","dingo",1068,"Linnaeus, 1758",,,False,"QA","Queensland Historical Fauna Database","Dove (1982)","10-10-1982","10-10-1982","10-10-1982","Park & Recreation R.1052, Splitters Ck",-24.827569,152.267728,"GDA2020",900,,,,"U",0
2665213,"158482","Animalia","Chordata","Mammalia","Carnivora","Canidae","Canis familiaris (dingo)","dingo",1068,"Linnaeus, 1758",,,False,"QA","Queensland Historical Fauna Database","Gynther (1995)","03-12-1995","03-12-1995","03-12-1995","Duck Ck Rd nr Mick's Ridge",-28.176723,153.090522,"GDA2020",300,,,,"U",0
2665214,"158483","Animalia","Chordata","Mammalia","Carnivora","Canidae","Canis familiaris (dingo)","dingo",1068,"Linnaeus, 1758",,,False,"QA","Queensland Historical Fauna Database","Gynther (1994)","11-12-1994","11-12-1994","11-12-1994","Duck Ck Rd turnoff from Lamington NP",-28.214778,153.126355,"GDA2020",300,,,,"U",0
2667921,"161347","Animalia","Chordata","Mammalia","Carnivora","Canidae","Canis familiaris (dingo)","dingo",1068,"Linnaeus, 1758",,,False,"QA","Queensland Historical Fauna Database","Plowman (1985)","14-01-1985","14-01-1985","14-01-1985","BFP headquarters, Enoggera Reservoir",-27.442836,152.926074,"GDA2020",300,,,,"U",0
2865686,,"Animalia","Chordata","Mammalia","Carnivora","Canidae","Canis familiaris (dingo)","dingo",1068,"Linnaeus, 1758",,,False,"QA","Literature Records","Literature Records","10-11-1994","10-11-1994","10-11-1994","Lamb Range State Forest",-17.020675,145.673334,"GDA2020",1800,1,"A",,"C",0
2969718,"545446","Animalia","Chordata","Mammalia","Carnivora","Canidae","Canis familiaris (dingo)","dingo",1068,"Linnaeus, 1758",,,False,"QA","Queensland Historical Fauna Database","DEH SW Fauna Database","08-11-1994","08-11-1994","08-11-1994","Cattle Ck - Park boundary",-26.912003,151.568291,"GDA2020",150,,,,"U",0
2979246,"556749","Animalia","Chordata","Mammalia","Carnivora","Canidae","Canis familiaris (dingo)","dingo",1068,"Linnaeus, 1758",,,False,"QA","Queensland Historical Fauna Database","Wood & Allison (1988)","01-01-1988","31-12-1988","01-01-1988","Darling Downs (Central)",-27.331739,150.834440,"GDA2020",54000,,,,"U",0
2979275,"556778","Animalia","Chordata","Mammalia","Carnivora","Canidae","Canis familiaris (dingo)","dingo",1068,"Linnaeus, 1758",,,False,"QA","Queensland Historical Fauna Database","Wood & Allison (1988)","01-01-1988","31-12-1988","01-01-1988","Lake Broadwater District",-27.365071,151.101103,"GDA2020",10000,,,,"U",0
2976082,"553095","Animalia","Chordata","Mammalia","Carnivora","Canidae","Canis familiaris (dingo)","dingo",1068,"Linnaeus, 1758",,,False,"QA","Queensland Historical Fauna Database","DEH SW Fauna Database","17-04-1996","17-04-1996","17-04-1996","Dukes Plain nr Isla Gorge NP",-25.206703,150.059399,"GDA2020",150,,,,"U",0
2983395,"561011","Animalia","Chordata","Mammalia","Carnivora","Canidae","Canis familiaris (dingo)","dingo",1068,"Linnaeus, 1758",,,False,"QA","Queensland Historical Fauna Database","Wood (1983)","31-08-1983","31-08-1983","31-08-1983","Yuleba Clay Holes, 7km NE Yuleba Forest Stn",-26.835915,149.492790,"GDA2020",900,,,,"U",0
2976083,"553096","Animalia","Chordata","Mammalia","Carnivora","Canidae","Canis familiaris (dingo)","dingo",1068,"Linnaeus, 1758",,,False,"QA","Queensland Historical Fauna Database","DEH SW Fauna Database","17-04-1996","17-04-1996","17-04-1996","Dukes Plain nr Isla Gorge NP",-25.218103,150.077999,"GDA2020",150,,,,"U",0
2975234,"552243","Animalia","Chordata","Mammalia","Carnivora","Canidae","Canis familiaris (dingo)","dingo",1068,"Linnaeus, 1758",,,False,"QA","Queensland Historical Fauna Database","DEH SW Fauna Database","12-12-1995","12-12-1995","12-12-1995","Warrema Stn",-26.865113,149.867818,"GDA2020",400,,,,"U",0
2988792,"566826","Animalia","Chordata","Mammalia","Carnivora","Canidae","Canis familiaris (dingo)","dingo",1068,"Linnaeus, 1758",,,False,"QA","Queensland Historical Fauna Database","Hollingsworth, Dames & Moore (1990)","01-01-1990","31-01-1990","01-01-1990","Black Head area, Curtis Island",-23.669242,151.267740,"GDA2020",900,,,,"U",0
2988820,"566862","Animalia","Chordata","Mammalia","Carnivora","Canidae","Canis familiaris (dingo)","dingo",1068,"Linnaeus, 1758",,,False,"QA","Queensland Historical Fauna Database","Crossman (1988)","01-01-1987","31-12-1987","01-01-1987","Epping Forest NP",-22.352598,146.709463,"GDA2020",3500,,,,"U",0
2975306,"552316","Animalia","Chordata","Mammalia","Carnivora","Canidae","Canis familiaris (dingo)","dingo",1068,"Linnaeus, 1758",,,False,"QA","Queensland Historical Fauna Database","DEH SW Fauna Database","13-12-1995","13-12-1995","13-12-1995","Warrema Stn",-26.865113,149.867818,"GDA2020",400,,,,"U",0
2975997,"553010","Animalia","Chordata","Mammalia","Carnivora","Canidae","Canis familiaris (dingo)","dingo",1068,"Linnaeus, 1758",,,False,"QA","Queensland Historical Fauna Database","DEH SW Fauna Database","24-04-1996","24-04-1996","24-04-1996","Dukes Plain nr Isla Gorge NP",-25.191203,150.060799,"GDA2020",150,,,,"U",0
2975998,"553011","Animalia","Chordata","Mammalia","Carnivora","Canidae","Canis familiaris (dingo)","dingo",1068,"Linnaeus, 1758",,,False,"QA","Queensland Historical Fauna Database","DEH SW Fauna Database","24-04-1996","24-04-1996","24-04-1996","Dukes Plain nr Isla Gorge NP",-25.186203,150.067498,"GDA2020",150,,,,"U",0
2976081,"553094","Animalia","Chordata","Mammalia","Carnivora","Canidae","Canis familiaris (dingo)","dingo",1068,"Linnaeus, 1758",,,False,"QA","Queensland Historical Fauna Database","DEH SW Fauna Database","17-04-1996","17-04-1996","17-04-1996","Dukes Plain nr Isla Gorge NP",-25.198403,150.051099,"GDA2020",400,,,,"U",0
2682908,"177361","Animalia","Chordata","Mammalia","Carnivora","Canidae","Canis familiaris (dingo)","dingo",1068,"Linnaeus, 1758",,,False,"QA","Queensland Historical Fauna Database","DPI Scientifc Area File -J. Winter","01-01-1984","31-12-1984","01-01-1984","Mt Spec WNorW of SAPD 7.10, Mt Spec SF477",-18.963998,146.224173,"GDA2020",900,,,,"U",0
2994092,"573652","Animalia","Chordata","Mammalia","Carnivora","Canidae","Canis familiaris (dingo)","dingo",1068,"Linnaeus, 1758",,,False,"QA","Queensland Historical Fauna Database","Russell et al. (1992)","01-03-1991","31-03-1991","01-03-1991","Bimbadeen (Verbena Park?) nr Taroom",-25.465074,149.684445,"GDA2020",900,,,,"U",0
2994093,"573653","Animalia","Chordata","Mammalia","Carnivora","Canidae","Canis familiaris (dingo)","dingo",1068,"Linnaeus, 1758",,,False,"QA","Queensland Historical Fauna Database","Russell et al. (1992)","01-10-1991","31-10-1991","01-10-1991","Bimbadeen (Verbena Park?) nr Taroom",-25.465074,149.684445,"GDA2020",900,,,,"U",0
2994094,"573654","Animalia","Chordata","Mammalia","Carnivora","Canidae","Canis familiaris (dingo)","dingo",1068,"Linnaeus, 1758",,,False,"QA","Queensland Historical Fauna Database","Russell et al. (1992)","01-05-1990","31-05-1990","01-05-1990","The Glen nr Upper Pilton",-27.931730,152.142758,"GDA2020",900,,,,"U",0
2998453,"579230","Animalia","Chordata","Mammalia","Carnivora","Canidae","Canis familiaris (dingo)","dingo",1068,"Linnaeus, 1758",,,False,"QA","Queensland Historical Fauna Database","PPK (1997)","23-03-1997","23-03-1997","23-03-1997","The Lake Stn",-24.310913,148.617782,"GDA2020",900,,,,"U",0
2976096,"553109","Animalia","Chordata","Mammalia","Carnivora","Canidae","Canis familiaris (dingo)","dingo",1068,"Linnaeus, 1758",,,False,"QA","Queensland Historical Fauna Database","DEH SW Fauna Database","18-04-1996","18-04-1996","18-04-1996","Dukes Plain nr Isla Gorge NP",-25.218103,150.077999,"GDA2020",150,,,,"U",0
2999338,"580514","Animalia","Chordata","Mammalia","Carnivora","Canidae","Canis familiaris (dingo)","dingo",1068,"Linnaeus, 1758",,,False,"QA","Queensland Historical Fauna Database","McCosker (1990)","17-05-1990","17-05-1990","17-05-1990","Laglan to Merrygang turnoff",-22.831765,146.834463,"GDA2020",43000,,,,"U",0
2999345,"580521","Animalia","Chordata","Mammalia","Carnivora","Canidae","Canis familiaris (dingo)","dingo",1068,"Linnaeus, 1758",,,False,"QA","Queensland Historical Fauna Database","McCosker (1990)","18-05-1990","18-05-1990","18-05-1990","Etonvale to 10km N of Rubyvale",-23.206761,147.584453,"GDA2020",20000,,,,"U",0
2976418,"553443","Animalia","Chordata","Mammalia","Carnivora","Canidae","Canis familiaris (dingo)","dingo",1068,"Linnaeus, 1758",,,False,"QA","Queensland Historical Fauna Database","DEH SW Fauna Database","24-05-1996","24-05-1996","24-05-1996","Sunnydale Stn",-26.440924,147.794445,"GDA2020",150,,,,"U",0
3000792,"582511","Animalia","Chordata","Mammalia","Carnivora","Canidae","Canis familiaris (dingo)","dingo",1068,"Linnaeus, 1758",,,False,"QA","Queensland Historical Fauna Database","Queensland Electricity Commission (1985)","31-01-1983","31-01-1983","31-01-1983","Stanwell Power Stn-S of Flagstaff Hill",-23.494242,150.317755,"GDA2020",450,,,,"U",0
2985329,"562997","Animalia","Chordata","Mammalia","Carnivora","Canidae","Canis familiaris (dingo)","dingo",1068,"Linnaeus, 1758",,,False,"QA","Queensland Historical Fauna Database","Pulsford (1981)","24-02-1981","24-02-1981","24-02-1981","Auburn River NP",-25.723406,151.051088,"GDA2020",1500,,,,"U",0
2988701,"566732","Animalia","Chordata","Mammalia","Carnivora","Canidae","Canis familiaris (dingo)","dingo",1068,"Linnaeus, 1758",,,False,"QA","Queensland Historical Fauna Database","Grimshaw (1991)","26-02-1991","26-02-1991","26-02-1991","Portion 25, Parish of Bartsch, Murilla Shire",-26.523410,150.184444,"GDA2020",1200,,,,"U",0
2989488,"567550","Animalia","Chordata","Mammalia","Carnivora","Canidae","Canis familiaris (dingo)","dingo",1068,"Linnaeus, 1758",,,False,"QA","Queensland Historical Fauna Database","Callide Coalfields (1992)","29-06-1992","29-06-1992","29-06-1992","Bluff mining lease, Callide Mine",-24.315072,150.659416,"GDA2020",1200,,,,"U",0
3004303,"568264","Animalia","Chordata","Mammalia","Carnivora","Canidae","Canis familiaris (dingo)","dingo",1068,"Linnaeus, 1758",,,False,"QA","Queensland Historical Fauna Database","ISON Environmental Planners (1996)","22-01-1996","22-01-1996","22-01-1996","Upstream of Nathan Gorge",-25.456460,150.128879,"GDA2020",300,,,,"U",0
3005182,"573555","Animalia","Chordata","Mammalia","Carnivora","Canidae","Canis familiaris (dingo)","dingo",1068,"Linnaeus, 1758",,,False,"QA","Queensland Historical Fauna Database","Russell et al. (1992)","01-02-1991","28-02-1991","01-02-1991","Wonga Hills, SW Burnett (cedar t)",-26.098408,150.751096,"GDA2020",900,,,,"U",0
2989889,"568334","Animalia","Chordata","Mammalia","Carnivora","Canidae","Canis familiaris (dingo)","dingo",1068,"Linnaeus, 1758",,,False,"QA","Queensland Historical Fauna Database","ISON Environmental Planners (1997)","12-10-1996","12-10-1996","12-10-1996","Dawson R u/s Precipice Ck junction",-25.348403,150.169432,"GDA2020",500,,,,"U",0
3005910,"580560","Animalia","Chordata","Mammalia","Carnivora","Canidae","Canis familiaris (dingo)","dingo",1068,"Linnaeus, 1758",,,False,"QA","Queensland Historical Fauna Database","McCosker (1990)","15-05-1990","15-05-1990","15-05-1990","Goonyella-Mt Coolon Rd via Glenavon",-21.715094,147.559445,"GDA2020",42000,,,,"U",0
3005926,"580577","Animalia","Chordata","Mammalia","Carnivora","Canidae","Canis familiaris (dingo)","dingo",1068,"Linnaeus, 1758",,,False,"QA","Queensland Historical Fauna Database","Evans (1992)","01-01-1991","31-12-1991","01-01-1991","Taunton Scientific NP",-23.527581,149.221935,"GDA2020",7000,,,,"U",0
3005950,"580601","Animalia","Chordata","Mammalia","Carnivora","Canidae","Canis familiaris (dingo)","dingo",1068,"Linnaeus, 1758",,,False,"QA","Queensland Historical Fauna Database","McCosker (1990)","16-05-1990","16-05-1990","16-05-1990","Lou Lou Pk to Laglan rd",-22.427600,146.409468,"GDA2020",27000,,,,"U",0
2994090,"573650","Animalia","Chordata","Mammalia","Carnivora","Canidae","Canis familiaris (dingo)","dingo",1068,"Linnaeus, 1758",,,False,"QA","Queensland Historical Fauna Database","Russell et al. (1992)","01-10-1991","31-10-1991","01-10-1991","Wonga Hills, SW Burnett (cedar t)",-26.098408,150.751096,"GDA2020",900,,,,"U",0
2994091,"573651","Animalia","Chordata","Mammalia","Carnivora","Canidae","Canis familiaris (dingo)","dingo",1068,"Linnaeus, 1758",,,False,"QA","Queensland Historical Fauna Database","Russell et al. (1992)","01-02-1991","28-02-1991","01-02-1991","Wonga Hills, SW Burnett (LHgully t)",-26.098408,150.751096,"GDA2020",900,,,,"U",0
2983273,"560872","Animalia","Chordata","Mammalia","Carnivora","Canidae","Canis familiaris (dingo)","dingo",1068,"Linnaeus, 1758",,,False,"QA","Queensland Historical Fauna Database","QNPWS (1985)","01-01-1983","31-12-1983","01-01-1983","Wonga Hills proposal, N of Chinchilla",-26.065074,150.842761,"GDA2020",2000,,,,"U",0
2989919,"568367","Animalia","Chordata","Mammalia","Carnivora","Canidae","Canis familiaris (dingo)","dingo",1068,"Linnaeus, 1758",,,False,"QA","Queensland Historical Fauna Database","ISON Environmental Planners (1997)","12-10-1996","12-10-1996","12-10-1996","Upstream of Precipice Ck on Dawson River",-25.393404,150.161099,"GDA2020",500,,,,"U",0
2998661,"579446","Animalia","Chordata","Mammalia","Carnivora","Canidae","Canis familiaris (dingo)","dingo",1068,"Linnaeus, 1758",,,False,"QA","Queensland Historical Fauna Database","PPK (1997)","19-04-1997","19-04-1997","19-04-1997","Survey 2 - Comet Dam area",-24.481744,148.634450,"GDA2020",9000,,,,"U",0
2999358,"580534","Animalia","Chordata","Mammalia","Carnivora","Canidae","Canis familiaris (dingo)","dingo",1068,"Linnaeus, 1758",,,False,"QA","Queensland Historical Fauna Database","McCosker (1990)","21-05-1990","21-05-1990","21-05-1990","Clermont-Alpha rd betw Craven & Tango turnoffs",-23.281763,147.001131,"GDA2020",12000,,,,"U",0
3593986,,"Animalia","Chordata","Mammalia","Carnivora","Canidae","Canis familiaris (dingo)","dingo",1068,"Linnaeus, 1758",,,False,"QA","NatureSearch - Wide Bay/Burnett","Wide Bay Training Area","22-04-2001","22-04-2001","22-04-2001","Wide Bay Training Area, Military reserve near Tin Can Bay",-25.918315,152.953574,"GDA2020",500,1,"A",,"C",0
3593691,,"Animalia","Chordata","Mammalia","Carnivora","Canidae","Canis familiaris (dingo)","dingo",1068,"Linnaeus, 1758",,,False,"QA","NatureSearch - Wide Bay/Burnett","Wide Bay Training Area","26-04-2001","26-04-2001","26-04-2001","Wide Bay Training Area, Military reserve near Tin Can Bay",-25.909987,152.880006,"GDA2020",50,1,"A",,"C",0
3000997,"582750","Animalia","Chordata","Mammalia","Carnivora","Canidae","Canis familiaris (dingo)","dingo",1068,"Linnaeus, 1758",,,False,"QA","Queensland Historical Fauna Database","Queensland Electricity Commission (1985)","31-01-1983","31-01-1983","31-01-1983","Western end Black Mountain-Kalapa Rd",-23.487297,150.162201,"GDA2020",450,,,,"U",0
3593546,,"Animalia","Chordata","Mammalia","Carnivora","Canidae","Canis familiaris (dingo)","dingo",1068,"Linnaeus, 1758",,,False,"QA","NatureSearch - Wide Bay/Burnett","Wide Bay Training Area","21-04-2001","21-04-2001","21-04-2001","Wide Bay Training Area, Military reserve near Tin Can Bay",-25.864210,152.946673,"GDA2020",200,,,,"U",0
3001066,"582819","Animalia","Chordata","Mammalia","Carnivora","Canidae","Canis familiaris (dingo)","dingo",1068,"Linnaeus, 1758",,,False,"QA","Queensland Historical Fauna Database","Sinclair Knight & Partners (1990)","01-05-1990","31-05-1990","01-05-1990","Rockhampton Branch Gas Pipeline",-23.648408,150.634417,"GDA2020",40000,,,,"U",0
3001159,"582912","Animalia","Chordata","Mammalia","Carnivora","Canidae","Canis familiaris (dingo)","dingo",1068,"Linnaeus, 1758",,,False,"QA","Queensland Historical Fauna Database","Barry (1987)","16-12-1986","16-12-1986","16-12-1986","Tanderra Pastoral Holding",-24.681755,147.742799,"GDA2020",6000,,,,"U",0
3005751,"579521","Animalia","Chordata","Mammalia","Carnivora","Canidae","Canis familiaris (dingo)","dingo",1068,"Linnaeus, 1758",,,False,"QA","Queensland Historical Fauna Database","Banks & Rushton (1998)","01-04-1997","30-04-1997","01-04-1997","The Lake Stn nr Rolleston",-24.310913,148.617782,"GDA2020",900,,,,"U",0
3585956,,"Animalia","Chordata","Mammalia","Carnivora","Canidae","Canis familiaris (dingo)","dingo",1068,"Linnaeus, 1758",,,False,"QA","Incidental Records","OakWells Injune","08-03-2001","10-03-2001","08-03-2001","""OakWells"" approx. 20km West of Injune",-25.766198,148.294188,"GDA2020",1000,,,,"C",0
3593677,,"Animalia","Chordata","Mammalia","Carnivora","Canidae","Canis familiaris (dingo)","dingo",1068,"Linnaeus, 1758",,,False,"QA","NatureSearch - Wide Bay/Burnett","Wide Bay Training Area","25-04-2001","25-04-2001","25-04-2001","Wide Bay Training Area, Military reserve near Tin Can Bay",-25.885543,152.865562,"GDA2020",200,,,,"U",0
3588678,,"Animalia","Chordata","Mammalia","Carnivora","Canidae","Canis familiaris (dingo)","dingo",1068,"Linnaeus, 1758",,,False,"QA","Incidental Records","Incidental NatureSearch Records - Cairns/Tablelands","29-07-1999",,"29-07-1999","Einasleigh Uplands",-17.254290,144.577238,"GDA2020",100,,,,"C",0
3588697,,"Animalia","Chordata","Mammalia","Carnivora","Canidae","Canis familiaris (dingo)","dingo",1068,"Linnaeus, 1758",,,False,"QA","Incidental Records","Incidental NatureSearch Records - Cairns/Tablelands","29-08-1999",,"29-08-1999","Gulf Plains",-20.005980,139.607310,"GDA2020",100,,,,"C",0
3661650,"705099","Animalia","Chordata","Mammalia","Carnivora","Canidae","Canis familiaris (dingo)","dingo",1068,"Linnaeus, 1758",,,False,"QA","Queensland Historical Fauna Database","Green et al. (1993)","01-01-1991","31-12-1991","01-01-1991","Wivenhoe Park, SEQ",-27.368395,152.576357,"GDA2020",4000,,,,"U",0
3595976,,"Animalia","Chordata","Mammalia","Carnivora","Canidae","Canis familiaris (dingo)","dingo",1068,"Linnaeus, 1758",,,False,"QA","Incidental Records","General NatureSearch Townsville Records","14-07-2000","14-07-2000","14-07-2000","Harvey Range railway",-19.489042,146.333785,"GDA2020",10,,,,"C",0
3666563,"710037","Animalia","Chordata","Mammalia","Carnivora","Canidae","Canis familiaris (dingo)","dingo",1068,"Linnaeus, 1758",,,False,"QA","Queensland Historical Fauna Database","Seeney (1987)","01-01-1985","31-12-1985","01-01-1985","Portion 46, N of Moonford nr Monto",-24.713682,151.027468,"GDA2020",1500,,,,"U",0
3596536,,"Animalia","Chordata","Mammalia","Carnivora","Canidae","Canis familiaris (dingo)","dingo",1068,"Linnaeus, 1758",,,False,"QA","Incidental Records","General NatureSearch Townsville Records","25-08-2000",,"25-08-2000","Blackbraes National Park - via Kenedy Development Rd",-19.584709,144.011674,"GDA2020",100,,,,"C",0
3597546,,"Animalia","Chordata","Mammalia","Carnivora","Canidae","Canis familiaris (dingo)","dingo",1068,"Linnaeus, 1758",,,False,"QA","Incidental Records","General NatureSearch Townsville Records","31-01-2000","10-02-2000","31-01-2000","15 Brady Rd, Oak Valley",-19.425959,146.814619,"GDA2020",200,,,,"C",0
3677960,"722132","Animalia","Chordata","Mammalia","Carnivora","Canidae","Canis familiaris (dingo)","dingo",1068,"Linnaeus, 1758",,,False,"QA","Queensland Historical Fauna Database","EPA-BBS Fauna Survey (1999)","05-05-1999","05-05-1999","05-05-1999","Approx 200m E of the gate at Major Mitchell Springs, up ridge directly above carpark Site=S043, Salvator Rosa NPW490",-24.858131,147.191027,"GDA2020",300,,,,"U",0
3598641,,"Animalia","Chordata","Mammalia","Carnivora","Canidae","Canis familiaris (dingo)","dingo",1068,"Linnaeus, 1758",,,False,"QA","Fauna/flora inventory","Diamantina National Park","30-06-2001","30-06-2001","30-06-2001","Green Tank",-23.720542,140.888341,"GDA2020",100,2,"A",,"C",0
3598642,,"Animalia","Chordata","Mammalia","Carnivora","Canidae","Canis familiaris (dingo)","dingo",1068,"Linnaeus, 1758",,,False,"QA","Fauna/flora inventory","Diamantina National Park","28-08-2001","28-08-2001","28-08-2001","Coority Creek",-23.943875,141.204452,"GDA2020",100,1,"A",,"C",0
3605997,,"Animalia","Chordata","Mammalia","Carnivora","Canidae","Canis familiaris (dingo)","dingo",1068,"Linnaeus, 1758",,,False,"QA","Moggill QPWS fauna data","Girraween National Park fauna survey","17-04-2002",,"17-04-2002","Slopes of South Bald Rock, Girraween National Park, SEQ.",-28.888025,152.009618,"GDA2020",50,1,"A",,"C",0
3605999,,"Animalia","Chordata","Mammalia","Carnivora","Canidae","Canis familiaris (dingo)","dingo",1068,"Linnaeus, 1758",,,False,"QA","Moggill QPWS fauna data","Girraween National Park fauna survey","15-04-2002","19-04-2002","15-04-2002","Upper section of Paling Yard Creek, 2km northeast of South Bald Rock, SEQ.",-28.876162,152.027215,"GDA2020",100,1,"A",,"V",0
3661557,"705006","Animalia","Chordata","Mammalia","Carnivora","Canidae","Canis familiaris (dingo)","dingo",1068,"Linnaeus, 1758",,,False,"QA","Queensland Historical Fauna Database","Grimshaw (1988)","01-01-1985","31-12-1985","01-01-1985","Kholo Creek/Mt Crosby area, Brisbane",-27.515059,152.838576,"GDA2020",2000,,,,"U",0
3662769,"706220","Animalia","Chordata","Mammalia","Carnivora","Canidae","Canis familiaris (dingo)","dingo",1068,"Linnaeus, 1758",,,False,"QA","Queensland Historical Fauna Database","Porter (1992)","01-01-1985","31-12-1985","01-01-1985","Tin Can Bay",-25.910895,153.005226,"GDA2020",900,,,,"U",0
3636821,,"Animalia","Chordata","Mammalia","Carnivora","Canidae","Canis familiaris (dingo)","dingo",1068,"Linnaeus, 1758",,,False,"QA","Incidental Records","Mackay Highlands Incidental Sightings","31-07-2002",,"31-07-2002","Crediton State Forest, track to Hazelwood Gorge",-21.222422,148.466896,"GDA2020",400,1,"A",,"C",0
3658785,"702219","Animalia","Chordata","Mammalia","Carnivora","Canidae","Canis familiaris (dingo)","dingo",1068,"Linnaeus, 1758",,,False,"QA","Queensland Historical Fauna Database","Morwood (1998)","10-04-1998","10-04-1998","10-04-1998","Bunya Mts, 1.3km on Nanango Rd from Bunya Mts Hwy",-26.885903,151.626090,"GDA2020",450,,,,"U",0
3699664,"744379","Animalia","Chordata","Mammalia","Carnivora","Canidae","Canis familiaris (dingo)","dingo",1068,"Linnaeus, 1758",,,False,"QA","Queensland Historical Fauna Database","Davies (1993)","01-01-1980","31-12-1980","01-01-1980","Brisbane Statistical Division",-27.431724,153.101071,"GDA2020",40000,,,,"U",0
3678161,"722356","Animalia","Chordata","Mammalia","Carnivora","Canidae","Canis familiaris (dingo)","dingo",1068,"Linnaeus, 1758",,,False,"QA","Queensland Historical Fauna Database","EPA-BBS Fauna Survey (1999)","05-05-1999","05-05-1999","05-05-1999","Adjacent main track to Major Mitchell springs, on E side, just S Belinda springs t'off Site=S044, Salvator Rosa NPW490",-24.829353,147.201106,"GDA2020",300,,,,"U",0
3670120,"713699","Animalia","Chordata","Mammalia","Carnivora","Canidae","Canis familiaris (dingo)","dingo",1068,"Linnaeus, 1758",,,False,"QA","Queensland Historical Fauna Database","Grant & Leung (1994)","01-02-1994","01-02-1994","01-02-1994","Lockerbie-Site 46, CYP",-10.769322,142.565017,"GDA2020",150,,,,"U",0
3742503,"813028","Animalia","Chordata","Mammalia","Carnivora","Canidae","Canis familiaris (dingo)","dingo",1068,"Linnaeus, 1758",,,False,"QA","Queensland Historical Fauna Database","Jarman et al. (1997)","03-01-1997","03-01-1997","03-01-1997","Red Rock Gorge, Sundown NP",-28.848398,151.714997,"GDA2020",900,,,,"U",0
3743189,"813729","Animalia","Chordata","Mammalia","Carnivora","Canidae","Canis familiaris (dingo)","dingo",1068,"Linnaeus, 1758",,,False,"QA","Queensland Historical Fauna Database","Lundie-Jenkins (1998)","01-03-1998","31-03-1998","01-03-1998","Taunton NP (general)",-23.527581,149.221935,"GDA2020",7000,,,,"U",0
3743224,"813764","Animalia","Chordata","Mammalia","Carnivora","Canidae","Canis familiaris (dingo)","dingo",1068,"Linnaeus, 1758",,,False,"QA","Queensland Historical Fauna Database","Lundie-Jenkins (1998)","01-01-1998","31-12-1998","01-01-1998","Taunton NP (See map-1)-dingo",-23.573414,149.245546,"GDA2020",450,,,,"U",0
3743225,"813765","Animalia","Chordata","Mammalia","Carnivora","Canidae","Canis familiaris (dingo)","dingo",1068,"Linnaeus, 1758",,,False,"QA","Queensland Historical Fauna Database","Lundie-Jenkins (1998)","01-01-1998","31-12-1998","01-01-1998","Taunton NP (See map-2)-dingo",-23.547025,149.226102,"GDA2020",450,,,,"U",0
3743226,"813766","Animalia","Chordata","Mammalia","Carnivora","Canidae","Canis familiaris (dingo)","dingo",1068,"Linnaeus, 1758",,,False,"QA","Queensland Historical Fauna Database","Lundie-Jenkins (1998)","01-01-1997","31-12-1997","01-01-1997","Taunton NP (See map-3)-dingo",-23.506748,149.170547,"GDA2020",450,,,,"U",0
3743227,"813767","Animalia","Chordata","Mammalia","Carnivora","Canidae","Canis familiaris (dingo)","dingo",1068,"Linnaeus, 1758",,,False,"QA","Queensland Historical Fauna Database","Lundie-Jenkins (1998)","01-01-1996","31-12-1996","01-01-1996","Taunton NP (See map-4)-dingo",-23.503970,149.217768,"GDA2020",450,,,,"U",0
3743228,"813768","Animalia","Chordata","Mammalia","Carnivora","Canidae","Canis familiaris (dingo)","dingo",1068,"Linnaeus, 1758",,,False,"QA","Queensland Historical Fauna Database","Lundie-Jenkins (1998)","01-01-1996","31-12-1996","01-01-1996","Taunton NP (See map-5)-dingo",-23.485914,149.226101,"GDA2020",450,,,,"U",0
3743229,"813769","Animalia","Chordata","Mammalia","Carnivora","Canidae","Canis familiaris (dingo)","dingo",1068,"Linnaeus, 1758",,,False,"QA","Queensland Historical Fauna Database","Lundie-Jenkins (1998)","01-01-1996","31-12-1996","01-01-1996","Taunton NP (See map-6)-dingo",-23.510914,149.242768,"GDA2020",450,,,,"U",0
3743230,"813770","Animalia","Chordata","Mammalia","Carnivora","Canidae","Canis familiaris (dingo)","dingo",1068,"Linnaeus, 1758",,,False,"QA","Queensland Historical Fauna Database","Lundie-Jenkins (1998)","01-01-1996","31-12-1996","01-01-1996","Taunton NP (See map-7)-dingo",-23.491470,149.267768,"GDA2020",450,,,,"U",0
3743231,"813771","Animalia","Chordata","Mammalia","Carnivora","Canidae","Canis familiaris (dingo)","dingo",1068,"Linnaeus, 1758",,,False,"QA","Queensland Historical Fauna Database","Lundie-Jenkins (1998)","01-01-1994","31-12-1994","01-01-1994","Taunton NP (See map-8)-dingo",-23.562303,149.201102,"GDA2020",450,,,,"U",0
3743232,"813772","Animalia","Chordata","Mammalia","Carnivora","Canidae","Canis familiaris (dingo)","dingo",1068,"Linnaeus, 1758",,,False,"QA","Queensland Historical Fauna Database","Lundie-Jenkins (1998)","01-01-1994","31-12-1994","01-01-1994","Taunton NP (See map-9)-dingo",-23.495636,149.273323,"GDA2020",450,,,,"U",0
3743233,"813773","Animalia","Chordata","Mammalia","Carnivora","Canidae","Canis familiaris (dingo)","dingo",1068,"Linnaeus, 1758",,,False,"QA","Queensland Historical Fauna Database","Lundie-Jenkins (1998)","01-01-1993","31-12-1993","01-01-1993","Taunton NP (See map-10)-dingo",-23.483137,149.176102,"GDA2020",450,,,,"U",0
3743234,"813774","Animalia","Chordata","Mammalia","Carnivora","Canidae","Canis familiaris (dingo)","dingo",1068,"Linnaeus, 1758",,,False,"QA","Queensland Historical Fauna Database","Lundie-Jenkins (1998)","01-01-1993","31-12-1993","01-01-1993","Taunton NP (See map-11)-dingo",-23.502581,149.189991,"GDA2020",450,,,,"U",0
3743235,"813775","Animalia","Chordata","Mammalia","Carnivora","Canidae","Canis familiaris (dingo)","dingo",1068,"Linnaeus, 1758",,,False,"QA","Queensland Historical Fauna Database","Lundie-Jenkins (1998)","01-01-1993","31-12-1993","01-01-1993","Taunton NP (See map-12)-dingo",-23.484526,149.217768,"GDA2020",450,,,,"U",0
3743236,"813776","Animalia","Chordata","Mammalia","Carnivora","Canidae","Canis familiaris (dingo)","dingo",1068,"Linnaeus, 1758",,,False,"QA","Queensland Historical Fauna Database","Lundie-Jenkins (1998)","01-01-1993","31-12-1993","01-01-1993","Taunton NP (See map-13)-dingo",-23.494248,149.252490,"GDA2020",450,,,,"U",0
3743237,"813777","Animalia","Chordata","Mammalia","Carnivora","Canidae","Canis familiaris (dingo)","dingo",1068,"Linnaeus, 1758",,,False,"QA","Queensland Historical Fauna Database","Lundie-Jenkins (1998)","01-01-1993","31-12-1993","01-01-1993","Taunton NP (See map-14)-dingo",-23.502581,149.209435,"GDA2020",450,,,,"U",0
3744723,"815271","Animalia","Chordata","Mammalia","Carnivora","Canidae","Canis familiaris (dingo)","dingo",1068,"Linnaeus, 1758",,,False,"QA","Queensland Historical Fauna Database","ACTFR (1994)","01-01-1993","31-12-1993","01-01-1993","Burdekin River Irrigation area",-19.781768,147.284440,"GDA2020",40000,,,,"U",0
3675872,"719826","Animalia","Chordata","Mammalia","Carnivora","Canidae","Canis familiaris (dingo)","dingo",1068,"Linnaeus, 1758",,,False,"QA","Queensland Historical Fauna Database","EPA-BBS Fauna Survey (1999)","20-04-1999","20-04-1999","20-04-1999","Incidental/Target site Site=L516, Goodedulla NPW811",-23.260980,149.752424,"GDA2020",300,,,,"U",0
3745093,"815645","Animalia","Chordata","Mammalia","Carnivora","Canidae","Canis familiaris (dingo)","dingo",1068,"Linnaeus, 1758",,,False,"QA","Queensland Historical Fauna Database","Calvert (1994)","09-04-1994","09-04-1994","09-04-1994","Site A/B, Rocky Springs estate nr Julago, SE of Townsville",-19.368438,146.899166,"GDA2020",900,,,,"U",0
3679633,"724109","Animalia","Chordata","Mammalia","Carnivora","Canidae","Canis familiaris (dingo)","dingo",1068,"Linnaeus, 1758",,,False,"QA","Queensland Historical Fauna Database","EPA-BBS Fauna Survey (1999)","12-04-1999","12-04-1999","12-04-1999","West of Limestone Creek, 1.1 km from SW boundary by road. Site=S053, Morinish SF878",-23.309672,150.147392,"GDA2020",300,,,,"U",0
3746193,"816752","Animalia","Chordata","Mammalia","Carnivora","Canidae","Canis familiaris (dingo)","dingo",1068,"Linnaeus, 1758",,,False,"QA","Queensland Historical Fauna Database","Casey (1991)","01-03-1991","31-03-1991","01-03-1991","VCL west of Townsville Town Common, western side of Bohle River",-19.215107,146.703334,"GDA2020",1500,,,,"U",0
3746434,"816993","Animalia","Chordata","Mammalia","Carnivora","Canidae","Canis familiaris (dingo)","dingo",1068,"Linnaeus, 1758",,,False,"QA","Queensland Historical Fauna Database","Evans (2000)","01-01-1998","31-12-1998","01-01-1998","Epping Forest National Park",-22.365098,146.701130,"GDA2020",900,,,,"U",0
3748845,"819421","Animalia","Chordata","Mammalia","Carnivora","Canidae","Canis familiaris (dingo)","dingo",1068,"Linnaeus, 1758",,,False,"QA","Queensland Historical Fauna Database","Hollingsworth Consultants(1988)","01-01-1987","31-12-1987","01-01-1987","Ensham Coal mine nr Duckponds, 10km NW of Comet",-23.523421,148.484442,"GDA2020",3600,,,,"U",0
3678274,"722505","Animalia","Chordata","Mammalia","Carnivora","Canidae","Canis familiaris (dingo)","dingo",1068,"Linnaeus, 1758",,,False,"QA","Queensland Historical Fauna Database","EPA-BBS Fauna Survey (1999)","26-05-1999","26-05-1999","26-05-1999","On the 4wd track to base of Mount Ka Ka Mundi; 5.2 km from junction with main track Site=S051, Ka Ka Mundi NPW490",-24.812042,147.475636,"GDA2020",300,,,,"U",0
3678366,"722625","Animalia","Chordata","Mammalia","Carnivora","Canidae","Canis familiaris (dingo)","dingo",1068,"Linnaeus, 1758",,,False,"QA","Queensland Historical Fauna Database","EPA-BBS Fauna Survey (1999)","26-05-1999","26-05-1999","26-05-1999","Incidental/Target site Site=L473, Ka Ka Mundi NPW490",-24.790609,147.431788,"GDA2020",300,,,,"U",0
3749029,"819605","Animalia","Chordata","Mammalia","Carnivora","Canidae","Canis familiaris (dingo)","dingo",1068,"Linnaeus, 1758",,,False,"QA","Queensland Historical Fauna Database","Barry & James (1991)","01-09-1991","30-09-1991","01-09-1991","Key are 11/1, 30km N of Alpha",-23.281765,146.617804,"GDA2020",13000,,,,"U",0
3679072,"723432","Animalia","Chordata","Mammalia","Carnivora","Canidae","Canis familiaris (dingo)","dingo",1068,"Linnaeus, 1758",,,False,"QA","Queensland Historical Fauna Database","EPA-BBS Fauna Survey (1999)","05-05-1999","05-05-1999","05-05-1999","The National Park 'donga' 100 metres from Salvator Rosa campground Site=L342, Salvator Rosa NPW490",-24.803003,147.205298,"GDA2020",300,,,,"U",0
3679438,"723886","Animalia","Chordata","Mammalia","Carnivora","Canidae","Canis familiaris (dingo)","dingo",1068,"Linnaeus, 1758",,,False,"QA","Queensland Historical Fauna Database","EPA-BBS Fauna Survey (1999)","20-04-1999","20-04-1999","20-04-1999","West of the main north/south road; south of the holding yards Site=S055, Goodedulla NPW811",-23.258355,149.751334,"GDA2020",300,,,,"U",0
3749845,"820427","Animalia","Chordata","Mammalia","Carnivora","Canidae","Canis familiaris (dingo)","dingo",1068,"Linnaeus, 1758",,,False,"QA","Queensland Historical Fauna Database","Dames & Moore (1990)","01-11-1989","30-11-1989","01-11-1989","Manifold Hills area, Port Clinton area",-22.723409,150.784412,"GDA2020",1800,,,,"U",0
3750182,"820765","Animalia","Chordata","Mammalia","Carnivora","Canidae","Canis familiaris (dingo)","dingo",1068,"Linnaeus, 1758",,,False,"QA","Queensland Historical Fauna Database","Smith (1996)","19-02-1996","19-02-1996","19-02-1996","German Creek coal area, nr Middlemount",-22.915090,148.601102,"GDA2020",5000,,,,"U",0
3750543,"821127","Animalia","Chordata","Mammalia","Carnivora","Canidae","Canis familiaris (dingo)","dingo",1068,"Linnaeus, 1758",,,False,"QA","Queensland Historical Fauna Database","Smith (1996)","24-09-1996","24-09-1996","24-09-1996","Theodore prospect area, N & S of Theodore",-24.957235,150.017763,"GDA2020",15000,,,,"U",0
3679539,"723997","Animalia","Chordata","Mammalia","Carnivora","Canidae","Canis familiaris (dingo)","dingo",1068,"Linnaeus, 1758",,,False,"QA","Queensland Historical Fauna Database","EPA-BBS Fauna Survey (1999)","20-04-1999","20-04-1999","20-04-1999","""Reilly's Dam"" - campsite Site=T100, Goodedulla NPW811",-23.216417,149.739156,"GDA2020",300,,,,"U",0
3753099,"878300","Animalia","Chordata","Mammalia","Carnivora","Canidae","Canis familiaris (dingo)","dingo",1068,"Linnaeus, 1758",,,False,"QA","Queensland Historical Fauna Database","Elson et al. (1997)","01-07-1997","31-07-1997","01-07-1997","Lorna Vale Stn, 10km N of Marlborough",-22.740080,149.851094,"GDA2020",2000,,,,"U",0
3744856,"815406","Animalia","Chordata","Mammalia","Carnivora","Canidae","Canis familiaris (dingo)","dingo",1068,"Linnaeus, 1758",,,False,"QA","Queensland Historical Fauna Database","GHD (1988)","01-01-1987","31-12-1987","01-01-1987","Conveyor corridor-Nickel Plant, N of Yabulu",-19.181773,146.617780,"GDA2020",1800,,,,"U",0
3753952,"879502","Animalia","Chordata","Mammalia","Carnivora","Canidae","Canis familiaris (dingo)","dingo",1068,"Linnaeus, 1758",,,False,"QA","Queensland Historical Fauna Database","Strong (1997)","01-01-1995","31-12-1995","01-01-1995","Helensvale Stn nr Gracemere",-23.373409,150.409420,"GDA2020",3000,,,,"U",0
3753962,"879512","Animalia","Chordata","Mammalia","Carnivora","Canidae","Canis familiaris (dingo)","dingo",1068,"Linnaeus, 1758",,,False,"QA","Queensland Historical Fauna Database","Thomas (1993)","01-01-1993","31-12-1993","01-01-1993","Idalia NP study site",-24.877610,144.759509,"GDA2020",6000,,,,"U",0
3742328,"812848","Animalia","Chordata","Mammalia","Carnivora","Canidae","Canis familiaris (dingo)","dingo",1068,"Linnaeus, 1758",,,False,"QA","Queensland Historical Fauna Database","Lawrie (1982)","01-01-1982","31-12-1982","01-01-1982","Starbright Stn, junction Burdekin & Star Rivers",-19.490112,145.859459,"GDA2020",5000,,,,"U",0
3679724,"724214","Animalia","Chordata","Mammalia","Carnivora","Canidae","Canis familiaris (dingo)","dingo",1068,"Linnaeus, 1758",,,False,"QA","Queensland Historical Fauna Database","EPA-BBS Fauna Survey (1999)","12-04-1999","12-04-1999","12-04-1999","Approximately 900 metres from the South-Western boundary of State Forest Site=S052, Morinish SF878",-23.313805,150.139906,"GDA2020",300,,,,"U",0
3755241,"879750","Animalia","Chordata","Mammalia","Carnivora","Canidae","Canis familiaris (dingo)","dingo",1068,"Linnaeus, 1758",,,False,"QA","Queensland Historical Fauna Database","Environmental Research & Education (1996)","20-04-1996","20-04-1996","20-04-1996","Hail Creek mining lease area",-21.490092,148.392766,"GDA2020",1800,,,,"U",0
3755478,"880684","Animalia","Chordata","Mammalia","Carnivora","Canidae","Canis familiaris (dingo)","dingo",1068,"Linnaeus, 1758",,,False,"QA","Queensland Historical Fauna Database","ISON Environmental Planners (1994)","01-07-1992","31-07-1992","01-07-1992","Proposed power stn nr Brigalow",-26.906741,150.742770,"GDA2020",1800,,,,"U",0
3742295,"812815","Animalia","Chordata","Mammalia","Carnivora","Canidae","Canis familiaris (dingo)","dingo",1068,"Linnaeus, 1758",,,False,"QA","Queensland Historical Fauna Database","Calvert (1994)","09-04-1994","09-04-1994","09-04-1994","Site C/D, Rocky Springs estate nr Julago, SE of Townsville",-19.370383,146.886666,"GDA2020",900,,,,"U",0
3749292,"819869","Animalia","Chordata","Mammalia","Carnivora","Canidae","Canis familiaris (dingo)","dingo",1068,"Linnaeus, 1758",,,False,"QA","Queensland Historical Fauna Database","Dames & Moore (1990)","01-11-1989","30-11-1989","01-11-1989","Freshwater Bay area, Port Clinton area",-22.635909,150.771911,"GDA2020",900,,,,"U",0
3759655,"884956","Animalia","Chordata","Mammalia","Carnivora","Canidae","Canis familiaris (dingo)","dingo",1068,"Linnaeus, 1758",,,False,"QA","Queensland Historical Fauna Database","Fisher (1998)","01-01-1993","31-12-1993","01-01-1993","Taunton NP",-23.548414,149.217769,"GDA2020",1800,,,,"U",0
3749293,"819870","Animalia","Chordata","Mammalia","Carnivora","Canidae","Canis familiaris (dingo)","dingo",1068,"Linnaeus, 1758",,,False,"QA","Queensland Historical Fauna Database","Dames & Moore (1990)","01-11-1989","30-11-1989","01-11-1989","Pearl Bay area, Port Clinton area",-22.431742,150.692744,"GDA2020",900,,,,"U",0
3761578,"886789","Animalia","Chordata","Mammalia","Carnivora","Canidae","Canis familiaris (dingo)","dingo",1068,"Linnaeus, 1758",,,False,"QA","Queensland Historical Fauna Database","Houston etal. (2001)","19-03-2001","19-03-2001","19-03-2001","Brigalow woodland site, Albinia NP",-24.441468,148.514174,"GDA2020",350,,,,"U",0
3761665,"886876","Animalia","Chordata","Mammalia","Carnivora","Canidae","Canis familiaris (dingo)","dingo",1068,"Linnaeus, 1758",,,False,"QA","Queensland Historical Fauna Database","Fisher (2000)","01-01-1996","31-12-1996","01-01-1996","Taunton NP",-23.548414,149.217769,"GDA2020",1800,,,,"U",0
3745430,"815983","Animalia","Chordata","Mammalia","Carnivora","Canidae","Canis familiaris (dingo)","dingo",1068,"Linnaeus, 1758",,,False,"QA","Queensland Historical Fauna Database","James & Barry (1991)","01-09-1991","30-09-1991","01-09-1991","C&WR R.13, Cairdbeigh , 20km SE of Springsure",-24.240083,148.238621,"GDA2020",4000,,,,"U",0
3764030,"889417","Animalia","Chordata","Mammalia","Carnivora","Canidae","Canis familiaris (dingo)","dingo",1068,"Linnaeus, 1758",,,False,"QA","Queensland Historical Fauna Database","Dames & Moore (1998)","01-12-1997","31-12-1997","01-12-1997","Comalco port site",-23.809515,151.160783,"GDA2020",300,,,,"U",0
3764513,"889908","Animalia","Chordata","Mammalia","Carnivora","Canidae","Canis familiaris (dingo)","dingo",1068,"Linnaeus, 1758",,,False,"QA","Queensland Historical Fauna Database","Dames & Moore (1998)","01-12-1997","31-12-1997","01-12-1997","Aldoga - north1",-23.853960,151.075230,"GDA2020",300,,,,"U",0
3754267,"879963","Animalia","Chordata","Mammalia","Carnivora","Canidae","Canis familiaris (dingo)","dingo",1068,"Linnaeus, 1758",,,False,"QA","Queensland Historical Fauna Database","Sinclair Knight Merz (1998)","01-07-1998","31-07-1998","01-07-1998","Proposed power stn, Stoney Ck W of Ross River Dam, Townsville",-19.405384,146.676113,"GDA2020",2000,,,,"U",0
3748953,"819529","Animalia","Chordata","Mammalia","Carnivora","Canidae","Canis familiaris (dingo)","dingo",1068,"Linnaeus, 1758",,,False,"QA","Queensland Historical Fauna Database","Lawrie (1982)","01-01-1982","31-12-1982","01-01-1982","Area 5, Black Wattle Ck Holding/Mt Hope, 160km SSE Charters Towers",-21.460930,146.717792,"GDA2020",3000,,,,"U",0
3748935,"819511","Animalia","Chordata","Mammalia","Carnivora","Canidae","Canis familiaris (dingo)","dingo",1068,"Linnaeus, 1758",,,False,"QA","Queensland Historical Fauna Database","Lawrie (1982)","01-01-1982","31-12-1982","01-01-1982","Black Wattle Ck Holding/Mt Hope, 160km SSE Charters Towers",-21.435930,146.680292,"GDA2020",7000,,,,"U",0
3754973,"878934","Animalia","Chordata","Mammalia","Carnivora","Canidae","Canis familiaris (dingo)","dingo",1068,"Linnaeus, 1758",,,False,"QA","Queensland Historical Fauna Database","Thurgate (2000)","23-05-2000","23-05-2000","23-05-2000","Claroy Nature Refuge, 50km E of Clermont",-22.872313,148.229163,"GDA2020",1500,,,,"U",0
3766259,"891510","Animalia","Chordata","Mammalia","Carnivora","Canidae","Canis familiaris (dingo)","dingo",1068,"Linnaeus, 1758",,,False,"QA","Queensland Historical Fauna Database","Sinclair Knight Merz (1999)","01-01-1999","31-12-1999","01-01-1999","Fauna site 7, Stuart Stage 2 area, NW of Gladstone",-23.802571,151.151617,"GDA2020",450,,,,"U",0
3753011,"878212","Animalia","Chordata","Mammalia","Carnivora","Canidae","Canis familiaris (dingo)","dingo",1068,"Linnaeus, 1758",,,False,"QA","Queensland Historical Fauna Database","Environmental & Licensing Professionals (1998)","01-09-1998","30-09-1998","01-09-1998","Power Stn site, Graham Rd, W of Dalby",-27.113684,150.903881,"GDA2020",900,,,,"U",0
3767055,"892308","Animalia","Chordata","Mammalia","Carnivora","Canidae","Canis familiaris (dingo)","dingo",1068,"Linnaeus, 1758",,,False,"QA","Queensland Historical Fauna Database","Cameron McNamara (1981)","01-10-1980","31-10-1980","01-10-1980","Theodore Coal Project area nr Theodore",-25.031742,150.059421,"GDA2020",24000,,,,"U",0
3767341,"892603","Animalia","Chordata","Mammalia","Carnivora","Canidae","Canis familiaris (dingo)","dingo",1068,"Linnaeus, 1758",,,False,"QA","Queensland Historical Fauna Database","Anon (1990)","02-11-1990","02-11-1990","02-11-1990","Cudmore Stn",-22.965106,146.367789,"GDA2020",5400,,,,"U",0
3770556,"895870","Animalia","Chordata","Mammalia","Carnivora","Canidae","Canis familiaris (dingo)","dingo",1068,"Linnaeus, 1758",,,False,"QA","Queensland Historical Fauna Database","Dames & Moore (1999)","01-08-1998","31-08-1998","01-08-1998","Site P1, Stanwell Magnesium Plant Area",-23.502577,150.317738,"GDA2020",450,,,,"U",0
3756023,"881230","Animalia","Chordata","Mammalia","Carnivora","Canidae","Canis familiaris (dingo)","dingo",1068,"Linnaeus, 1758",,,False,"QA","Queensland Historical Fauna Database","AGC Woodward-Clyde (1991)","07-05-1991","07-05-1991","07-05-1991","Moranbah North EPC506",-21.906760,147.992772,"GDA2020",4500,,,,"U",0
3753234,"878436","Animalia","Chordata","Mammalia","Carnivora","Canidae","Canis familiaris (dingo)","dingo",1068,"Linnaeus, 1758",,,False,"QA","Queensland Historical Fauna Database","Dames & Moore (1996)","17-05-1995","17-05-1995","17-05-1995","Zinc Smelter Site 4, SE of Townsville",-19.331494,146.886666,"GDA2020",300,,,,"U",0
3764692,"890087","Animalia","Chordata","Mammalia","Carnivora","Canidae","Canis familiaris (dingo)","dingo",1068,"Linnaeus, 1758",,,False,"QA","Queensland Historical Fauna Database","Barry (1991)","01-10-1991","31-10-1991","01-10-1991","Pebbly Creek",-23.481766,147.184449,"GDA2020",3600,,,,"U",0
3764678,"890073","Animalia","Chordata","Mammalia","Carnivora","Canidae","Canis familiaris (dingo)","dingo",1068,"Linnaeus, 1758",,,False,"QA","Queensland Historical Fauna Database","Barry (1991)","01-10-1991","31-10-1991","01-10-1991","Mt Tabletop & Billaboo Holding",-23.415099,147.167782,"GDA2020",3600,,,,"U",0
3760090,"885299","Animalia","Chordata","Mammalia","Carnivora","Canidae","Canis familiaris (dingo)","dingo",1068,"Linnaeus, 1758",,,False,"QA","Queensland Historical Fauna Database","Houston etal. (2001)","19-03-2001","19-03-2001","19-03-2001","Incidental record, Albinia NP",-24.465079,148.484453,"GDA2020",5000,,,,"U",0
3762882,"888103","Animalia","Chordata","Mammalia","Carnivora","Canidae","Canis familiaris (dingo)","dingo",1068,"Linnaeus, 1758",,,False,"QA","Queensland Historical Fauna Database","Hyder Consulting (1999)","01-09-1997","30-09-1997","01-09-1997","Awoonga-Callide pipeline route",-24.298406,150.784414,"GDA2020",12000,,,,"U",0
3755563,"880769","Animalia","Chordata","Mammalia","Carnivora","Canidae","Canis familiaris (dingo)","dingo",1068,"Linnaeus, 1758",,,False,"QA","Queensland Historical Fauna Database","Barry (1986)","14-07-1986","14-07-1986","14-07-1986","Wondekai Holding, 35km S of Theodore",-25.265070,150.051100,"GDA2020",2000,,,,"U",0
3766429,"891681","Animalia","Chordata","Mammalia","Carnivora","Canidae","Canis familiaris (dingo)","dingo",1068,"Linnaeus, 1758",,,False,"QA","Queensland Historical Fauna Database","Sinclair Knight Merz (1999)","01-01-1999","31-12-1999","01-01-1999","Fauna incidental, Stuart Stage 2 area, NW of Gladstone",-23.790071,151.134395,"GDA2020",3500,,,,"U",0
3796243,"923283","Animalia","Chordata","Mammalia","Carnivora","Canidae","Canis familiaris (dingo)","dingo",1068,"Linnaeus, 1758",,,False,"QA","Queensland Historical Fauna Database","CSIRO (1992)","01-01-1990","31-12-1990","01-01-1990","Noonbah Stn - receiver stn area",-24.198461,143.201173,"GDA2020",10000,,,,"U",0
3796551,"923593","Animalia","Chordata","Mammalia","Carnivora","Canidae","Canis familiaris (dingo)","dingo",1068,"Linnaeus, 1758",,,False,"QA","Queensland Historical Fauna Database","Addicott (1994)","01-01-1992","31-12-1992","01-01-1992","Forest Den NP",-22.123448,145.201131,"GDA2020",4500,,,,"U",0
3796617,"923659","Animalia","Chordata","Mammalia","Carnivora","Canidae","Canis familiaris (dingo)","dingo",1068,"Linnaeus, 1758",,,False,"QA","Queensland Historical Fauna Database","Munks (1993)","01-01-1992","31-12-1992","01-01-1992","Prairie-Torrens Creek Alluvials Province, Desert Uplands",-21.631784,145.001129,"GDA2020",54000,,,,"U",0
3797574,"924623","Animalia","Chordata","Mammalia","Carnivora","Canidae","Canis familiaris (dingo)","dingo",1068,"Linnaeus, 1758",,,False,"QA","Queensland Historical Fauna Database","Hannah & Thurgate (1998)","13-07-1998","13-07-1998","13-07-1998","Monklands-Oakleigh Stns, Jericho Shire",-23.515104,146.501125,"GDA2020",8000,,,,"U",0
3799105,"925890","Animalia","Chordata","Mammalia","Carnivora","Canidae","Canis familiaris (dingo)","dingo",1068,"Linnaeus, 1758",,,False,"QA","Queensland Historical Fauna Database","Dollery (1997)","01-01-1990","31-12-1990","01-01-1990","Mariala NP (general)",-26.031780,145.034500,"GDA2020",14000,,,,"U",0
3800214,"926999","Animalia","Chordata","Mammalia","Carnivora","Canidae","Canis familiaris (dingo)","dingo",1068,"Linnaeus, 1758",,,False,"QA","Queensland Historical Fauna Database","Dollery (1997)","01-01-1990","31-12-1990","01-01-1990","Charleville region",-26.398445,145.251168,"GDA2020",54000,,,,"U",0
3800589,"927374","Animalia","Chordata","Mammalia","Carnivora","Canidae","Canis familiaris (dingo)","dingo",1068,"Linnaeus, 1758",,,False,"QA","Queensland Historical Fauna Database","Dollery (1997)","01-01-1990","31-12-1990","01-01-1990","Chesterton NP (general)",-26.198428,147.417803,"GDA2020",12000,,,,"U",0
3800870,"927655","Animalia","Chordata","Mammalia","Carnivora","Canidae","Canis familiaris (dingo)","dingo",1068,"Linnaeus, 1758",,,False,"QA","Queensland Historical Fauna Database","Dollery (1997)","01-01-1990","31-12-1990","01-01-1990","Currawinya NP (general)",-28.815119,144.534536,"GDA2020",40000,,,,"U",0
3801430,"928215","Animalia","Chordata","Mammalia","Carnivora","Canidae","Canis familiaris (dingo)","dingo",1068,"Linnaeus, 1758",,,False,"QA","Queensland Historical Fauna Database","Dollery (1997)","01-01-1990","31-12-1990","01-01-1990","Lake Bindegolly NP (general)",-28.060955,144.172033,"GDA2020",6000,,,,"U",0
3765124,"890523","Animalia","Chordata","Mammalia","Carnivora","Canidae","Canis familiaris (dingo)","dingo",1068,"Linnaeus, 1758",,,False,"QA","Queensland Historical Fauna Database","Kinhill (1999)","23-02-1999","23-02-1999","23-02-1999","Proposed Cooranga Weir area, Boyne River",-25.806732,151.334409,"GDA2020",3600,,,,"U",0
3820348,"963605","Animalia","Chordata","Mammalia","Carnivora","Canidae","Canis familiaris (dingo)","dingo",1068,"Linnaeus, 1758",,,False,"QA","Queensland Historical Fauna Database","Barry (1984)","01-01-1984","31-01-1984","01-01-1984","Newington Stn, Portion 2",-27.065082,148.926123,"GDA2020",4500,,,,"U",0
3765949,"891198","Animalia","Chordata","Mammalia","Carnivora","Canidae","Canis familiaris (dingo)","dingo",1068,"Linnaeus, 1758",,,False,"QA","Queensland Historical Fauna Database","McIntyre & Associates (1988)","01-01-1986","31-12-1986","01-01-1986","Gordonstone mine lease, Crinum Ck area",-23.281758,148.334431,"GDA2020",7000,,,,"U",0
3822210,"965467","Animalia","Chordata","Mammalia","Carnivora","Canidae","Canis familiaris (dingo)","dingo",1068,"Linnaeus, 1758",,,False,"QA","Queensland Historical Fauna Database","Mahon & Dickman (1995)","01-01-1995","31-12-1995","01-01-1995","Carlo Stn, western Qld",-23.448496,138.601219,"GDA2020",7200,,,,"U",0
3822225,"965482","Animalia","Chordata","Mammalia","Carnivora","Canidae","Canis familiaris (dingo)","dingo",1068,"Linnaeus, 1758",,,False,"QA","Queensland Historical Fauna Database","Mahon & Dickman (1995)","01-01-1995","31-12-1995","01-01-1995","Cravens Peak Stn, western Qld",-23.265163,138.517885,"GDA2020",7200,,,,"U",0
3826084,"969598","Animalia","Chordata","Mammalia","Carnivora","Canidae","Canis familiaris (dingo)","dingo",1068,"Linnaeus, 1758",,,False,"QA","Queensland Historical Fauna Database","Muths (1995)","01-01-1993","31-12-1993","01-01-1993","Idalia NP study site",-24.881776,144.767842,"GDA2020",1500,,,,"U",0
3828325,"971846","Animalia","Chordata","Mammalia","Carnivora","Canidae","Canis familiaris (dingo)","dingo",1068,"Linnaeus, 1758",,,False,"QA","Queensland Historical Fauna Database","McCosker (1997)","01-01-1992","31-12-1992","01-01-1992","Mount Mica study area (Peakvale land system)",-23.298428,147.501121,"GDA2020",7200,,,,"U",0
3791907,"918193","Animalia","Chordata","Mammalia","Carnivora","Canidae","Canis familiaris (dingo)","dingo",1068,"Linnaeus, 1758",,,False,"QA","Queensland Historical Fauna Database","Lowry (1990)","01-01-1989","31-12-1989","01-01-1989","Rubbish dump W of Paluma",-19.009562,146.196929,"GDA2020",450,,,,"U",0
3832737,,"Animalia","Chordata","Mammalia","Carnivora","Canidae","Canis familiaris (dingo)","dingo",1068,"Linnaeus, 1758",,,False,"QA","Harry Hines fauna data","QNC Princess Hills fauna survey","05-09-2002",,"05-09-2002","Princess Hills section, Lumholtz National Park, NEQ.",-18.267898,145.320000,"GDA2020",50,1,"A",,"C",0
3792099,"918387","Animalia","Chordata","Mammalia","Carnivora","Canidae","Canis familiaris (dingo)","dingo",1068,"Linnaeus, 1758",,,False,"QA","Queensland Historical Fauna Database","Heinsohn (1986)","28-03-1986","28-03-1986","28-03-1986","Wambiana Stn, betw lagoon & Campaspe River",-20.535946,146.101107,"GDA2020",900,,,,"U",0
3833336,,"Animalia","Chordata","Mammalia","Carnivora","Canidae","Canis familiaris (dingo)","dingo",1068,"Linnaeus, 1758",,,False,"QA","Moggill QPWS fauna data","Crossdale","05-08-1999",,"05-08-1999","'Crossdale' McKeys Road, Crossdale Esk Shire, SEQ.",-27.200411,152.530467,"GDA2020",100,,,,"V",0
3802721,"929613","Animalia","Chordata","Mammalia","Carnivora","Canidae","Canis familiaris (dingo)","dingo",1068,"Linnaeus, 1758",,,False,"QA","Queensland Historical Fauna Database","Sharp etal. (1992)","01-01-1992","31-12-1992","01-01-1992","Camerons Tank, Idalia NP",-24.714282,144.739214,"GDA2020",450,,,,"U",0
3820458,"963715","Animalia","Chordata","Mammalia","Carnivora","Canidae","Canis familiaris (dingo)","dingo",1068,"Linnaeus, 1758",,,False,"QA","Queensland Historical Fauna Database","Pyke (1991)","01-03-1991","31-03-1991","01-03-1991","Chevy Chase Holding, N of Jericho",-23.181773,146.184460,"GDA2020",5400,,,,"U",0
3837982,,"Animalia","Chordata","Mammalia","Carnivora","Canidae","Canis familiaris (dingo)","dingo",1068,"Linnaeus, 1758",,,False,"QA","Rod Hobson's wildlife data","Southern Brigalow Belt Fauna Survey","17-03-2003","23-03-2003","17-03-2003","Bendidee National Park, SEQ.",-28.310605,150.502470,"GDA2020",1000,,,,"C",0
3792196,"918484","Animalia","Chordata","Mammalia","Carnivora","Canidae","Canis familiaris (dingo)","dingo",1068,"Linnaeus, 1758",,,False,"QA","Queensland Historical Fauna Database","Swaby (1991)","01-02-1991","28-02-1991","01-02-1991","JCU campus, Townsville",-19.327613,146.759424,"GDA2020",900,,,,"U",0
3792358,"918646","Animalia","Chordata","Mammalia","Carnivora","Canidae","Canis familiaris (dingo)","dingo",1068,"Linnaeus, 1758",,,False,"QA","Queensland Historical Fauna Database","Burnett (1986)","07-06-1986","07-06-1986","07-06-1986","Nr Reedy Brook turnoff",-18.681792,145.038608,"GDA2020",450,,,,"U",0
3790508,"916606","Animalia","Chordata","Mammalia","Carnivora","Canidae","Canis familiaris (dingo)","dingo",1068,"Linnaeus, 1758",,,False,"QA","Queensland Historical Fauna Database","Pacific Aquaculture & Environment","02-08-1999","02-08-1999","02-08-1999","Lisgar Stn, Wilson's Ck-Rocky Ponds Ck area",-19.826217,147.639971,"GDA2020",2000,,,,"U",0
3793538,"919915","Animalia","Chordata","Mammalia","Carnivora","Canidae","Canis familiaris (dingo)","dingo",1068,"Linnaeus, 1758",,,False,"QA","Queensland Historical Fauna Database","Swaby (1991)","25-08-1991","25-08-1991","25-08-1991","Sandfly Ck nr sewage outfall, Townsville",-19.281779,146.859422,"GDA2020",900,,,,"U",0
3790568,"916667","Animalia","Chordata","Mammalia","Carnivora","Canidae","Canis familiaris (dingo)","dingo",1068,"Linnaeus, 1758",,,False,"QA","Queensland Historical Fauna Database","Britton & Britton (1997)","01-07-1997","31-07-1997","01-07-1997","Near Kynuna",-21.577638,141.922000,"GDA2020",3600,,,,"U",0
3791786,"918071","Animalia","Chordata","Mammalia","Carnivora","Canidae","Canis familiaris (dingo)","dingo",1068,"Linnaeus, 1758",,,False,"QA","Queensland Historical Fauna Database","Kesteven (1987)","22-03-1987","22-03-1987","22-03-1987","Lower Bluewater-Deep Cks, N of Townsville",-19.223448,146.517760,"GDA2020",1800,,,,"U",0
3831806,,"Animalia","Chordata","Mammalia","Carnivora","Canidae","Canis familiaris (dingo)","dingo",1068,"Linnaeus, 1758",,,False,"QA","Incidental Records","Incidental Wildlife Sightings - QPW Wet Tropics Region","26-09-2002",,"26-09-2002","Brumby Dam",-19.491387,144.052183,"GDA2020",500,1,"A",,"C",0
3832973,,"Animalia","Chordata","Mammalia","Carnivora","Canidae","Canis familiaris (dingo)","dingo",1068,"Linnaeus, 1758",,,False,"QA","Harry Hines fauna data","QNC Princess Hills fauna survey","31-08-2002","10-09-2002","31-08-2002","Laterite ridge, Greasy Creek track, Princess Hills section of Lumholtz National Park, NEQ.",-18.277898,145.332500,"GDA2020",50,,,,"C",0
3833670,,"Animalia","Chordata","Mammalia","Carnivora","Canidae","Canis familiaris (dingo)","dingo",1068,"Linnaeus, 1758",,,False,"QA","Moggill QPWS fauna data","Girraween National Park fauna survey","18-04-2002","18-04-2002","18-04-2002","Drier marshy area at the northern end of Dingo Swamp, Racecourse Creek in the eastern section of Girraween National Park, SEQ.",-28.865852,152.004293,"GDA2020",100,1,"E",,"C",0
3847644,,"Animalia","Chordata","Mammalia","Carnivora","Canidae","Canis familiaris (dingo)","dingo",1068,"Linnaeus, 1758",,,False,"QA","Central Region Natural Resource Management Unit","Cape Upstart NRM meeting","13-10-2002",,"13-10-2002","Cape Upstart",-19.860252,147.867646,"GDA2020",1000,,,,"C",0
3834945,,"Animalia","Chordata","Mammalia","Carnivora","Canidae","Canis familiaris (dingo)","dingo",1068,"Linnaeus, 1758",,,False,"QA","NatureSearch Moggill","Volunteer Incidental Records","05-07-2001","05-07-2002","05-07-2001","Bribie Island, Poverty Creek from mouth of Poverty Creek",-26.991654,153.100006,"GDA2020",1000,,,,"U",0
3838195,,"Animalia","Chordata","Mammalia","Carnivora","Canidae","Canis familiaris (dingo)","dingo",1068,"Linnaeus, 1758",,,False,"QA","Rod Hobson's wildlife data","Rod Hobson's incidental records","30-03-2003","30-03-2003","30-03-2003","Girraween National Park (western section), SEQ.",-28.822557,151.915817,"GDA2020",500,1,"A",,"C",0
3839860,,"Animalia","Chordata","Mammalia","Carnivora","Canidae","Canis familiaris (dingo)","dingo",1068,"Linnaeus, 1758",,,False,"QA","Rod Hobson's wildlife data","Rod Hobson's incidental records","18-10-2002","20-10-2002","18-10-2002","Dilli Village, Fraser Island, Great Sandy National Park, SEQ.",-25.599285,153.091671,"GDA2020",10,1,"A",,"C",0
3886209,"3863","Animalia","Chordata","Mammalia","Carnivora","Canidae","Canis familiaris (dingo)","dingo",1068,"Linnaeus, 1758",,,False,"QA","Incidental Records","Keith R. McDonalds Incidental Records","14-10-2001",,"14-10-2001","Black Swamp Spring, Blackbraes N.P.",-19.503876,144.222785,"GDA2020",33,1,"A",,"C",0
3839861,,"Animalia","Chordata","Mammalia","Carnivora","Canidae","Canis familiaris (dingo)","dingo",1068,"Linnaeus, 1758",,,False,"QA","Rod Hobson's wildlife data","Rod Hobson's incidental records","18-10-2002","20-10-2002","18-10-2002","Dilli Village, Fraser Island, Great Sandy National Park, SEQ.",-25.599285,153.091671,"GDA2020",10,1,"A",,"C",0
3886641,"3894","Animalia","Chordata","Mammalia","Carnivora","Canidae","Canis familiaris (dingo)","dingo",1068,"Linnaeus, 1758",,,False,"QA","Incidental Records","Keith R. McDonalds Incidental Records","16-10-2001",,"16-10-2001","BLACKBRAES N.P.",-19.574709,144.058619,"GDA2020",33,1,"A",,"C",0
3886657,"4009","Animalia","Chordata","Mammalia","Carnivora","Canidae","Canis familiaris (dingo)","dingo",1068,"Linnaeus, 1758",,,False,"QA","Incidental Records","Keith R. McDonalds Incidental Records","23-11-2001",,"23-11-2001","LAKEFIELD N.P.",-15.119709,144.312786,"GDA2020",33,1,"A",,"C",0
3840721,,"Animalia","Chordata","Mammalia","Carnivora","Canidae","Canis familiaris (dingo)","dingo",1068,"Linnaeus, 1758",,,False,"QA","Rod Hobson's wildlife data","Rod Hobson's incidental records","22-09-1999","23-09-1999","22-09-1999","Lakefield National Park, FNQ.",-15.176810,144.331097,"GDA2020",10000,,,,"C",0
3842444,,"Animalia","Chordata","Mammalia","Carnivora","Canidae","Canis familiaris (dingo)","dingo",1068,"Linnaeus, 1758",,,False,"QA","Rod Hobson's wildlife data","Rod Hobson's incidental records","11-05-2003","16-05-2003","11-05-2003","Kingfisher Bay Resort Village, Fraser Island, Great Sandy National Park, SEQ.",-25.391232,153.034034,"GDA2020",500,,,,"C",0
3847363,,"Animalia","Chordata","Mammalia","Carnivora","Canidae","Canis familiaris (dingo)","dingo",1068,"Linnaeus, 1758",,,False,"QA","Central Region Natural Resource Management Unit","Conway State Forest Great Walks Fauna Survey","11-05-2002",,"11-05-2002","Whitsunday/ Conway State Forest",-20.351005,148.727225,"GDA2020",100,,,,"C",0
3847714,,"Animalia","Chordata","Mammalia","Carnivora","Canidae","Canis familiaris (dingo)","dingo",1068,"Linnaeus, 1758",,,False,"QA","Central Region Natural Resource Management Unit","Nairana Fauna Survey","04-11-2002",,"04-11-2002","Nairana National Park",-21.723227,146.945704,"GDA2020",100,,,,"C",0
3843332,,"Animalia","Chordata","Mammalia","Carnivora","Canidae","Canis familiaris (dingo)","dingo",1068,"Linnaeus, 1758",,,False,"QA","Rod Hobson's wildlife data","Rod Hobson's incidental records","12-08-1996","12-08-1996","12-08-1996","Hells Gate, FNQ.",-17.467586,138.365008,"GDA2020",1000,1,"A",,"C",0
3847409,,"Animalia","Chordata","Mammalia","Carnivora","Canidae","Canis familiaris (dingo)","dingo",1068,"Linnaeus, 1758",,,False,"QA","Central Region Natural Resource Management Unit","Conway State Forest Great Walks Fauna Survey","07-05-2002",,"07-05-2002","Whitsunday/ Conway State Forest",-20.350017,148.755679,"GDA2020",100,,,,"C",0
3847906,,"Animalia","Chordata","Mammalia","Carnivora","Canidae","Canis familiaris (dingo)","dingo",1068,"Linnaeus, 1758",,,False,"QA","Central Region Natural Resource Management Unit","Nairana Fauna Survey","05-11-2002",,"05-11-2002","Nairana National Park",-21.623642,146.843424,"GDA2020",100,,,,"C",0
3847912,,"Animalia","Chordata","Mammalia","Carnivora","Canidae","Canis familiaris (dingo)","dingo",1068,"Linnaeus, 1758",,,False,"QA","Central Region Natural Resource Management Unit","Nairana Fauna Survey","05-11-2002",,"05-11-2002","Nairana National Park",-21.623642,146.843424,"GDA2020",100,2,"A",,"C",0
3886282,"1928","Animalia","Chordata","Mammalia","Carnivora","Canidae","Canis familiaris (dingo)","dingo",1068,"Linnaeus, 1758",,,False,"QA","Incidental Records","Keith R. McDonalds Incidental Records","16-09-1999",,"16-09-1999","15 km W Comet",-23.600265,148.672229,"GDA2020",33,1,"A",,"C",0
3969876,,"Animalia","Chordata","Mammalia","Carnivora","Canidae","Canis familiaris (dingo)","dingo",1068,"Linnaeus, 1758",,,False,"QA","Harry Hines fauna data","Harry Hines miscellaneous survey data","15-07-2003","17-07-2003","15-07-2003","Wilson River crossing, Thargomindah - Jackson Road, SWQ.",-27.697351,142.754001,"GDA2020",500,1,"A",,"C",0
3997661,,"Animalia","Chordata","Mammalia","Carnivora","Canidae","Canis familiaris (dingo)","dingo",1068,"Linnaeus, 1758",,,False,"QA","Incidental Records","Al Young Incidental Fauna Data","09-09-1996","15-09-1996","09-09-1996","Baryulah Homestead on Cooper Creek, Durham",-27.566653,141.666674,"GDA2020",1500,1,"A",,"U",0
3998187,,"Animalia","Chordata","Mammalia","Carnivora","Canidae","Canis familiaris (dingo)","dingo",1068,"Linnaeus, 1758",,,False,"QA","Incidental Records","Al Young Incidental Fauna Data","12-04-1993",,"12-04-1993","Glen Lomond Park, McStay St, Toowoomba",-27.617210,151.967506,"GDA2020",100,,,,"C",0
3998189,,"Animalia","Chordata","Mammalia","Carnivora","Canidae","Canis familiaris (dingo)","dingo",1068,"Linnaeus, 1758",,,False,"QA","Incidental Records","Al Young Incidental Fauna Data","25-08-2000",,"25-08-2000","Mt Rascal",-27.626932,151.914173,"GDA2020",100,,,,"C",0
3886149,"3383","Animalia","Chordata","Mammalia","Carnivora","Canidae","Canis familiaris (dingo)","dingo",1068,"Linnaeus, 1758",,,False,"QA","Incidental Records","Keith R. McDonalds Incidental Records","02-03-2001",,"02-03-2001","UNDARA N.P.",-18.159431,144.631952,"GDA2020",33,1,"A",,"C",0
3931041,,"Animalia","Chordata","Mammalia","Carnivora","Canidae","Canis familiaris (dingo)","dingo",1068,"Linnaeus, 1758",,,False,"QA","Wildlife Records System (Central Region) - Incidental","QPWS Estate Incidental & Summarised Records","11-05-2003",,"11-05-2003","Blackdown",-23.793676,149.116687,"GDA2020",300,,,,"C",0
3897937,,"Animalia","Chordata","Mammalia","Carnivora","Canidae","Canis familiaris (dingo)","dingo",1068,"Linnaeus, 1758",,,False,"QA","NatureSearch Moggill","Volunteer Incidental Records","03-03-2003","03-03-2003","03-03-2003","Bribie Island, Bongaree Lagoon (1 km east of Bribie Island Post Office - covered with virgin bush six months ago which has now been flattened.",-27.066654,153.163617,"GDA2020",400,,,,"U",0
3971462,,"Animalia","Chordata","Mammalia","Carnivora","Canidae","Canis familiaris (dingo)","dingo",1068,"Linnaeus, 1758",,,False,"QA","Harry Hines fauna data","Harry Hines incidental records","18-04-2004","19-04-2004","18-04-2004","Deception Creek, near Mount Robert, Dawes Forest Reserve, SEQ.",-24.561745,151.321047,"GDA2020",50,,,,"C",0
3971606,,"Animalia","Chordata","Mammalia","Carnivora","Canidae","Canis familiaris (dingo)","dingo",1068,"Linnaeus, 1758",,,False,"QA","Harry Hines fauna data","Harry Hines incidental records","19-04-2004","20-04-2004","19-04-2004","Old Yards at the head of Munholme Creek, Kroombit Forest Reserve, SEQ.",-24.433909,151.042206,"GDA2020",100,3,"A",,"C",0
4424841,,"Animalia","Chordata","Mammalia","Carnivora","Canidae","Canis familiaris (dingo)","dingo",1068,"Linnaeus, 1758",,,False,"QA","Incidental Records","NatureSearch Additions","01-02-1995",,"01-02-1995","North Stradbroke Is",-27.641987,153.442006,"GDA2020",1300,,,,"U",0
3974536,,"Animalia","Chordata","Mammalia","Carnivora","Canidae","Canis familiaris (dingo)","dingo",1068,"Linnaeus, 1758",,,False,"QA","Central Region Natural Resource Management Unit","Eungella Great Walks fauna survey","28-04-2003",,"28-04-2003","Crediton State Forest",-21.304253,148.525828,"GDA2020",100,,,,"C",0
3974599,,"Animalia","Chordata","Mammalia","Carnivora","Canidae","Canis familiaris (dingo)","dingo",1068,"Linnaeus, 1758",,,False,"QA","Central Region Natural Resource Management Unit","Eungella Great Walks fauna survey","28-04-2003",,"28-04-2003","Homevale Resource Reserve",-21.341918,148.535001,"GDA2020",100,,,,"U",0
3974615,,"Animalia","Chordata","Mammalia","Carnivora","Canidae","Canis familiaris (dingo)","dingo",1068,"Linnaeus, 1758",,,False,"QA","Central Region Natural Resource Management Unit","Eungella Great Walks fauna survey","28-04-2003",,"28-04-2003","Homevale Resource Reserve",-21.317839,148.509840,"GDA2020",100,,,,"U",0
3974691,,"Animalia","Chordata","Mammalia","Carnivora","Canidae","Canis familiaris (dingo)","dingo",1068,"Linnaeus, 1758",,,False,"QA","Central Region Natural Resource Management Unit","Eungella Great Walks fauna survey","28-04-2003",,"28-04-2003","Crediton State Forest",-21.206804,148.495714,"GDA2020",6000,,,,"U",0
4437101,"28","Animalia","Chordata","Mammalia","Carnivora","Canidae","Canis familiaris (dingo)","dingo",1068,"Linnaeus, 1758",,,False,"QA","Far Northern Threatened Species","Cape York Fauna","14-06-2003",,"14-06-2003","Culliban Ck",-13.649996,142.818576,"GDA2020",100,1,"A",,"C",0
4437174,"151","Animalia","Chordata","Mammalia","Carnivora","Canidae","Canis familiaris (dingo)","dingo",1068,"Linnaeus, 1758",,,False,"QA","Far Northern Threatened Species","Cape York Fauna","20-06-2003",,"20-06-2003","Massy Creek, Silver Plains",-13.932121,143.556057,"GDA2020",100,1,"A",,"C",0
3997600,,"Animalia","Chordata","Mammalia","Carnivora","Canidae","Canis familiaris (dingo)","dingo",1068,"Linnaeus, 1758",,,False,"QA","Incidental Records","Al Young Incidental Fauna Data","25-04-1992",,"25-04-1992","Hoods Lagoon, Helidon",-27.530821,152.110839,"GDA2020",500,1,"A",,"C",0
4414613,,"Animalia","Chordata","Mammalia","Carnivora","Canidae","Canis familiaris (dingo)","dingo",1068,"Linnaeus, 1758",,,False,"QA","NatureSearch Moggill","Volunteer Incidental Records","12-05-2004","12-05-2004","12-05-2004","Northern Lookout, Kingfisher Bay Resort, Fraser Island SEQ",-25.386932,153.030006,"GDA2020",1000,2,"A",,"U",0
4437230,"221","Animalia","Chordata","Mammalia","Carnivora","Canidae","Canis familiaris (dingo)","dingo",1068,"Linnaeus, 1758",,,False,"QA","Far Northern Threatened Species","Cape York Fauna","18-06-2003",,"18-06-2003","Rokeby Road, Culliban Creek",-13.638877,142.816312,"GDA2020",100,1,"A",,"C",0
4002293,,"Animalia","Chordata","Mammalia","Carnivora","Canidae","Canis familiaris (dingo)","dingo",1068,"Linnaeus, 1758",,,False,"QA","NatureSearch Moggill","Volunteer Incidental Records","14-04-2004","14-04-2004","14-04-2004","Eurong Village, Fraser Island SEQ",-25.511654,153.124728,"GDA2020",1000,1,"A",,"U",0
4447320,"982912","Animalia","Chordata","Mammalia","Carnivora","Canidae","Canis familiaris (dingo)","dingo",1068,"Linnaeus, 1758",,,False,"QA","Queensland Historical Fauna Database","Horsup & McCosker (1992)","01-01-1991","31-12-1991","01-01-1991","Glenrobin Stn via Jericho",-22.798320,146.251118,"GDA2020",5400,,,,"U",0
4447571,"983166","Animalia","Chordata","Mammalia","Carnivora","Canidae","Canis familiaris (dingo)","dingo",1068,"Linnaeus, 1758",,,False,"QA","Queensland Historical Fauna Database","Horsup & McCosker (1992)","01-01-1991","31-12-1991","01-01-1991","Mallawa Stn via Clermont",-21.831654,147.584452,"GDA2020",5400,,,,"U",0
4414834,,"Animalia","Chordata","Mammalia","Carnivora","Canidae","Canis familiaris (dingo)","dingo",1068,"Linnaeus, 1758",,,False,"QA","NatureSearch Moggill","Volunteer Incidental Records","13-05-2004","13-05-2004","13-05-2004","Eurong - Second Valley, Fraser Island SEQ",-25.514710,153.124173,"GDA2020",1000,1,"A",,"U",0
4449036,"984596","Animalia","Chordata","Mammalia","Carnivora","Canidae","Canis familiaris (dingo)","dingo",1068,"Linnaeus, 1758",,,False,"QA","Queensland Historical Fauna Database","PPK (1993)","01-01-1990","31-12-1990","01-01-1990","Broome Head area nr Stanage Bay",-22.256654,150.145285,"GDA2020",900,,,,"U",0
4414552,,"Animalia","Chordata","Mammalia","Carnivora","Canidae","Canis familiaris (dingo)","dingo",1068,"Linnaeus, 1758",,,False,"QA","NatureSearch Moggill","Volunteer Incidental Records","10-05-2004","10-05-2004","10-05-2004","Pile Valley, Fraser Island SEQ",-25.475821,153.071673,"GDA2020",1000,1,"A",,"U",0
4437086,"6","Animalia","Chordata","Mammalia","Carnivora","Canidae","Canis familiaris (dingo)","dingo",1068,"Linnaeus, 1758",,,False,"QA","Far Northern Threatened Species","Cape York Fauna","13-06-2003",,"13-06-2003","Rokeby Road, at turn-off to Archer Bend",-13.648326,142.669040,"GDA2020",100,1,"A",,"C",0
4449612,"985178","Animalia","Chordata","Mammalia","Carnivora","Canidae","Canis familiaris (dingo)","dingo",1068,"Linnaeus, 1758",,,False,"QA","Queensland Historical Fauna Database","Pearson & Clayton (1993)","01-10-1992","31-10-1992","01-10-1992","Teemburra Creek dam - general terrestrial area",-21.189987,148.667785,"GDA2020",5400,,,,"U",0
4451830,"987400","Animalia","Chordata","Mammalia","Carnivora","Canidae","Canis familiaris (dingo)","dingo",1068,"Linnaeus, 1758",,,False,"QA","Queensland Historical Fauna Database","Environmental Consultants (1982)","01-01-1982","31-12-1982","01-01-1982","Closed forest sites, Goorganga area S of Proserpine",-20.526987,148.598807,"GDA2020",9000,,,,"U",0
4434147,,"Animalia","Chordata","Mammalia","Carnivora","Canidae","Canis familiaris (dingo)","dingo",1068,"Linnaeus, 1758",,,False,"QA","Incidental Records","NatureSearch Additions","12-08-1993","15-08-1993","12-08-1993","Gambubal Forestry barracks & surrounds and head waters of Farm Creek",-28.247187,152.386106,"GDA2020",2000,1,"A",,"U",0
4414708,,"Animalia","Chordata","Mammalia","Carnivora","Canidae","Canis familiaris (dingo)","dingo",1068,"Linnaeus, 1758",,,False,"QA","NatureSearch Moggill","Volunteer Incidental Records","13-05-2004","13-05-2004","13-05-2004","Kingfisher Bay Resort & surrounds, Fraser Island, SEQ",-25.394432,153.029451,"GDA2020",1000,1,"A",,"U",0
4434219,,"Animalia","Chordata","Mammalia","Carnivora","Canidae","Canis familiaris (dingo)","dingo",1068,"Linnaeus, 1758",,,False,"QA","Incidental Records","NatureSearch Additions","12-08-1993","15-08-1993","12-08-1993","Gambubal FR",-28.228887,152.404306,"GDA2020",1500,1,"A",,"U",0
4449357,"985009","Animalia","Chordata","Mammalia","Carnivora","Canidae","Canis familiaris (dingo)","dingo",1068,"Linnaeus, 1758",,,False,"QA","Queensland Historical Fauna Database","Gutteridge Haskins & Davey (1990)","01-04-1990","30-04-1990","01-04-1990","Proposed resort site, Midge Point",-20.656098,148.706674,"GDA2020",1200,,,,"U",0
4436938,,"Animalia","Chordata","Mammalia","Carnivora","Canidae","Canis familiaris (dingo)","dingo",1068,"Linnaeus, 1758",,,False,"QA","Incidental Records","Incidental NatureSearch Records - Cairns/Tablelands","02-11-2000",,"02-11-2000","Bulleringa NP",-17.578187,143.810014,"GDA2020",100,,,,"C",0
4437192,"176","Animalia","Chordata","Mammalia","Carnivora","Canidae","Canis familiaris (dingo)","dingo",1068,"Linnaeus, 1758",,,False,"QA","Far Northern Threatened Species","Cape York Fauna","23-06-2003",,"23-06-2003","Massy Creek, Silver Plains, beach road",-13.900780,143.569700,"GDA2020",100,1,"A",,"C",0
4437196,"181","Animalia","Chordata","Mammalia","Carnivora","Canidae","Canis familiaris (dingo)","dingo",1068,"Linnaeus, 1758",,,False,"QA","Far Northern Threatened Species","Cape York Fauna","24-06-2003",,"24-06-2003","Port Stewart Rd",-14.101098,143.528921,"GDA2020",100,1,"A",,"C",0
4443258,,"Animalia","Chordata","Mammalia","Carnivora","Canidae","Canis familiaris (dingo)","dingo",1068,"Linnaeus, 1758",,,False,"QA","Harry Hines fauna data","Harry Hines incidental records","21-11-2005","21-11-2005","21-11-2005","The Lookout Road, Kroombit Tops Forest Reserve, SEQ.",-24.393847,151.025928,"GDA2020",50,1,"A",,"C",0
4466154,"999355","Animalia","Chordata","Mammalia","Carnivora","Canidae","Canis familiaris (dingo)","dingo",1068,"Linnaeus, 1758",,,False,"QA","Queensland Historical Fauna Database","Schodde etal. (1992)","01-08-1991","31-08-1991","01-08-1991","Transect M1, N Pine Mt, SWBTA",-22.399709,150.195007,"GDA2020",2500,,,,"U",0
4466259,"999460","Animalia","Chordata","Mammalia","Carnivora","Canidae","Canis familiaris (dingo)","dingo",1068,"Linnaeus, 1758",,,False,"QA","Queensland Historical Fauna Database","Schodde etal. (1992)","01-08-1991","31-08-1991","01-08-1991","Transect M2, S Sabina Pt, SWBTA",-22.411654,150.295562,"GDA2020",800,,,,"U",0
4466260,"999461","Animalia","Chordata","Mammalia","Carnivora","Canidae","Canis familiaris (dingo)","dingo",1068,"Linnaeus, 1758",,,False,"QA","Queensland Historical Fauna Database","Schodde etal. (1992)","01-08-1991","31-08-1991","01-08-1991","Transect M3 nr Mooly Ck, SWBTA",-22.448598,150.305285,"GDA2020",2600,,,,"U",0
4466261,"999462","Animalia","Chordata","Mammalia","Carnivora","Canidae","Canis familiaris (dingo)","dingo",1068,"Linnaeus, 1758",,,False,"QA","Queensland Historical Fauna Database","Schodde etal. (1992)","01-08-1991","31-08-1991","01-08-1991","Transect M4, W Mt Fitz, SWBTA",-22.456654,150.222229,"GDA2020",1200,,,,"U",0
4466262,"999463","Animalia","Chordata","Mammalia","Carnivora","Canidae","Canis familiaris (dingo)","dingo",1068,"Linnaeus, 1758",,,False,"QA","Queensland Historical Fauna Database","Schodde etal. (1992)","01-08-1991","31-08-1991","01-08-1991","Transect M5, SW Williamson Airfield, SWBTA",-22.475543,150.177507,"GDA2020",2500,,,,"U",0
4466263,"999464","Animalia","Chordata","Mammalia","Carnivora","Canidae","Canis familiaris (dingo)","dingo",1068,"Linnaeus, 1758",,,False,"QA","Queensland Historical Fauna Database","Schodde etal. (1992)","01-08-1991","31-08-1991","01-08-1991","Transect M6, W Mt Mulgrave, SWBTA",-22.634987,150.238618,"GDA2020",2500,,,,"U",0
4466264,"999465","Animalia","Chordata","Mammalia","Carnivora","Canidae","Canis familiaris (dingo)","dingo",1068,"Linnaeus, 1758",,,False,"QA","Queensland Historical Fauna Database","Schodde etal. (1992)","01-08-1991","31-08-1991","01-08-1991","Transect M7a, NW Blue Route, SWBTA",-22.662209,150.660562,"GDA2020",800,,,,"U",0
4466265,"999466","Animalia","Chordata","Mammalia","Carnivora","Canidae","Canis familiaris (dingo)","dingo",1068,"Linnaeus, 1758",,,False,"QA","Queensland Historical Fauna Database","Schodde etal. (1992)","01-08-1991","31-08-1991","01-08-1991","Transect M7b, NW Blue Route, SWBTA",-22.668043,150.670840,"GDA2020",1300,,,,"U",0
4466266,"999467","Animalia","Chordata","Mammalia","Carnivora","Canidae","Canis familiaris (dingo)","dingo",1068,"Linnaeus, 1758",,,False,"QA","Queensland Historical Fauna Database","Schodde etal. (1992)","01-08-1991","31-08-1991","01-08-1991","Transect M8, SW Crab camp, SWBTA",-22.648598,150.726396,"GDA2020",2500,,,,"U",0
4466267,"999468","Animalia","Chordata","Mammalia","Carnivora","Canidae","Canis familiaris (dingo)","dingo",1068,"Linnaeus, 1758",,,False,"QA","Queensland Historical Fauna Database","Schodde etal. (1992)","01-08-1991","31-08-1991","01-08-1991","Transect M9 in Three Rivers area, SWBTA",-22.742765,150.786673,"GDA2020",2500,,,,"U",0
4466268,"999469","Animalia","Chordata","Mammalia","Carnivora","Canidae","Canis familiaris (dingo)","dingo",1068,"Linnaeus, 1758",,,False,"QA","Queensland Historical Fauna Database","Schodde etal. (1992)","01-08-1991","31-08-1991","01-08-1991","Transect M10, Mountain Track, SWBTA",-22.721654,150.526396,"GDA2020",2200,,,,"U",0
4466269,"999470","Animalia","Chordata","Mammalia","Carnivora","Canidae","Canis familiaris (dingo)","dingo",1068,"Linnaeus, 1758",,,False,"QA","Queensland Historical Fauna Database","Schodde etal. (1992)","01-08-1991","31-08-1991","01-08-1991","Transect M11, Samuel Hill area, SWBTA",-22.747209,150.653618,"GDA2020",1300,,,,"U",0
4466270,"999471","Animalia","Chordata","Mammalia","Carnivora","Canidae","Canis familiaris (dingo)","dingo",1068,"Linnaeus, 1758",,,False,"QA","Queensland Historical Fauna Database","Schodde etal. (1992)","01-08-1991","31-08-1991","01-08-1991","Transect M12, Ewen Ck, SWBTA",-22.738876,150.237507,"GDA2020",2600,,,,"U",0
4466271,"999472","Animalia","Chordata","Mammalia","Carnivora","Canidae","Canis familiaris (dingo)","dingo",1068,"Linnaeus, 1758",,,False,"QA","Queensland Historical Fauna Database","Schodde etal. (1992)","01-08-1991","31-08-1991","01-08-1991","Transect M13, Boundary Rd, SWBTA",-22.743876,150.172785,"GDA2020",2700,,,,"U",0
4466272,"999473","Animalia","Chordata","Mammalia","Carnivora","Canidae","Canis familiaris (dingo)","dingo",1068,"Linnaeus, 1758",,,False,"QA","Queensland Historical Fauna Database","Schodde etal. (1992)","01-08-1991","31-08-1991","01-08-1991","Transect M14, NW The Glen, SWBTA",-22.791376,150.301951,"GDA2020",2400,,,,"U",0
4466273,"999474","Animalia","Chordata","Mammalia","Carnivora","Canidae","Canis familiaris (dingo)","dingo",1068,"Linnaeus, 1758",,,False,"QA","Queensland Historical Fauna Database","Schodde etal. (1992)","01-08-1991","31-08-1991","01-08-1991","Transect M15, W of E-W Rd, SWBTA",-22.754432,150.347785,"GDA2020",1000,,,,"U",0
4466274,"999475","Animalia","Chordata","Mammalia","Carnivora","Canidae","Canis familiaris (dingo)","dingo",1068,"Linnaeus, 1758",,,False,"QA","Queensland Historical Fauna Database","Schodde etal. (1992)","01-08-1991","31-08-1991","01-08-1991","Transect M16, CSIRO Isopod site, SWBTA",-22.806654,150.612229,"GDA2020",2200,,,,"U",0
4466335,"999536","Animalia","Chordata","Mammalia","Carnivora","Canidae","Canis familiaris (dingo)","dingo",1068,"Linnaeus, 1758",,,False,"QA","Queensland Historical Fauna Database","Schodde etal. (1992)","01-02-1992","29-02-1992","01-02-1992","Transect M2, S Sabina Pt, SWBTA",-22.411654,150.295562,"GDA2020",800,,,,"U",0
4466336,"999537","Animalia","Chordata","Mammalia","Carnivora","Canidae","Canis familiaris (dingo)","dingo",1068,"Linnaeus, 1758",,,False,"QA","Queensland Historical Fauna Database","Schodde etal. (1992)","01-02-1992","29-02-1992","01-02-1992","Transect M1, N Pine Mt, SWBTA",-22.399709,150.195007,"GDA2020",2500,,,,"U",0
4466337,"999538","Animalia","Chordata","Mammalia","Carnivora","Canidae","Canis familiaris (dingo)","dingo",1068,"Linnaeus, 1758",,,False,"QA","Queensland Historical Fauna Database","Schodde etal. (1992)","01-02-1992","29-02-1992","01-02-1992","Transect M4, W Mt Fitz, SWBTA",-22.456654,150.222229,"GDA2020",1200,,,,"U",0
4466338,"999539","Animalia","Chordata","Mammalia","Carnivora","Canidae","Canis familiaris (dingo)","dingo",1068,"Linnaeus, 1758",,,False,"QA","Queensland Historical Fauna Database","Schodde etal. (1992)","01-02-1992","29-02-1992","01-02-1992","Transect M5, SW Williamson Airfield, SWBTA",-22.475543,150.177507,"GDA2020",2500,,,,"U",0
4466339,"999540","Animalia","Chordata","Mammalia","Carnivora","Canidae","Canis familiaris (dingo)","dingo",1068,"Linnaeus, 1758",,,False,"QA","Queensland Historical Fauna Database","Schodde etal. (1992)","01-02-1992","29-02-1992","01-02-1992","Transect M6, W Mt Mulgrave, SWBTA",-22.634987,150.238618,"GDA2020",2500,,,,"U",0
4466340,"999541","Animalia","Chordata","Mammalia","Carnivora","Canidae","Canis familiaris (dingo)","dingo",1068,"Linnaeus, 1758",,,False,"QA","Queensland Historical Fauna Database","Schodde etal. (1992)","01-02-1992","29-02-1992","01-02-1992","Transect M7a, NW Blue Route, SWBTA",-22.662209,150.660562,"GDA2020",800,,,,"U",0
4466341,"999542","Animalia","Chordata","Mammalia","Carnivora","Canidae","Canis familiaris (dingo)","dingo",1068,"Linnaeus, 1758",,,False,"QA","Queensland Historical Fauna Database","Schodde etal. (1992)","01-02-1992","29-02-1992","01-02-1992","Transect M7b, NW Blue Route, SWBTA",-22.668043,150.670840,"GDA2020",1300,,,,"U",0
4466342,"999543","Animalia","Chordata","Mammalia","Carnivora","Canidae","Canis familiaris (dingo)","dingo",1068,"Linnaeus, 1758",,,False,"QA","Queensland Historical Fauna Database","Schodde etal. (1992)","01-02-1992","29-02-1992","01-02-1992","Transect M8, SW Crab camp, SWBTA",-22.648598,150.726396,"GDA2020",2500,,,,"U",0
4466343,"999544","Animalia","Chordata","Mammalia","Carnivora","Canidae","Canis familiaris (dingo)","dingo",1068,"Linnaeus, 1758",,,False,"QA","Queensland Historical Fauna Database","Schodde etal. (1992)","01-02-1992","29-02-1992","01-02-1992","Transect M10, Mountain Track, SWBTA",-22.721654,150.526396,"GDA2020",2200,,,,"U",0
4466344,"999545","Animalia","Chordata","Mammalia","Carnivora","Canidae","Canis familiaris (dingo)","dingo",1068,"Linnaeus, 1758",,,False,"QA","Queensland Historical Fauna Database","Schodde etal. (1992)","01-02-1992","29-02-1992","01-02-1992","Transect M12, Ewen Ck, SWBTA",-22.738876,150.237507,"GDA2020",2600,,,,"U",0
4466345,"999546","Animalia","Chordata","Mammalia","Carnivora","Canidae","Canis familiaris (dingo)","dingo",1068,"Linnaeus, 1758",,,False,"QA","Queensland Historical Fauna Database","Schodde etal. (1992)","01-02-1992","29-02-1992","01-02-1992","Transect M13, Boundary Rd, SWBTA",-22.743876,150.172785,"GDA2020",2700,,,,"U",0
4466346,"999547","Animalia","Chordata","Mammalia","Carnivora","Canidae","Canis familiaris (dingo)","dingo",1068,"Linnaeus, 1758",,,False,"QA","Queensland Historical Fauna Database","Schodde etal. (1992)","01-02-1992","29-02-1992","01-02-1992","Transect M14, NW The Glen, SWBTA",-22.791376,150.301951,"GDA2020",2400,,,,"U",0
4466347,"999548","Animalia","Chordata","Mammalia","Carnivora","Canidae","Canis familiaris (dingo)","dingo",1068,"Linnaeus, 1758",,,False,"QA","Queensland Historical Fauna Database","Schodde etal. (1992)","01-02-1992","29-02-1992","01-02-1992","Transect M15, W of E-W Rd, SWBTA",-22.754432,150.347785,"GDA2020",1000,,,,"U",0
4466348,"999549","Animalia","Chordata","Mammalia","Carnivora","Canidae","Canis familiaris (dingo)","dingo",1068,"Linnaeus, 1758",,,False,"QA","Queensland Historical Fauna Database","Schodde etal. (1992)","01-02-1992","29-02-1992","01-02-1992","Transect M16, CSIRO Isopod site, SWBTA",-22.806654,150.612229,"GDA2020",2200,,,,"U",0
4460694,"993827","Animalia","Chordata","Mammalia","Carnivora","Canidae","Canis familiaris (dingo)","dingo",1068,"Linnaeus, 1758",,,False,"QA","Queensland Historical Fauna Database","Porter (1992)","20-05-1992","20-05-1992","20-05-1992","Sandy Ck nr Mt Atherton, Site 2a, Byfield NP",-22.789709,150.756118,"GDA2020",450,,,,"U",0
4469793,"1002999","Animalia","Chordata","Mammalia","Carnivora","Canidae","Canis familiaris (dingo)","dingo",1068,"Linnaeus, 1758",,,False,"QA","Queensland Historical Fauna Database","Schodde etal. (1992)","01-08-1991","31-08-1991","01-08-1991","Shoalwater Bay TA (general-land)",-22.598320,150.467785,"GDA2020",40000,,,,"U",0
4470154,"1003360","Animalia","Chordata","Mammalia","Carnivora","Canidae","Canis familiaris (dingo)","dingo",1068,"Linnaeus, 1758",,,False,"QA","Queensland Historical Fauna Database","Schodde etal. (1992)","01-02-1992","29-02-1992","01-02-1992","Shoalwater Bay TA (general-land)",-22.598320,150.467785,"GDA2020",40000,,,,"U",0
4449443,"984877","Animalia","Chordata","Mammalia","Carnivora","Canidae","Canis familiaris (dingo)","dingo",1068,"Linnaeus, 1758",,,False,"QA","Queensland Historical Fauna Database","Sinclair Knight & Partners (1990)","01-01-1989","31-01-1989","01-01-1989","Woodwark Bay resort site",-20.231654,148.642785,"GDA2020",2000,,,,"U",0
4462008,"995144","Animalia","Chordata","Mammalia","Carnivora","Canidae","Canis familiaris (dingo)","dingo",1068,"Linnaeus, 1758",,,False,"QA","Queensland Historical Fauna Database","Cali & Champion (1996)","01-09-1996","30-09-1996","01-09-1996","Lot 7, Longhill nr Cape Palmerston NP",-21.656654,149.426118,"GDA2020",3000,,,,"U",0
4472864,"1006108","Animalia","Chordata","Mammalia","Carnivora","Canidae","Canis familiaris (dingo)","dingo",1068,"Linnaeus, 1758",,,False,"QA","Queensland Historical Fauna Database","Lawrie (1989)","01-01-1985","31-12-1985","01-01-1985","Limestone area, Fanning River Stn",-19.735287,146.465307,"GDA2020",1800,,,,"U",0
4448365,"983924","Animalia","Chordata","Mammalia","Carnivora","Canidae","Canis familiaris (dingo)","dingo",1068,"Linnaeus, 1758",,,False,"QA","Queensland Historical Fauna Database","Planning Collaborative Australia (1996)","01-10-1994","31-10-1994","01-10-1994","Northern Dryander area nr Clarke's Cove",-20.181654,148.567785,"GDA2020",2500,,,,"U",0
4473058,"1006305","Animalia","Chordata","Mammalia","Carnivora","Canidae","Canis familiaris (dingo)","dingo",1068,"Linnaeus, 1758",,,False,"QA","Queensland Historical Fauna Database","Godwin (1993)","01-01-1989","31-12-1989","01-01-1989","Ollier Cave U8, Undara",-18.283876,144.721952,"GDA2020",450,,,,"U",0
4473172,"1006421","Animalia","Chordata","Mammalia","Carnivora","Canidae","Canis familiaris (dingo)","dingo",1068,"Linnaeus, 1758",,,False,"QA","Queensland Historical Fauna Database","Godwin (1993)","01-01-1989","31-12-1989","01-01-1989","Undara region",-18.248320,144.651119,"GDA2020",15000,,,,"U",0
4452507,"988077","Animalia","Chordata","Mammalia","Carnivora","Canidae","Canis familiaris (dingo)","dingo",1068,"Linnaeus, 1758",,,False,"QA","Queensland Historical Fauna Database","Environmental Consultants (1982)","01-01-1982","31-12-1982","01-01-1982","Swamp sites, Goorganga area S of Proserpine",-20.523487,148.611107,"GDA2020",1800,,,,"U",0
4452508,"988078","Animalia","Chordata","Mammalia","Carnivora","Canidae","Canis familiaris (dingo)","dingo",1068,"Linnaeus, 1758",,,False,"QA","Queensland Historical Fauna Database","Environmental Consultants (1982)","01-01-1982","31-12-1982","01-01-1982","Site 9, Goorganga area S of Proserpine",-20.529887,148.661807,"GDA2020",500,,,,"U",0
4452504,"988074","Animalia","Chordata","Mammalia","Carnivora","Canidae","Canis familiaris (dingo)","dingo",1068,"Linnaeus, 1758",,,False,"QA","Queensland Historical Fauna Database","Environmental Consultants (1982)","01-01-1982","31-12-1982","01-01-1982","Open forest sites, Goorganga area S of Proserpine",-20.492987,148.568407,"GDA2020",5000,,,,"U",0
4473856,"1007108","Animalia","Chordata","Mammalia","Carnivora","Canidae","Canis familiaris (dingo)","dingo",1068,"Linnaeus, 1758",,,False,"QA","Queensland Historical Fauna Database","Lawrie (1983)","01-01-1980","31-12-1980","01-01-1980","Toomba Basalt Flow region",-19.998320,145.317785,"GDA2020",17000,,,,"U",0
4452505,"988075","Animalia","Chordata","Mammalia","Carnivora","Canidae","Canis familiaris (dingo)","dingo",1068,"Linnaeus, 1758",,,False,"QA","Queensland Historical Fauna Database","Environmental Consultants (1982)","01-01-1982","31-12-1982","01-01-1982","Site 2/6, Goorganga area S of Proserpine",-20.510487,148.673507,"GDA2020",750,,,,"U",0
4452506,"988076","Animalia","Chordata","Mammalia","Carnivora","Canidae","Canis familiaris (dingo)","dingo",1068,"Linnaeus, 1758",,,False,"QA","Queensland Historical Fauna Database","Environmental Consultants (1982)","01-01-1982","31-12-1982","01-01-1982","Site 7 , Goorganga area S of Proserpine",-20.522287,148.701407,"GDA2020",500,,,,"U",0
4474841,"1008090","Animalia","Chordata","Mammalia","Carnivora","Canidae","Canis familiaris (dingo)","dingo",1068,"Linnaeus, 1758",,,False,"QA","Queensland Historical Fauna Database","Woodhouse & Woodhouse (1986)","01-01-1984","31-12-1984","01-01-1984","Oak Park Stn, nr Lyndhurst",-19.252487,144.151119,"GDA2020",7200,,,,"U",0
4474962,"1008215","Animalia","Chordata","Mammalia","Carnivora","Canidae","Canis familiaris (dingo)","dingo",1068,"Linnaeus, 1758",,,False,"QA","Queensland Historical Fauna Database","Kutt & Skull (1995a,b)","01-06-1994","30-06-1994","01-06-1994","Burdekin R (weir to 8km u/s)",-19.939987,146.284452,"GDA2020",4000,,,,"U",0
4460647,"993777","Animalia","Chordata","Mammalia","Carnivora","Canidae","Canis familiaris (dingo)","dingo",1068,"Linnaeus, 1758",,,False,"QA","Queensland Historical Fauna Database","Porter (1992)","10-04-1991","10-04-1991","10-04-1991","Waterpark Pt-southern Nine Mile Beach area, Byfield NP",-22.924432,150.786396,"GDA2020",900,,,,"U",0
4466403,"999604","Animalia","Chordata","Mammalia","Carnivora","Canidae","Canis familiaris (dingo)","dingo",1068,"Linnaeus, 1758",,,False,"QA","Queensland Historical Fauna Database","Schodde etal. (1992)","13-08-1991","13-08-1991","13-08-1991","Site 37, 1.5km E Manifold HS, Manifold Rd, SWBTA",-22.671932,150.677785,"GDA2020",500,,,,"U",0
4474350,"1007598","Animalia","Chordata","Mammalia","Carnivora","Canidae","Canis familiaris (dingo)","dingo",1068,"Linnaeus, 1758",,,False,"QA","Queensland Historical Fauna Database","Horvat (1997)","01-09-1995","30-09-1995","01-09-1995","Niall Stn (general)",-19.331653,145.301119,"GDA2020",7200,,,,"U",0
4474813,"1008062","Animalia","Chordata","Mammalia","Carnivora","Canidae","Canis familiaris (dingo)","dingo",1068,"Linnaeus, 1758",,,False,"QA","Queensland Historical Fauna Database","Mumbray (1985)","22-05-1985","22-05-1985","22-05-1985","Lassies Creek Holding",-19.331653,145.867785,"GDA2020",7200,,,,"U",0
4475388,"1008646","Animalia","Chordata","Mammalia","Carnivora","Canidae","Canis familiaris (dingo)","dingo",1068,"Linnaeus, 1758",,,False,"QA","Queensland Historical Fauna Database","Williams et al. (1993a)","01-04-1991","30-04-1991","01-04-1991","Area A, Dotswood Training Area",-19.598320,146.284452,"GDA2020",1800,,,,"C",0
4472096,"1005335","Animalia","Chordata","Mammalia","Carnivora","Canidae","Canis familiaris (dingo)","dingo",1068,"Linnaeus, 1758",,,False,"QA","Queensland Historical Fauna Database","Gutteridge Haskins & Davey (1980)","01-01-1980","31-12-1980","01-01-1980","Kidston area",-18.875542,144.151674,"GDA2020",900,,,,"U",0
4472255,"1005496","Animalia","Chordata","Mammalia","Carnivora","Canidae","Canis familiaris (dingo)","dingo",1068,"Linnaeus, 1758",,,False,"QA","Queensland Historical Fauna Database","Cermak (1997)","01-01-1996","31-12-1996","01-01-1996","Ewan Rd between Paluma & Hidden Valley",-19.003598,146.082230,"GDA2020",900,,,,"U",0
4472934,"1006179","Animalia","Chordata","Mammalia","Carnivora","Canidae","Canis familiaris (dingo)","dingo",1068,"Linnaeus, 1758",,,False,"QA","Queensland Historical Fauna Database","Australian Groundwater Consultants (1989)","01-04-1989","30-04-1989","01-04-1989","Proposed West Normanby River mining site",-15.919153,144.913619,"GDA2020",7000,,,,"U",0
4473232,"1006481","Animalia","Chordata","Mammalia","Carnivora","Canidae","Canis familiaris (dingo)","dingo",1068,"Linnaeus, 1758",,,False,"QA","Queensland Historical Fauna Database","Godwin (1993)","01-01-1989","31-12-1989","01-01-1989","Wind Tunnel Cave U42, Undara",-18.224987,144.641674,"GDA2020",450,,,,"U",0
4473233,"1006482","Animalia","Chordata","Mammalia","Carnivora","Canidae","Canis familiaris (dingo)","dingo",1068,"Linnaeus, 1758",,,False,"QA","Queensland Historical Fauna Database","Godwin (1993)","01-01-1989","31-12-1989","01-01-1989","Mikoshi Cave U44, Undara",-18.224153,144.642785,"GDA2020",450,,,,"U",0
4473403,"1006654","Animalia","Chordata","Mammalia","Carnivora","Canidae","Canis familiaris (dingo)","dingo",1068,"Linnaeus, 1758",,,False,"QA","Queensland Historical Fauna Database","Godwin (1993)","01-01-1989","31-12-1989","01-01-1989","Misplaced Arch Cave U45, Undara",-18.223876,144.643619,"GDA2020",450,,,,"U",0
4479078,"1012360","Animalia","Chordata","Mammalia","Carnivora","Canidae","Canis familiaris (dingo)","dingo",1068,"Linnaeus, 1758",,,False,"QA","Queensland Historical Fauna Database","Parsons (2001)","01-01-1995","31-12-1995","01-01-1995","White Mountains NP (General)",-20.514987,145.017785,"GDA2020",34000,,,,"U",0
4475185,"1008441","Animalia","Chordata","Mammalia","Carnivora","Canidae","Canis familiaris (dingo)","dingo",1068,"Linnaeus, 1758",,,False,"QA","Queensland Historical Fauna Database","Williams et al. (1993a)","01-04-1991","30-04-1991","01-04-1991","Area C, Dotswood Training Area",-19.448320,146.517785,"GDA2020",2500,,,,"C",0
4475182,"1008438","Animalia","Chordata","Mammalia","Carnivora","Canidae","Canis familiaris (dingo)","dingo",1068,"Linnaeus, 1758",,,False,"QA","Queensland Historical Fauna Database","Williams et al. (1993a)","01-09-1991","30-09-1991","01-09-1991","Area A, Dotswood Training Area",-19.598320,146.284452,"GDA2020",1800,,,,"C",0
4475184,"1008440","Animalia","Chordata","Mammalia","Carnivora","Canidae","Canis familiaris (dingo)","dingo",1068,"Linnaeus, 1758",,,False,"QA","Queensland Historical Fauna Database","Williams et al. (1993a)","01-09-1991","30-09-1991","01-09-1991","Area B, Dotswood Training Area",-19.306653,146.234452,"GDA2020",1800,,,,"C",0
4490921,"1029531","Animalia","Chordata","Mammalia","Carnivora","Canidae","Canis familiaris (dingo)","dingo",1068,"Linnaeus, 1758",,,False,"QA","Queensland Historical Fauna Database","Montgomery Watson Harza (2001)","07-08-2001","07-08-2001","07-08-2001","Site N3, Eidsvold Weir area",-25.316654,151.087506,"GDA2020",4000,,,,"U",0
4475183,"1008439","Animalia","Chordata","Mammalia","Carnivora","Canidae","Canis familiaris (dingo)","dingo",1068,"Linnaeus, 1758",,,False,"QA","Queensland Historical Fauna Database","Williams et al. (1993a)","01-04-1991","30-04-1991","01-04-1991","Area B, Dotswood Training Area",-19.306653,146.234452,"GDA2020",1800,,,,"C",0
4480813,"1014109","Animalia","Chordata","Mammalia","Carnivora","Canidae","Canis familiaris (dingo)","dingo",1068,"Linnaeus, 1758",,,False,"QA","Queensland Historical Fauna Database","Chillagoe Caving Club (1990)","29-12-1990","29-12-1990","29-12-1990","Puppy Pot (468), Chillagoe Karst",-17.107764,144.421397,"GDA2020",300,,,,"U",0
4520033,"1155409","Animalia","Chordata","Mammalia","Carnivora","Canidae","Canis familiaris (dingo)","dingo",1068,"Linnaeus, 1758",,,False,"QA","Queensland Historical Fauna Database","Ball (2002)","01-01-2002","31-12-2002","01-01-2002","Lex Creek Nature Refuge, Crediton",-21.195487,148.552407,"GDA2020",850,,,,"U",0
4475862,"1009120","Animalia","Chordata","Mammalia","Carnivora","Canidae","Canis familiaris (dingo)","dingo",1068,"Linnaeus, 1758",,,False,"QA","Queensland Historical Fauna Database","Symonds & Godwin (1988)","01-01-1988","31-12-1988","01-01-1988","Mt Mulligan area",-16.831653,144.834452,"GDA2020",8000,,,,"U",0
4537487,"1179717","Animalia","Chordata","Mammalia","Carnivora","Canidae","Canis familiaris (dingo)","dingo",1068,"Linnaeus, 1758",,,False,"QA","Queensland Historical Fauna Database","Moseby & Brandle (1995)","01-01-1994","31-12-1994","01-01-1994","Pelican WH site RR49, W of Betoota",-25.686375,140.616396,"GDA2020",300,,,,"U",0
4540276,,"Animalia","Chordata","Mammalia","Carnivora","Canidae","Canis familiaris (dingo)","dingo",1068,"Linnaeus, 1758",,,False,"QA","Lake Broadwater Natural History Association","Lake Broadwater Natural History Association collection","01-01-1982","31-12-1982","01-01-1982","Injune, SCQ.",-25.833320,148.566673,"GDA2020",5000,1,"A",,"K",0
4476391,"1009653","Animalia","Chordata","Mammalia","Carnivora","Canidae","Canis familiaris (dingo)","dingo",1068,"Linnaeus, 1758",,,False,"QA","Queensland Historical Fauna Database","Adams & Adams (1988)","01-01-1986","31-12-1986","01-01-1986","Kondoparinga Stn nr Mt Mulligan",-16.781653,144.834452,"GDA2020",15000,,,,"U",0
4478445,"1011725","Animalia","Chordata","Mammalia","Carnivora","Canidae","Canis familiaris (dingo)","dingo",1068,"Linnaeus, 1758",,,False,"QA","Queensland Historical Fauna Database","Abel (1987)","01-06-1986","30-06-1986","01-06-1986","Gorge, Praire Ck gorge",-20.448320,144.473341,"GDA2020",3600,,,,"U",0
4478460,"1011740","Animalia","Chordata","Mammalia","Carnivora","Canidae","Canis familiaris (dingo)","dingo",1068,"Linnaeus, 1758",,,False,"QA","Queensland Historical Fauna Database","Abel (1987)","01-06-1986","30-06-1986","01-06-1986","Redsoil plateau (One Mile bore area), Praire Ck gorge",-20.459431,144.517785,"GDA2020",3600,,,,"U",0
4484191,"1017492","Animalia","Chordata","Mammalia","Carnivora","Canidae","Canis familiaris (dingo)","dingo",1068,"Linnaeus, 1758",,,False,"QA","Queensland Historical Fauna Database","Kemp & Kutt (2004)/Kutt (Unpubl. data, 2004)","09-02-1998","09-02-1998","09-02-1998","saltpan on Link Tk, approx 6km SE of Rollingstone, Clemant SF",-19.066867,146.439377,"GDA2020",500,,,,"U",0
4478467,"1011747","Animalia","Chordata","Mammalia","Carnivora","Canidae","Canis familiaris (dingo)","dingo",1068,"Linnaeus, 1758",,,False,"QA","Queensland Historical Fauna Database","Abel (1987)","01-06-1986","30-06-1986","01-06-1986","Mickey Springs",-20.381653,144.626119,"GDA2020",900,,,,"U",0
4478473,"1011753","Animalia","Chordata","Mammalia","Carnivora","Canidae","Canis familiaris (dingo)","dingo",1068,"Linnaeus, 1758",,,False,"QA","Queensland Historical Fauna Database","Abel (1987)","01-06-1986","30-06-1986","01-06-1986","White Mountains area",-20.414987,144.834452,"GDA2020",5400,,,,"U",0
4480382,"1013671","Animalia","Chordata","Mammalia","Carnivora","Canidae","Canis familiaris (dingo)","dingo",1068,"Linnaeus, 1758",,,False,"QA","Queensland Historical Fauna Database","Chillagoe Caving Club (1990)","04-07-1987","04-07-1987","04-07-1987","Warrigal Caven (401), Chillagoe Karst",-17.053598,144.335841,"GDA2020",300,,,,"U",0
4518888,"1154257","Animalia","Chordata","Mammalia","Carnivora","Canidae","Canis familiaris (dingo)","dingo",1068,"Linnaeus, 1758",,,False,"QA","Queensland Historical Fauna Database","Ball (2003)","18-02-2003","18-02-2003","18-02-2003","Beefalo Valley Nature Refuge, Conway",-20.383187,148.665807,"GDA2020",900,,,,"U",0
4520163,"1155539","Animalia","Chordata","Mammalia","Carnivora","Canidae","Canis familiaris (dingo)","dingo",1068,"Linnaeus, 1758",,,False,"QA","Queensland Historical Fauna Database","Ball (2001)","01-01-2001","31-12-2001","01-01-2001","Thompson's Bush Nature Refuge, Walkerston",-21.185587,149.015207,"GDA2020",500,,,,"U",0
4768824,,"Animalia","Chordata","Mammalia","Carnivora","Canidae","Canis familiaris (dingo)","dingo",1068,"Linnaeus, 1758",,,False,"QA","Incidental Records","Keith R. McDonalds Incidental Records","24-10-2006",,"24-10-2006","Cape Melville N.P., 13.5 km N of Wakooka Outstation",-14.442209,144.514730,"GDA2020",100,2,"A",,"C",0
4540814,,"Animalia","Chordata","Mammalia","Carnivora","Canidae","Canis familiaris (dingo)","dingo",1068,"Linnaeus, 1758",,,False,"QA","Harry Hines fauna data","Harry Hines incidental records","19-07-2004","19-07-2004","19-07-2004","West Canungra Creek, near junction with Bundoomba Creek, Lamington National Park, SEQ.",-28.217546,153.140699,"GDA2020",100,1,"A",,"C",0
4540815,,"Animalia","Chordata","Mammalia","Carnivora","Canidae","Canis familiaris (dingo)","dingo",1068,"Linnaeus, 1758",,,False,"QA","Harry Hines fauna data","Harry Hines incidental records","19-07-2004","19-07-2004","19-07-2004","West Canungra Creek, near junction with Purragulli Creek, Lamington National Park, SEQ.",-28.211227,153.140691,"GDA2020",100,1,"A",,"C",0
4541236,,"Animalia","Chordata","Mammalia","Carnivora","Canidae","Canis familiaris (dingo)","dingo",1068,"Linnaeus, 1758",,,False,"QA","Harry Hines fauna data","Endeavour River National Park fauna survey","17-08-2005","20-08-2005","17-08-2005","Low dunes, about 1km upstream from Endeavour River along Leprosy Creek, Endeavour River National Park, near Cooktown, FNQ.",-15.452209,145.234452,"GDA2020",250,,,,"C",0
4767755,,"Animalia","Chordata","Mammalia","Carnivora","Canidae","Canis familiaris (dingo)","dingo",1068,"Linnaeus, 1758",,,False,"QA","Incidental Records","Keith R. McDonalds Incidental Records","13-01-2006",,"13-01-2006","Endeavour River N.P.",-15.436931,145.178619,"GDA2020",100,1,"A",,"C",0
4774520,,"Animalia","Chordata","Mammalia","Carnivora","Canidae","Canis familiaris (dingo)","dingo",1068,"Linnaeus, 1758",,,False,"QA","Central Region Natural Resource Management Unit","Diamantina Natural Resource Assessment and Pest Arrest","03-11-2004",,"03-11-2004","Diamantina National Park",-23.967668,141.416660,"GDA2020",100,,,,"U",0
4767974,,"Animalia","Chordata","Mammalia","Carnivora","Canidae","Canis familiaris (dingo)","dingo",1068,"Linnaeus, 1758",,,False,"QA","Harry Hines fauna data","Harry Hines incidental records","23-08-2006",,"23-08-2006","Border Route, on southeast spur of Mount Worendo, Lamington National Park, SEQ.",-28.278450,153.165252,"GDA2020",100,1,"A",,"C",0
4775676,,"Animalia","Chordata","Mammalia","Carnivora","Canidae","Canis familiaris (dingo)","dingo",1068,"Linnaeus, 1758",,,False,"QA","Central Region Natural Resource Management Unit","Dipperu Fauna Survey","04-04-2005",,"04-04-2005","Dipperu National Park (Scientific)",-21.964987,148.731396,"GDA2020",1000,,,,"C",0
4767986,,"Animalia","Chordata","Mammalia","Carnivora","Canidae","Canis familiaris (dingo)","dingo",1068,"Linnaeus, 1758",,,False,"QA","Harry Hines fauna data","Harry Hines incidental records","23-08-2006",,"23-08-2006","Border Route, southern slopes of Mount Wupawn, Lamington National Park, SEQ.",-28.288623,153.165410,"GDA2020",100,2,"A",,"C",0
4767997,,"Animalia","Chordata","Mammalia","Carnivora","Canidae","Canis familiaris (dingo)","dingo",1068,"Linnaeus, 1758",,,False,"QA","Harry Hines fauna data","Harry Hines incidental records","23-08-2006",,"23-08-2006","Border Route, near Mount Throakban, between Rat-A-Tat Hut and summit of Mount Throakban, Lamington National Park, SEQ.",-28.296457,153.159130,"GDA2020",50,1,"A",,"C",0
4512634,"1147986","Animalia","Chordata","Mammalia","Carnivora","Canidae","Canis familiaris (dingo)","dingo",1068,"Linnaeus, 1758",,,False,"QA","Queensland Historical Fauna Database","Strahan (1996)","01-07-1991","31-07-1991","01-07-1991","Birdsville area",-25.898320,139.355285,"GDA2020",3600,,,,"U",0
4768019,,"Animalia","Chordata","Mammalia","Carnivora","Canidae","Canis familiaris (dingo)","dingo",1068,"Linnaeus, 1758",,,False,"QA","Harry Hines fauna data","Harry Hines incidental records","23-08-2006",,"23-08-2006","Border Route, north of Point Lookout, Lamington National Park, SEQ.",-28.317338,153.132211,"GDA2020",50,,,,"C",0
4678658,,"Animalia","Chordata","Mammalia","Carnivora","Canidae","Canis familiaris (dingo)","dingo",1068,"Linnaeus, 1758",,,False,"QA","CNC Fauna Surveys (Roma)","Shankeen Nature Refuge surveys","09-04-2006","13-04-2006","09-04-2006","western brigalow section, Shankeen NR",-25.207410,150.058568,"GDA2020",10,1,"A",,"C",0
4773400,,"Animalia","Chordata","Mammalia","Carnivora","Canidae","Canis familiaris (dingo)","dingo",1068,"Linnaeus, 1758",,,False,"QA","Incidental Records","Mackay Highlands Incidental Sightings","20-09-2006",,"20-09-2006","Cediton",-21.337660,148.573454,"GDA2020",100,3,"A",,"V",0
4773539,,"Animalia","Chordata","Mammalia","Carnivora","Canidae","Canis familiaris (dingo)","dingo",1068,"Linnaeus, 1758",,,False,"QA","Central Region Natural Resource Management Unit","Cudmore Fauna Survey","18-09-2001",,"18-09-2001","Cudmore National Park",-22.938292,146.296436,"GDA2020",15,,,,"C",0
4773609,,"Animalia","Chordata","Mammalia","Carnivora","Canidae","Canis familiaris (dingo)","dingo",1068,"Linnaeus, 1758",,,False,"QA","Central Region Natural Resource Management Unit","Cudmore Fauna Survey","12-09-2001",,"12-09-2001","Cudmore National Park",-22.878929,146.329750,"GDA2020",15,,,,"C",0
4773935,,"Animalia","Chordata","Mammalia","Carnivora","Canidae","Canis familiaris (dingo)","dingo",1068,"Linnaeus, 1758",,,False,"QA","Central Region Natural Resource Management Unit","Cudmore Fauna Survey","13-09-2001",,"13-09-2001","Cudmore National Park",-22.883675,146.280860,"GDA2020",100,,,,"C",0
4774702,,"Animalia","Chordata","Mammalia","Carnivora","Canidae","Canis familiaris (dingo)","dingo",1068,"Linnaeus, 1758",,,False,"QA","Central Region Natural Resource Management Unit","Diamantina Natural Resource Assessment and Pest Arrest","04-11-2004",,"04-11-2004","Diamantina National Park",-23.670970,140.903232,"GDA2020",100,,,,"U",0
4782714,,"Animalia","Chordata","Mammalia","Carnivora","Canidae","Canis familiaris (dingo)","dingo",1068,"Linnaeus, 1758",,,False,"QA","Far Northern Threatened Species","Cape York Fauna","07-09-2005",,"07-09-2005","Davies Creek Road, Lamb Range",-17.011039,145.580614,"GDA2020",50,2,"A",,"C",0
4807881,,"Animalia","Chordata","Mammalia","Carnivora","Canidae","Canis familiaris (dingo)","dingo",1068,"Linnaeus, 1758",,,False,"QA","Einasleigh Uplands Incentives Project","Gleeson Station Fauna Survey","22-05-2001","22-05-2001","22-05-2001","Gleeson Station, 3.5 km W of Gleeson homestead",-19.553966,140.986864,"GDA2020",500,2,"A",,"U",0
4778911,,"Animalia","Chordata","Mammalia","Carnivora","Canidae","Canis familiaris (dingo)","dingo",1068,"Linnaeus, 1758",,,False,"QA","Incidental Records","Mark Sanders Incidental fauna data","29-10-2006","29-10-2006","29-10-2006","Aspeys Holding - Dam",-28.260404,151.031256,"GDA2020",100,,,,"C",0
4775982,,"Animalia","Chordata","Mammalia","Carnivora","Canidae","Canis familiaris (dingo)","dingo",1068,"Linnaeus, 1758",,,False,"QA","Central Region Natural Resource Management Unit","Byfield Fauna Survey","28-02-2005",,"28-02-2005","Byfield National Park",-22.852515,150.773075,"GDA2020",1000,,,,"C",0
4776001,,"Animalia","Chordata","Mammalia","Carnivora","Canidae","Canis familiaris (dingo)","dingo",1068,"Linnaeus, 1758",,,False,"QA","Central Region Natural Resource Management Unit","Byfield Fauna Survey","28-02-2005",,"28-02-2005","Byfield State Forest",-22.835688,150.671033,"GDA2020",1000,,,,"C",0
4801635,,"Animalia","Chordata","Mammalia","Carnivora","Canidae","Canis familiaris (dingo)","dingo",1068,"Linnaeus, 1758",,,False,"QA","Incidental Records","Keith R. McDonalds Incidental Records","12-10-2007",,"12-10-2007","1.8 km along Robin Hood Stn road from Forsayth-Agate Crk Rd junction",-18.657487,143.568341,"GDA2020",50,1,"A",,"C",0
4809208,,"Animalia","Chordata","Mammalia","Carnivora","Canidae","Canis familiaris (dingo)","dingo",1068,"Linnaeus, 1758",,,False,"QA","Rod Hobson's wildlife data","Rod Hobson's incidental records","29-10-2006",,"29-10-2006","Bringalily State Forest, via Inglewood, SEQ.",-28.278043,151.031395,"GDA2020",50,1,"A",,"V",0
4807831,,"Animalia","Chordata","Mammalia","Carnivora","Canidae","Canis familiaris (dingo)","dingo",1068,"Linnaeus, 1758",,,False,"QA","Einasleigh Uplands Incentives Project","Gleeson Station Fauna Survey","23-05-2001","23-05-2001","23-05-2001","Gleeson Station, 11 km ESE of homestead",-19.597648,140.160625,"GDA2020",100,1,"A",,"U",0
4807834,,"Animalia","Chordata","Mammalia","Carnivora","Canidae","Canis familiaris (dingo)","dingo",1068,"Linnaeus, 1758",,,False,"QA","Einasleigh Uplands Incentives Project","Gleeson Station Fauna Survey","25-05-2001","25-05-2001","25-05-2001","Gleeson Station, 13.5 km ESE of homestead",-19.608204,140.180903,"GDA2020",100,1,"A",,"U",0
4807855,,"Animalia","Chordata","Mammalia","Carnivora","Canidae","Canis familiaris (dingo)","dingo",1068,"Linnaeus, 1758",,,False,"QA","Einasleigh Uplands Incentives Project","Gleeson Station Fauna Survey","23-05-2001","23-05-2001","23-05-2001","Gleeson Station, 12.5 km SW Gleeson homestead",-19.605389,140.173443,"GDA2020",1500,,,,"U",0
4807857,,"Animalia","Chordata","Mammalia","Carnivora","Canidae","Canis familiaris (dingo)","dingo",1068,"Linnaeus, 1758",,,False,"QA","Einasleigh Uplands Incentives Project","Gleeson Station Fauna Survey","24-05-2001","24-05-2001","24-05-2001","Gleeson Station, 12.5 km SW Gleeson homestead",-19.605389,140.173443,"GDA2020",1500,1,"A",,"U",0
4832303,,"Animalia","Chordata","Mammalia","Carnivora","Canidae","Canis familiaris (dingo)","dingo",1068,"Linnaeus, 1758",,,False,"QA","Moggill QPWS fauna data","Cravens Peak fauna survey","30-03-2007","30-03-2007","30-03-2007","Cravens Peak property, dunes 3.6km to the northwest of the homestead, southwest of Boulia, WCQ.",-23.306875,138.556702,"GDA2020",200,,,,"C",0
4801624,,"Animalia","Chordata","Mammalia","Carnivora","Canidae","Canis familiaris (dingo)","dingo",1068,"Linnaeus, 1758",,,False,"QA","Harry Hines fauna data","Harry Hines incidental records","24-10-2007",,"24-10-2007","Daves Creek Track, near Border Track, Lamington National Park, SEQ.",-28.217232,153.198417,"GDA2020",50,1,"A",,"C",0
4831821,,"Animalia","Chordata","Mammalia","Carnivora","Canidae","Canis familiaris (dingo)","dingo",1068,"Linnaeus, 1758",,,False,"QA","Moggill QPWS fauna data","Cravens Peak fauna survey","02-04-2007","06-04-2007","02-04-2007","Cravens Peak property, on road between S-Bend turnoff and Salty Bore, approximately 1.2km northeast of Salty Bore, southwest of Boulia, WCQ.",-23.016563,138.234469,"GDA2020",100,1,"A",,"C",0
5655169,,"Animalia","Chordata","Mammalia","Carnivora","Canidae","Canis familiaris (dingo)","dingo",1068,"Linnaeus, 1758",,,False,"QA","Fauna/flora inventory","Diamantina National Park","08-11-1999",,"08-11-1999","Diamantina NP, south bank of Cooyrie creek",-23.829987,141.135563,"GDA2020",200,1,"A",,"C",0
4801618,,"Animalia","Chordata","Mammalia","Carnivora","Canidae","Canis familiaris (dingo)","dingo",1068,"Linnaeus, 1758",,,False,"QA","Harry Hines fauna data","Harry Hines incidental records","23-10-2007",,"23-10-2007","Egg Rock Firetrail, Lamington National Park, SEQ.",-28.186997,153.194438,"GDA2020",50,1,"A",,"C",0
4832504,,"Animalia","Chordata","Mammalia","Carnivora","Canidae","Canis familiaris (dingo)","dingo",1068,"Linnaeus, 1758",,,False,"QA","Moggill QPWS fauna data","Cravens Peak fauna survey","01-04-2007","01-04-2007","01-04-2007","Salty Bore, Cravens Peak property, approximately 50.1km northwest of the homestead, southwest of Boulia, WCQ.",-23.022764,138.224647,"GDA2020",500,,,,"C",0
4832506,,"Animalia","Chordata","Mammalia","Carnivora","Canidae","Canis familiaris (dingo)","dingo",1068,"Linnaeus, 1758",,,False,"QA","Moggill QPWS fauna data","Cravens Peak fauna survey","01-04-2007","01-04-2007","01-04-2007","Salty Bore, Cravens Peak property, approximately 50.1km northwest of the homestead, southwest of Boulia, WCQ.",-23.022764,138.224647,"GDA2020",500,1,"A",,"S",0
4973180,,"Animalia","Chordata","Mammalia","Carnivora","Canidae","Canis familiaris (dingo)","dingo",1068,"Linnaeus, 1758",,,False,"QA","Harry Hines fauna data","Harry Hines incidental records","11-01-2007","11-01-2007","11-01-2007","Mount Merino Track, near summit of Mount Merino, Lamington National Park, SEQ.",-28.252471,153.193568,"GDA2020",50,1,"A",,"C",0
5655574,,"Animalia","Chordata","Mammalia","Carnivora","Canidae","Canis familiaris (dingo)","dingo",1068,"Linnaeus, 1758",,,False,"QA","Fauna/flora inventory","Diamantina National Park","30-01-2000",,"30-01-2000","Diam NP, north of Wadonga on claypan near Pot Jostler creek",-23.546653,141.135008,"GDA2020",200,1,"A",,"C",0
4832505,,"Animalia","Chordata","Mammalia","Carnivora","Canidae","Canis familiaris (dingo)","dingo",1068,"Linnaeus, 1758",,,False,"QA","Moggill QPWS fauna data","Cravens Peak fauna survey","01-04-2007","01-04-2007","01-04-2007","Salty Bore, Cravens Peak property, approximately 50.1km northwest of the homestead, southwest of Boulia, WCQ.",-23.022764,138.224647,"GDA2020",500,1,"A",,"S",0
5641436,,"Animalia","Chordata","Mammalia","Carnivora","Canidae","Canis familiaris (dingo)","dingo",1068,"Linnaeus, 1758",,,False,"QA","Central Region Natural Resource Management Unit","Forest Den Fauna survey","12-03-2007",,"12-03-2007","Forest Den",-22.109879,145.194765,"GDA2020",100,,,,"C",0
4814291,,"Animalia","Chordata","Mammalia","Carnivora","Canidae","Canis familiaris (dingo)","dingo",1068,"Linnaeus, 1758",,,False,"QA","Incidental Records","Mark Sanders Incidental fauna data","08-02-2008",,"08-02-2008","Green Mountains, Lamington NP",-28.230287,153.134036,"GDA2020",100,,,,"C",0
5655294,,"Animalia","Chordata","Mammalia","Carnivora","Canidae","Canis familiaris (dingo)","dingo",1068,"Linnaeus, 1758",,,False,"QA","Fauna/flora inventory","Diamantina National Park","05-04-2000",,"05-04-2000","7 mile creek",-23.568042,141.288896,"GDA2020",200,2,"A",,"C",0
5655325,,"Animalia","Chordata","Mammalia","Carnivora","Canidae","Canis familiaris (dingo)","dingo",1068,"Linnaeus, 1758",,,False,"QA","Fauna/flora inventory","Diamantina National Park","05-04-2000",,"05-04-2000","Bulloch pdk grid, Diam NP",-23.679153,141.166396,"GDA2020",200,2,"A",,"C",0
5639936,,"Animalia","Chordata","Mammalia","Carnivora","Canidae","Canis familiaris (dingo)","dingo",1068,"Linnaeus, 1758",,,False,"QA","Central Region Natural Resource Management Unit","Diamantina Natural Resource Assessment and Pest Arrest","10-10-2007",,"10-10-2007","Diamantina National Park",-23.967668,141.416660,"GDA2020",100,,,,"C",0
5656228,"49","Animalia","Chordata","Mammalia","Carnivora","Canidae","Canis familiaris (dingo)","dingo",1068,"Linnaeus, 1758",,,False,"QA","Incidental Records","Daryn Storch Incidental Records","28-05-2009","28-05-2009","28-05-2009","Blackbraes National Park, Emu Swamp track.",-19.521247,144.183448,"GDA2020",20,1,"A",,"C",0
5656236,"47","Animalia","Chordata","Mammalia","Carnivora","Canidae","Canis familiaris (dingo)","dingo",1068,"Linnaeus, 1758",,,False,"QA","Incidental Records","Daryn Storch Incidental Records","28-05-2009","28-05-2009","28-05-2009","Blackbraes National Park, Emu Swamp track.",-19.475827,144.161168,"GDA2020",20,3,"A",,"C",0
5653169,,"Animalia","Chordata","Mammalia","Carnivora","Canidae","Canis familiaris (dingo)","dingo",1068,"Linnaeus, 1758",,,False,"QA","Nature Refuges","Rathburnie Estate Nature Refuge","07-08-2005","09-08-2005","07-08-2005","Rathburnie Estate Nature Refuge, 1166 Mount Stanley Road, Linville, SEQ",-26.730168,152.232103,"GDA2020",1500,,,,"C",0
5640018,,"Animalia","Chordata","Mammalia","Carnivora","Canidae","Canis familiaris (dingo)","dingo",1068,"Linnaeus, 1758",,,False,"QA","Wildlife Records System (Central Region) - Incidental","QPWS Estate Incidental & Summarised Records","11-03-2009",,"11-03-2009","Goneaway",-23.806257,142.278627,"GDA2020",100,,,,"C",0
5655218,,"Animalia","Chordata","Mammalia","Carnivora","Canidae","Canis familiaris (dingo)","dingo",1068,"Linnaeus, 1758",,,False,"QA","Fauna/flora inventory","Idalia National Park Fauna","25-06-2000",,"25-06-2000","Idalia NP",-24.907487,144.789174,"GDA2020",200,3,"A",,"C",0
5680589,,"Animalia","Chordata","Mammalia","Carnivora","Canidae","Canis familiaris (dingo)","dingo",1068,"Linnaeus, 1758",,,False,"QA","Incidental Records","Fraser Island Incidental Records","02-01-2010",,"02-01-2010","Wangoolba Creek Mouth Barge Landing, Fraser Island",-25.447403,152.989195,"GDA2020",100,1,"A",,"C",0
5685544,,"Animalia","Chordata","Mammalia","Carnivora","Canidae","Canis familiaris (dingo)","dingo",1068,"Linnaeus, 1758",,,False,"QA","Rod Hobson's wildlife data","Rod Hobson's incidental records","07-09-2009","07-09-2009","07-09-2009","Oakey Abbattoirs Dam, Oakey, SEQ.",-27.404783,151.658030,"GDA2020",150,1,"A",,"C",0
5685719,,"Animalia","Chordata","Mammalia","Carnivora","Canidae","Canis familiaris (dingo)","dingo",1068,"Linnaeus, 1758",,,False,"QA","Rod Hobson's wildlife data","Humboldt National Park Survey - Fauna","10-08-2009","14-08-2009","10-08-2009","Humboldt National Park (dam site)",-24.177497,148.918305,"GDA2020",150,,,,"C",0
5686381,,"Animalia","Chordata","Mammalia","Carnivora","Canidae","Canis familiaris (dingo)","dingo",1068,"Linnaeus, 1758",,,False,"QA","Rod Hobson's wildlife data","Rod Hobson's incidental records","27-05-2009","27-05-2009","27-05-2009","Starkvale Camp Ground, Expedition National Park, SQ.",-25.304678,149.189367,"GDA2020",100,,,,"C",0
5655293,,"Animalia","Chordata","Mammalia","Carnivora","Canidae","Canis familiaris (dingo)","dingo",1068,"Linnaeus, 1758",,,False,"QA","Fauna/flora inventory","Diamantina National Park","06-04-2000",,"06-04-2000","Southern Side Cooridy Cr",-23.955542,141.205563,"GDA2020",200,1,"A",,"C",0
5697092,,"Animalia","Chordata","Mammalia","Carnivora","Canidae","Canis familiaris (dingo)","dingo",1068,"Linnaeus, 1758",,,False,"QA","Incidental Records","WildNet Incidental Records","04-11-1983","04-11-1983","04-11-1983","The Clay Holes; Yuleba State Forest (S.F. 328)",-26.828680,149.495382,"GDA2020",500,,,,"C",0
5655685,,"Animalia","Chordata","Mammalia","Carnivora","Canidae","Canis familiaris (dingo)","dingo",1068,"Linnaeus, 1758",,,False,"QA","Fauna/flora inventory","Diamantina National Park","06-07-1999",,"06-07-1999","Diamantina NP, Gypsum Ridge North of SOuth Boundary on Main Road",-24.009987,141.166119,"GDA2020",200,1,"A",,"C",0
5701319,,"Animalia","Chordata","Mammalia","Carnivora","Canidae","Canis familiaris (dingo)","dingo",1068,"Linnaeus, 1758",,,False,"QA","Fauna/flora inventory","Diamantina National Park","02-08-2001",,"02-08-2001","Diamantina Honestead sand dune",-23.763320,141.140674,"GDA2020",100,1,"A",,"U",0
5655663,,"Animalia","Chordata","Mammalia","Carnivora","Canidae","Canis familiaris (dingo)","dingo",1068,"Linnaeus, 1758",,,False,"QA","Fauna/flora inventory","Diamantina National Park","21-07-1999",,"21-07-1999","Davenport rd",-23.839431,141.182230,"GDA2020",200,1,"A",,"C",0
5713881,,"Animalia","Chordata","Mammalia","Carnivora","Canidae","Canis familiaris (dingo)","dingo",1068,"Linnaeus, 1758",,,False,"QA","Incidental Records","Ray Albress","06-12-2006",,"06-12-2006","Danbulla State Forest 1 (Kauri Creek Fire Plot 2)",-17.093555,145.557550,"GDA2020",500,1,"A",,"C",0
5655664,,"Animalia","Chordata","Mammalia","Carnivora","Canidae","Canis familiaris (dingo)","dingo",1068,"Linnaeus, 1758",,,False,"QA","Fauna/flora inventory","Diamantina National Park","05-07-1999",,"05-07-1999","old house dam, Diam NP",-23.773598,141.139730,"GDA2020",200,1,"A",,"C",0
5655665,,"Animalia","Chordata","Mammalia","Carnivora","Canidae","Canis familiaris (dingo)","dingo",1068,"Linnaeus, 1758",,,False,"QA","Fauna/flora inventory","Diamantina National Park","19-07-1999",,"19-07-1999","old house dam, Diam NP",-23.774153,141.139730,"GDA2020",200,1,"A",,"C",0
5655666,,"Animalia","Chordata","Mammalia","Carnivora","Canidae","Canis familiaris (dingo)","dingo",1068,"Linnaeus, 1758",,,False,"QA","Fauna/flora inventory","Diamantina National Park","25-07-1999",,"25-07-1999","old house dam, Diam NP",-23.773042,141.139174,"GDA2020",200,1,"A",,"C",0
5713691,,"Animalia","Chordata","Mammalia","Carnivora","Canidae","Canis familiaris (dingo)","dingo",1068,"Linnaeus, 1758",,,False,"QA","Incidental Records","Ray Albress","08-09-2006",,"08-09-2006","Danbulla National Park - Kauri creek road intersection with Danbulla drive",-17.134987,145.607508,"GDA2020",100,1,"A",,"C",0
5656178,,"Animalia","Chordata","Mammalia","Carnivora","Canidae","Canis familiaris (dingo)","dingo",1068,"Linnaeus, 1758",,,False,"QA","Incidental Records","WildNet Incidental Records","17-05-2009",,"17-05-2009","Logans Ridge, Mount Barney National Park",-28.279264,152.705792,"GDA2020",50,2,"A",,"C",0
5713922,,"Animalia","Chordata","Mammalia","Carnivora","Canidae","Canis familiaris (dingo)","dingo",1068,"Linnaeus, 1758",,,False,"QA","Incidental Records","Ray Albress","09-04-2008",,"09-04-2008","Tully Falls Road via Ravenshoe",-17.768269,145.546513,"GDA2020",100,1,"A",,"C",0
5732142,,"Animalia","Chordata","Mammalia","Carnivora","Canidae","Canis familiaris (dingo)","dingo",1068,"Linnaeus, 1758",,,False,"QA","Incidental Records","Western Rivers Incidental Sightings","26-10-2009",,"26-10-2009","Limestone Rockhole, Goneaway NP, c.200km WSW of Longreach",-23.809297,142.282327,"GDA2020",100,9,"A",,"C",0
5660406,,"Animalia","Chordata","Mammalia","Carnivora","Canidae","Canis familiaris (dingo)","dingo",1068,"Linnaeus, 1758",,,False,"QA","Springbrook Management Unit","Incidental Fauna Records","14-10-2008",,"14-10-2008","Maguires's Corner, Springbrook Rd, Springbrook, QLD.",-28.203916,153.271703,"GDA2020",200,1,"A",,"C",0
5660510,,"Animalia","Chordata","Mammalia","Carnivora","Canidae","Canis familiaris (dingo)","dingo",1068,"Linnaeus, 1758",,,False,"QA","Springbrook Management Unit","Incidental Fauna Records","05-04-2009",,"05-04-2009","""Come By Chance"" Cnr, Repeater Station rd, Springbrook, SEQ>",-28.231580,153.266056,"GDA2020",100,1,"A",,"C",0
5739838,"15246","Animalia","Chordata","Mammalia","Carnivora","Canidae","Canis familiaris (dingo)","dingo",1068,"Linnaeus, 1758",,,False,"QA","John W. Winter Database","Winter","31-08-2009","31-08-2009","31-08-2009","The Junction, Wild River, ""Wildside"" homestead",-17.540567,145.313998,"GDA2020",100,1,"A",,"C",0
5660518,,"Animalia","Chordata","Mammalia","Carnivora","Canidae","Canis familiaris (dingo)","dingo",1068,"Linnaeus, 1758",,,False,"QA","Springbrook Management Unit","Incidental Fauna Records","14-05-2009",,"14-05-2009","Near Macquires House, The Settlement, Springbrook National Park, SEQ>",-28.197374,153.275010,"GDA2020",250,1,"A",,"C",0
5713925,,"Animalia","Chordata","Mammalia","Carnivora","Canidae","Canis familiaris (dingo)","dingo",1068,"Linnaeus, 1758",,,False,"QA","Incidental Records","Ray Albress","30-04-2008",,"30-04-2008","Tully Falls road (150 metres west of Tully Falls Weir road intersection)",-17.774508,145.549509,"GDA2020",50,1,"A",,"C",0
5687332,,"Animalia","Chordata","Mammalia","Carnivora","Canidae","Canis familiaris (dingo)","dingo",1068,"Linnaeus, 1758",,,False,"QA","Rod Hobson's wildlife data","Sandstone Conservation Initiative, Carnarvon National Park","30-03-2009","04-04-2009","30-03-2009","Mount Moffatt Section, Carnarvon National Park",-24.986770,147.909348,"GDA2020",10000,,,,"C",0
6108816,"4632","Animalia","Chordata","Mammalia","Carnivora","Canidae","Canis familiaris","dog",1067,"Linnaeus, 1758",,,False,"II","John W. Winter Database","Winter","02-10-1998","02-10-1998","02-10-1998","Peninsula Development Rd., Sandy Flat Creek",-16.413706,144.758429,"GDA2020",200,,,,"V",0
5713934,,"Animalia","Chordata","Mammalia","Carnivora","Canidae","Canis familiaris (dingo)","dingo",1068,"Linnaeus, 1758",,,False,"QA","Incidental Records","Ray Albress","09-04-2008",,"09-04-2008","Tully Falls National Park via Ravenshoe",-17.768278,145.546513,"GDA2020",100,1,"A",,"C",0
5713947,,"Animalia","Chordata","Mammalia","Carnivora","Canidae","Canis familiaris (dingo)","dingo",1068,"Linnaeus, 1758",,,False,"QA","Incidental Records","Ray Albress","25-07-2007",,"25-07-2007","Hasties Swamp National Park ( 4klm south of Atherton)",-17.291543,145.477852,"GDA2020",100,2,"A",,"C",0
5698351,"47","Animalia","Chordata","Mammalia","Carnivora","Canidae","Canis familiaris (dingo)","dingo",1068,"Linnaeus, 1758",,,False,"QA","Ecological Assessment Unit","Diamantina Pest Arrest","14-10-2007",,"14-10-2007","Dingo Tank, Diamantina National Park",-23.433699,140.997208,"GDA2020",100,,,,"C",0
6109449,"8680","Animalia","Chordata","Mammalia","Carnivora","Canidae","Canis familiaris","dog",1067,"Linnaeus, 1758",,,False,"II","John W. Winter Database","Winter","26-05-2005","26-05-2005","26-05-2005","Silver Valley Road, Dry watershed",-17.432771,145.307428,"GDA2020",100,1,"A",,"V",0
6109628,"9652","Animalia","Chordata","Mammalia","Carnivora","Canidae","Canis familiaris","dog",1067,"Linnaeus, 1758",,,False,"II","John W. Winter Database","Winter","24-08-2006","24-08-2006","24-08-2006","Wild River, Wildside Homestead, greater area",-17.541210,145.314748,"GDA2020",500,1,"A",,"V",0
5714648,"266","Animalia","Chordata","Mammalia","Carnivora","Canidae","Canis familiaris (dingo)","dingo",1068,"Linnaeus, 1758",,,False,"QA","Cape York and Savanna Region Flora and Fauna Surveys","Cape York Fire and Biodiversity Project","02-06-2010","10-06-2010","02-06-2010","MUNG09, Mungkan Kandju NP",-13.559477,142.686608,"GDA2020",70,1,"A",,"C",0
5729314,,"Animalia","Chordata","Mammalia","Carnivora","Canidae","Canis familiaris (dingo)","dingo",1068,"Linnaeus, 1758",,,False,"QA","Incidental Records","WildNet Incidental Records","20-08-2010","22-08-2010","20-08-2010","Boodjamulla National Park, camp near Ridgepole Waterhole",-18.666656,138.333338,"GDA2020",1000,2,"A",,"C",0
6110509,"12729","Animalia","Chordata","Mammalia","Carnivora","Canidae","Canis familiaris","dog",1067,"Linnaeus, 1758",,,False,"II","John W. Winter Database","Winter","24-01-2008","24-01-2008","24-01-2008","The Junction, Wild River, ""Wildside"" homestead",-17.540567,145.313998,"GDA2020",100,1,"A",,"V",0
6109913,"9987","Animalia","Chordata","Mammalia","Carnivora","Canidae","Canis familiaris","dog",1067,"Linnaeus, 1758",,,False,"II","John W. Winter Database","Winter","15-11-2006","15-11-2006","15-11-2006","Tully Falls Rd, Koolmoon Cr, Djilgarrin",-17.729826,145.539379,"GDA2020",50,1,"A",,"V",0
6110518,"12742","Animalia","Chordata","Mammalia","Carnivora","Canidae","Canis familiaris","dog",1067,"Linnaeus, 1758",,,False,"II","John W. Winter Database","Winter","31-01-2008","31-01-2008","31-01-2008","Silver Valley Road, between Woolaman Cr & Rock Bar",-17.494848,145.282692,"GDA2020",100,1,"A",,"V",0
6110515,"12739","Animalia","Chordata","Mammalia","Carnivora","Canidae","Canis familiaris","dog",1067,"Linnaeus, 1758",,,False,"II","John W. Winter Database","Winter","30-01-2008","30-01-2008","30-01-2008","Silver Valley Road, Kiama Creek",-17.529330,145.299010,"GDA2020",100,1,"A",,"V",0
5735466,,"Animalia","Chordata","Mammalia","Carnivora","Canidae","Canis familiaris (dingo)","dingo",1068,"Linnaeus, 1758",,,False,"QA","Incidental Records","Incidental Records A. B. Freeman","08-05-2010",,"08-05-2010","Riversleigh Rd half way between Gregory Development Rd turtnoff and Gregory River Crossing",-18.834320,138.589286,"GDA2020",50,5,"A",,"U",0
6309458,,"Animalia","Chordata","Mammalia","Carnivora","Canidae","Canis familiaris","dog",1067,"Linnaeus, 1758",,,False,"II","Western Region Resource Projects","Idalia NP","28-04-2011","30-04-2011","28-04-2011","3 km around base",-24.883628,144.774146,"GDA2020",3000,1,"A",,"C",0
5739674,"2108","Animalia","Chordata","Mammalia","Carnivora","Canidae","Canis familiaris (dingo)","dingo",1068,"Linnaeus, 1758",,,False,"QA","John W. Winter Database","Winter","15-11-1989","15-11-1989","15-11-1989","Taravale road, 2.8 km NE Homestead",-19.111628,146.104581,"GDA2020",250,1,"A",,"C",0
5740107,"15259","Animalia","Chordata","Mammalia","Carnivora","Canidae","Canis familiaris (dingo)","dingo",1068,"Linnaeus, 1758",,,False,"QA","John W. Winter Database","Winter","05-09-2009","05-09-2009","05-09-2009","The Junction, Wild River, ""Wildside"" homestead",-17.540567,145.313998,"GDA2020",100,,,,"C",0
5751669,,"Animalia","Chordata","Mammalia","Carnivora","Canidae","Canis familiaris (dingo)","dingo",1068,"Linnaeus, 1758",,,False,"QA","Incidental Records","WildNet Incidental Records","03-12-2008",,"03-12-2008","Rocky headland NW of Mentmore Beach, Stuart Peninsula",-20.783704,148.854590,"GDA2020",2000,,,,"U",0
5755732,,"Animalia","Chordata","Mammalia","Carnivora","Canidae","Canis familiaris (dingo)","dingo",1068,"Linnaeus, 1758",,,False,"QA","Incidental Records","Mark Sanders Incidental fauna data","04-12-2009",,"04-12-2009","Wondul Range National Park",-28.065097,151.050056,"GDA2020",100,,,,"C",0
6109430,"8657","Animalia","Chordata","Mammalia","Carnivora","Canidae","Canis familiaris","dog",1067,"Linnaeus, 1758",,,False,"II","John W. Winter Database","Winter","20-05-2005","20-05-2005","20-05-2005","Silver Valley Road, Dry River watershed",-17.433711,145.309734,"GDA2020",100,1,"A",,"V",0
6109100,"7700","Animalia","Chordata","Mammalia","Carnivora","Canidae","Canis familiaris","dog",1067,"Linnaeus, 1758",,,False,"II","John W. Winter Database","Winter","11-11-2003","11-11-2003","11-11-2003","Silver Valley Road, Westward Ho turn-off",-17.480612,145.272661,"GDA2020",100,1,"A",,"V",0
6109271,"8351","Animalia","Chordata","Mammalia","Carnivora","Canidae","Canis familiaris","dog",1067,"Linnaeus, 1758",,,False,"II","John W. Winter Database","Winter","09-10-2004","09-10-2004","09-10-2004","The Junction, Dry River Crossing, Silver Valley",-17.536930,145.303719,"GDA2020",100,2,"A",,"V",0
6109840,"9794","Animalia","Chordata","Mammalia","Carnivora","Canidae","Canis familiaris","dog",1067,"Linnaeus, 1758",,,False,"II","John W. Winter Database","Winter","03-11-2006","03-11-2006","03-11-2006","The Junction, Wild River, ""Wildside"" homestead",-17.540567,145.313998,"GDA2020",100,1,"A",,"V",0
6110825,"14253","Animalia","Chordata","Mammalia","Carnivora","Canidae","Canis familiaris","dog",1067,"Linnaeus, 1758",,,False,"II","John W. Winter Database","Winter","08-12-2008","08-12-2008","08-12-2008","Silver Valley Road, Captain's mine",-17.511535,145.285513,"GDA2020",100,1,"A",,"V",0
6614935,"26387","Animalia","Chordata","Mammalia","Carnivora","Canidae","Canis familiaris","dog",1067,"Linnaeus, 1758",,,False,"II","John W. Winter Database","Winter","19-04-2018","19-04-2018","19-04-2018","Normanton to Burke & Wills Roadhouse, 127 km direct line SSW of Normanton",-18.688125,140.515042,"GDA2020",100,1,"A",,"V",0
6614936,"26495","Animalia","Chordata","Mammalia","Carnivora","Canidae","Canis familiaris","dog",1067,"Linnaeus, 1758",,,False,"II","John W. Winter Database","Winter","25-04-2018","25-04-2018","25-04-2018","Gorge Creek Rd, Cheviot Hills Station",-19.580229,144.092699,"GDA2020",50,1,"A",,"V",0
6614937,"26516","Animalia","Chordata","Mammalia","Carnivora","Canidae","Canis familiaris","dog",1067,"Linnaeus, 1758",,,False,"II","John W. Winter Database","Winter","26-04-2018","26-04-2018","26-04-2018","Blackbraes National Park, Gorge Ck Rd, Juntalla,",-19.576556,144.067828,"GDA2020",50,1,"A",,"V",0
6614938,"26544","Animalia","Chordata","Mammalia","Carnivora","Canidae","Canis familiaris","dog",1067,"Linnaeus, 1758",,,False,"II","John W. Winter Database","Winter","26-04-2018","26-04-2018","26-04-2018","Blackbraes National Park, Gorge Ck Rd, Juntalla,",-19.570176,143.998619,"GDA2020",20,1,"A",,"V",0
6614939,"26565","Animalia","Chordata","Mammalia","Carnivora","Canidae","Canis familiaris","dog",1067,"Linnaeus, 1758",,,False,"II","John W. Winter Database","Winter","27-04-2018","27-04-2018","27-04-2018","Gorge Ck Rd, Chevior Hills",-19.579472,144.088141,"GDA2020",50,1,"A",,"V",0
6614940,"26591","Animalia","Chordata","Mammalia","Carnivora","Canidae","Canis familiaris","dog",1067,"Linnaeus, 1758",,,False,"II","John W. Winter Database","Winter","27-04-2018","27-04-2018","27-04-2018","Blackbraes National Park, Brumby Dam road",-19.548800,144.057536,"GDA2020",50,2,"A",,"V",0
6614941,"26594","Animalia","Chordata","Mammalia","Carnivora","Canidae","Canis familiaris","dog",1067,"Linnaeus, 1758",,,False,"II","John W. Winter Database","Winter","27-04-2018","27-04-2018","27-04-2018","Blackbraes National Park, Brumby Dam road",-19.530426,144.063845,"GDA2020",50,1,"A",,"V",0
6552480,,"Animalia","Chordata","Mammalia","Carnivora","Canidae","Canis familiaris","dog",1067,"Linnaeus, 1758",,,False,"II","Harry Hines fauna data","Nairana and Mazeppa buffel grazing project","08-12-2015","08-12-2015","08-12-2015","North-eastern section of Nairana National Park, south of Belyando Crossing, CQ.",-21.613289,146.918062,"GDA2020",100,,,,"C",0
6708127,"241","Animalia","Chordata","Mammalia","Carnivora","Canidae","Canis familiaris","dog",1067,"Linnaeus, 1758",,,False,"II","Incidental Records","Biosecurity QLD bait trial 2018","08-09-2018","08-09-2018","08-09-2018","Girraween National Park",-28.825763,151.986805,"GDA2020",50,1,"A",,"C",0
6614806,"17","Animalia","Chordata","Mammalia","Carnivora","Canidae","Canis familiaris","dog",1067,"Linnaeus, 1758",,,False,"II","Incidental Records","Keith R. McDonalds Incidental Records","09-05-2018","09-05-2018","09-05-2018","Dipperu N.P.,Yard Creek, Bat Dam",-21.931376,148.714729,"GDA2020",100,1,"A",,"V",0
6712405,,"Animalia","Chordata","Mammalia","Carnivora","Canidae","Canis familiaris","dog",1067,"Linnaeus, 1758",,,False,"II","Incidental Records","D'Aguilar National Park (South D'Aguilar MU)","10-01-2019","09-02-2019","10-01-2019","01 - Redmans Break, approx 2 km from Northbrook Parkway gate near high point 600m",-27.282151,152.729945,"GDA2020",100,2,"A",,"C",0
6712408,,"Animalia","Chordata","Mammalia","Carnivora","Canidae","Canis familiaris","dog",1067,"Linnaeus, 1758",,,False,"II","Incidental Records","D'Aguilar National Park (South D'Aguilar MU)","28-03-2019","01-05-2019","28-03-2019","Clear Mtn CP - Centre Rd 01 - One Mile Creek",-27.314425,152.911081,"GDA2020",100,1,"A",,"C",0
6712434,,"Animalia","Chordata","Mammalia","Carnivora","Canidae","Canis familiaris","dog",1067,"Linnaeus, 1758",,,False,"II","Incidental Records","D'Aguilar National Park (South D'Aguilar MU)","22-03-2019","01-05-2019","22-03-2019","Moggill CP 01 - Centre Rd - Pullen CreekBreak area",-27.516000,152.862651,"GDA2020",100,1,"A",,"C",0
6614933,"26091","Animalia","Chordata","Mammalia","Carnivora","Canidae","Canis familiaris","dog",1067,"Linnaeus, 1758",,,False,"II","John W. Winter Database","Winter","06-09-2017","06-09-2017","06-09-2017","Archer River, 10 Mile Junction, 52 km NW Coen airfield",-13.449338,142.756820,"GDA2020",50,1,"A",,"V",0
6725505,,"Animalia","Chordata","Mammalia","Carnivora","Canidae","Canis familiaris","dog",1067,"Linnaeus, 1758",,,False,"II","Ecological Assessment","Muundhi (Jack River) NP 10 year resurvey","03-07-2018","05-07-2018","03-07-2018","Muundhi (Jack River) National Park (Cape York Peninsula Aboriginal Land)",-14.917238,144.409720,"GDA2020",100,1,"A",,"C",0
6725509,,"Animalia","Chordata","Mammalia","Carnivora","Canidae","Canis familiaris","dog",1067,"Linnaeus, 1758",,,False,"II","Ecological Assessment","Muundhi (Jack River) NP 10 year resurvey","03-07-2018","05-07-2018","03-07-2018","Muundhi (Jack River) National Park (Cape York Peninsula Aboriginal Land)",-14.917238,144.409720,"GDA2020",100,2,"A",,"C",0
6725514,,"Animalia","Chordata","Mammalia","Carnivora","Canidae","Canis familiaris","dog",1067,"Linnaeus, 1758",,,False,"II","Ecological Assessment","Muundhi (Jack River) NP 10 year resurvey","03-07-2018","06-07-2018","03-07-2018","Muundhi (Jack River) National Park (Cape York Peninsula Aboriginal Land)",-14.916172,144.410541,"GDA2020",100,1,"A",,"C",0
6725516,,"Animalia","Chordata","Mammalia","Carnivora","Canidae","Canis familiaris","dog",1067,"Linnaeus, 1758",,,False,"II","Ecological Assessment","Muundhi (Jack River) NP 10 year resurvey","03-07-2018","06-07-2018","03-07-2018","Muundhi (Jack River) National Park (Cape York Peninsula Aboriginal Land)",-14.916172,144.410541,"GDA2020",100,1,"A",,"C",0
6725518,,"Animalia","Chordata","Mammalia","Carnivora","Canidae","Canis familiaris","dog",1067,"Linnaeus, 1758",,,False,"II","Ecological Assessment","Muundhi (Jack River) NP 10 year resurvey","03-07-2018","06-07-2018","03-07-2018","Muundhi (Jack River) National Park (Cape York Peninsula Aboriginal Land)",-14.916172,144.410541,"GDA2020",100,2,"A",,"C",0
6726264,"112","Animalia","Chordata","Mammalia","Carnivora","Canidae","Canis familiaris","dog",1067,"Linnaeus, 1758",,,False,"II","Ecological Assessment","Astrebla Downs NP spotlighting and thermal camera surveys","08-04-2015","08-04-2015","08-04-2015","Kite Drive, Astrebla Downs National Park",-24.249122,140.569969,"GDA2020",200,2,"A",,"C",0
6737323,,"Animalia","Chordata","Mammalia","Carnivora","Canidae","Canis familiaris","dog",1067,"Linnaeus, 1758",,,False,"II","Incidental Records","Ecosure Sightings Data","22-05-2017","30-05-2017","22-05-2017","Facing Island, Gladstone Harbour",-23.787387,151.339907,"GDA2020",1500,,,,"C",0
6737473,,"Animalia","Chordata","Mammalia","Carnivora","Canidae","Canis familiaris","dog",1067,"Linnaeus, 1758",,,False,"II","Incidental Records","Ecosure Sightings Data","30-11-2017","30-11-2017","30-11-2017","Rugby Run, Moranbah",-22.134187,147.930607,"GDA2020",1200,,,,"C",0
6737526,,"Animalia","Chordata","Mammalia","Carnivora","Canidae","Canis familiaris","dog",1067,"Linnaeus, 1758",,,False,"II","Incidental Records","Ecosure Sightings Data","16-04-2018","16-04-2018","16-04-2018","Springs Rd, Agnes Water",-24.219887,151.917307,"GDA2020",85,,,,"C",0
6737680,,"Animalia","Chordata","Mammalia","Carnivora","Canidae","Canis familiaris","dog",1067,"Linnaeus, 1758",,,False,"II","Incidental Records","Ecosure Sightings Data","13-02-2018","15-02-2018","13-02-2018","Aldoga",-23.876287,151.051507,"GDA2020",800,,,,"C",0
6614285,"63","Animalia","Chordata","Mammalia","Carnivora","Canidae","Canis familiaris","dog",1067,"Linnaeus, 1758",,,False,"II","Incidental Records","Keith R. McDonalds Incidental Records","03-04-2018","03-04-2018","03-04-2018","Littleton N.P., near ranger base",-18.344431,142.599174,"GDA2020",100,2,"A",,"V",0
6738299,,"Animalia","Chordata","Mammalia","Carnivora","Canidae","Canis familiaris","dog",1067,"Linnaeus, 1758",,,False,"II","Incidental Records","Ecosure Sightings Data","11-07-2016","15-07-2016","11-07-2016","Boyne Island",-23.917887,151.309807,"GDA2020",750,,,,"C",0
6614934,"26092","Animalia","Chordata","Mammalia","Carnivora","Canidae","Canis familiaris","dog",1067,"Linnaeus, 1758",,,False,"II","John W. Winter Database","Winter","11-09-2017","11-09-2017","11-09-2017","Portland Roads Rd, 9 km NW of Lockhart",-12.726633,143.284789,"GDA2020",300,2,"A",,"V",0
6111394,"24376","Animalia","Chordata","Mammalia","Carnivora","Canidae","Canis familiaris","dog",1067,"Linnaeus, 1758",,,False,"II","John W. Winter Database","Winter","21-09-2014","21-09-2014","21-09-2014","Jabaroo Road, Lochinvar Station",-13.947185,143.161343,"GDA2020",50,1,"A",,"V",0
6320169,"25208","Animalia","Chordata","Mammalia","Carnivora","Canidae","Canis familiaris","dog",1067,"Linnaeus, 1758",,,False,"II","John W. Winter Database","Winter","09-05-2016","09-05-2016","09-05-2016","Coolullah Station, Kajabbi area",-20.115595,139.970681,"GDA2020",100,1,"A",,"V",0
7116051,,"Animalia","Chordata","Mammalia","Carnivora","Canidae","Canis familiaris","dog",1067,"Linnaeus, 1758",,,False,"II","Incidental Records","Ecosure Sightings Data","14-01-2017","14-01-2017","14-01-2017","Comet",-23.704287,148.781207,"GDA2020",1000,,,,"C",0
6320227,"24872","Animalia","Chordata","Mammalia","Carnivora","Canidae","Canis familiaris","dog",1067,"Linnaeus, 1758",,,False,"II","John W. Winter Database","Winter","15-03-2016","15-03-2016","15-03-2016","Gregory Development Rd, Clarke River",-19.216229,145.427202,"GDA2020",200,,,,"C",0
7116229,,"Animalia","Chordata","Mammalia","Carnivora","Canidae","Canis familiaris","dog",1067,"Linnaeus, 1758",,,False,"II","Incidental Records","Ecosure Sightings Data","03-06-2017","03-06-2017","03-06-2017","Lilyvale",-23.144087,148.435007,"GDA2020",1500,,,,"C",0
7116487,,"Animalia","Chordata","Mammalia","Carnivora","Canidae","Canis familiaris","dog",1067,"Linnaeus, 1758",,,False,"II","Incidental Records","Ecosure Sightings Data","31-05-2018","31-05-2018","31-05-2018","1770 Boat Ramp",-24.170987,151.884007,"GDA2020",500,,,,"C",0
7116625,,"Animalia","Chordata","Mammalia","Carnivora","Canidae","Canis familiaris","dog",1067,"Linnaeus, 1758",,,False,"II","Incidental Records","Ecosure Sightings Data","06-02-2017","08-02-2017","06-02-2017","Boyne Island",-23.925187,151.312707,"GDA2020",2000,,,,"C",0
7116709,,"Animalia","Chordata","Mammalia","Carnivora","Canidae","Canis familiaris","dog",1067,"Linnaeus, 1758",,,False,"II","Incidental Records","Ecosure Sightings Data","03-10-2018","04-10-2018","03-10-2018","Boyne Island",-23.927487,151.306807,"GDA2020",1000,,,,"C",0
6320305,"25221","Animalia","Chordata","Mammalia","Carnivora","Canidae","Canis familiaris","dog",1067,"Linnaeus, 1758",,,False,"II","John W. Winter Database","Winter","11-05-2016","11-05-2016","11-05-2016","Malaco Mine, Kajabbi area",-20.012626,139.999812,"GDA2020",100,1,"A",,"V",0
7117129,,"Animalia","Chordata","Mammalia","Carnivora","Canidae","Canis familiaris","dog",1067,"Linnaeus, 1758",,,False,"II","Incidental Records","Ecosure Sightings Data","31-01-2019","06-02-2019","31-01-2019","Kinka Beach",-23.217187,150.783607,"GDA2020",1000,,,,"C",0
6320316,"25284","Animalia","Chordata","Mammalia","Carnivora","Canidae","Canis familiaris","dog",1067,"Linnaeus, 1758",,,False,"II","John W. Winter Database","Winter","10-05-2016","10-05-2016","10-05-2016","Calton Hills Station",-19.944732,139.781072,"GDA2020",100,1,"A",,"C",0
6708699,"813","Animalia","Chordata","Mammalia","Carnivora","Canidae","Canis familiaris","dog",1067,"Linnaeus, 1758",,,False,"II","Incidental Records","Biosecurity QLD bait trial 2018","21-09-2018","21-09-2018","21-09-2018","Main Range National Park",-27.977006,152.350430,"GDA2020",50,1,"A",,"C",0
6713381,"35","Animalia","Chordata","Mammalia","Carnivora","Canidae","Canis familiaris","dog",1067,"Linnaeus, 1758",,,False,"II","Incidental Records","Keith R. McDonalds Incidental Records","24-03-2019","24-03-2019","24-03-2019","Canyon Resources Reserve, track to Stockman's Stn boundary.",-18.542487,143.911674,"GDA2020",100,1,"A",,"V",0
7148899,,"Animalia","Chordata","Mammalia","Carnivora","Canidae","Canis familiaris","dog",1067,"Linnaeus, 1758",,,False,"II","Bushfire Recovery Project","Camera trapping - threatened species bushfire project","09-09-2020","05-11-2020","09-09-2020","Top of a small north facing escarpment on a westerly ridge, 450m north of the uppermost part of Drummer Break, Mount Barney National Park, SEQ.",-28.282241,152.595634,"GDA2020",50,,,,"C",0
7148968,,"Animalia","Chordata","Mammalia","Carnivora","Canidae","Canis familiaris","dog",1067,"Linnaeus, 1758",,,False,"II","Bushfire Recovery Project","Camera trapping - threatened species bushfire project","09-09-2020","06-10-2020","09-09-2020","Drummer Break, about 1 km from the top, Mount Barney National Park, SEQ.",-28.287378,152.583826,"GDA2020",50,,,,"C",0
7148980,,"Animalia","Chordata","Mammalia","Carnivora","Canidae","Canis familiaris","dog",1067,"Linnaeus, 1758",,,False,"II","Bushfire Recovery Project","Camera trapping - threatened species bushfire project","09-09-2020","24-09-2020","09-09-2020","Drummer Break, about 1.8km from the top, Mount Barney National Park, SEQ.",-28.283299,152.578264,"GDA2020",50,,,,"C",0
6630143,"158","Animalia","Chordata","Mammalia","Carnivora","Canidae","Canis familiaris","dog",1067,"Linnaeus, 1758",,,False,"II","Incidental Records","Keith R. McDonalds Incidental Records","01-06-2018","01-06-2018","01-06-2018","Littleton N.P., 3X track",-18.413875,142.635563,"GDA2020",100,1,"A",,"V",0
7240173,"8","Animalia","Chordata","Mammalia","Carnivora","Canidae","Canis familiaris","dog",1067,"Linnaeus, 1758",,,False,"II","Incidental Records","South Endeavour Trust records","17-03-2021","19-04-2022","17-03-2021","Cassowary Crossing",-17.527697,145.564578,"GDA2020",100,1,"A",,"C",0
7240189,"24","Animalia","Chordata","Mammalia","Carnivora","Canidae","Canis familiaris","dog",1067,"Linnaeus, 1758",,,False,"II","Incidental Records","South Endeavour Trust records","17-03-2021","19-04-2022","17-03-2021","Cassowary Crossing",-17.528407,145.562528,"GDA2020",100,1,"A",,"C",0
7240201,"36","Animalia","Chordata","Mammalia","Carnivora","Canidae","Canis familiaris","dog",1067,"Linnaeus, 1758",,,False,"II","Incidental Records","South Endeavour Trust records","17-03-2021","19-04-2022","17-03-2021","Cassowary Crossing",-17.528686,145.563795,"GDA2020",100,1,"A",,"C",0
7116193,,"Animalia","Chordata","Mammalia","Carnivora","Canidae","Canis familiaris","dog",1067,"Linnaeus, 1758",,,False,"II","Incidental Records","Ecosure Sightings Data","16-05-2017","17-07-2017","16-05-2017","Dysart",-22.523087,148.502707,"GDA2020",750,,,,"C",0
7115864,,"Animalia","Chordata","Mammalia","Carnivora","Canidae","Canis familiaris","dog",1067,"Linnaeus, 1758",,,False,"II","Incidental Records","Ecosure Sightings Data","01-12-2017","01-12-2017","01-12-2017","Blackwater",-23.586287,148.817507,"GDA2020",1000,,,,"C",0
7240215,"50","Animalia","Chordata","Mammalia","Carnivora","Canidae","Canis familiaris","dog",1067,"Linnaeus, 1758",,,False,"II","Incidental Records","South Endeavour Trust records","17-03-2021","19-04-2022","17-03-2021","Cassowary Crossing",-17.528047,145.562658,"GDA2020",100,1,"A",,"C",0
7116001,,"Animalia","Chordata","Mammalia","Carnivora","Canidae","Canis familiaris","dog",1067,"Linnaeus, 1758",,,False,"II","Incidental Records","Ecosure Sightings Data","06-10-2016","06-10-2016","06-10-2016","Nogoa River, Emerald",-23.529287,148.168407,"GDA2020",500,,,,"C",0
7301831,"25","Animalia","Chordata","Mammalia","Carnivora","Canidae","Canis familiaris","dog",1067,"Linnaeus, 1758",,,False,"II","Incidental Records","Kate Grundy Incidental Records","01-04-2022","03-04-2022","01-04-2022","Mt Quincan Crater, Yungaburra",-17.306718,145.581036,"GDA2020",400,3,"A",,"C",0
7116991,,"Animalia","Chordata","Mammalia","Carnivora","Canidae","Canis familiaris","dog",1067,"Linnaeus, 1758",,,False,"II","Incidental Records","Ecosure Sightings Data","21-06-2018","21-06-2018","21-06-2018","Plover St, Parkhurst",-23.320487,150.485807,"GDA2020",500,,,,"C",0
7121060,,"Animalia","Chordata","Mammalia","Carnivora","Canidae","Canis familiaris","dog",1067,"Linnaeus, 1758",,,False,"II","Incidental Records","QPWS Dry Tropics wildlife records","26-08-2020","26-08-2020","26-08-2020","Girringun NP, Herkes Track",-18.381025,145.592300,"GDA2020",20,1,"A",,"C",0
7121092,,"Animalia","Chordata","Mammalia","Carnivora","Canidae","Canis familiaris","dog",1067,"Linnaeus, 1758",,,False,"II","Incidental Records","QPWS Dry Tropics wildlife records","30-09-2020","30-09-2020","30-09-2020","Littleton NP, Near XXX creek on VHF access track",-18.391277,142.708038,"GDA2020",10,2,"A",,"C",0
7127097,"13077","Animalia","Chordata","Mammalia","Carnivora","Canidae","Canis familiaris","dog",1067,"Linnaeus, 1758",,,False,"II","Rod Hobson's wildlife data","Rod Hobson's incidental records","21-04-1992","21-04-1992","21-04-1992","Hoods Dam, Dyno Nobel paddock, Airforce Road, Helidon SEQ",-27.533466,152.114109,"GDA2020",100,1,"A",,"C",0
6737910,,"Animalia","Chordata","Mammalia","Carnivora","Canidae","Canis familiaris","dog",1067,"Linnaeus, 1758",,,False,"II","Incidental Records","Ecosure Sightings Data","14-03-2016","18-03-2016","14-03-2016","Aldoga",-23.878587,151.051507,"GDA2020",800,,,,"C",0
6749426,"87","Animalia","Chordata","Mammalia","Carnivora","Canidae","Canis familiaris","dog",1067,"Linnaeus, 1758",,,False,"II","Ecological Assessment","Juunju Fauna Survey","12-08-2019","16-08-2019","12-08-2019","Juunju Daarrba Nhirrpan National Park",-14.891182,144.998666,"GDA2020",100,1,"A",,"C",0
7335150,,"Animalia","Chordata","Mammalia","Carnivora","Canidae","Canis familiaris","dog",1067,"Linnaeus, 1758",,,False,"II","QPWS incidental fauna data","Sightings from Survey123 app","27-09-2023","27-09-2023","27-09-2023","Border track, Binna Burra section of Lamington National Park, SEQ.",-28.200888,153.189656,"GDA2020",10,1,"A",,"C",0
766972,,"Animalia","Chordata","Mammalia","Carnivora","Canidae","Canis familiaris (dingo)","dingo",1068,"Linnaeus, 1758",,,False,"QA","NatureSearch 1","NatureSearch Records","08-03-1992","08-03-1992","08-03-1992","Border Track between Binna Burra and Coomera Falls Track",-28.206722,153.192743,"GDA2020",1300,1,"A",,"C",0
781444,,"Animalia","Chordata","Mammalia","Carnivora","Canidae","Canis familiaris (dingo)","dingo",1068,"Linnaeus, 1758",,,False,"QA","NatureSearch 1","NatureSearch Records","11-09-1992","11-09-1992","11-09-1992","No locality provided, Beaudesert",-27.906723,153.176074,"GDA2020",1300,1,"A",,"C",0
804685,,"Animalia","Chordata","Mammalia","Carnivora","Canidae","Canis familiaris (dingo)","dingo",1068,"Linnaeus, 1758",,,False,"QA","NatureSearch 1","NatureSearch Records","25-01-1992","31-01-1992","25-01-1992","Area at bottom of North St., Mt Tamborine",-27.923389,153.192740,"GDA2020",1300,4,"A",,"U",0
807637,,"Animalia","Chordata","Mammalia","Carnivora","Canidae","Canis familiaris (dingo)","dingo",1068,"Linnaeus, 1758",,,False,"QA","NatureSearch 1","NatureSearch Records","16-07-1992","22-07-1992","16-07-1992","No locality provided, Pine Rivers",-27.323394,152.776075,"GDA2020",1300,2,"E",,"U",0
830503,,"Animalia","Chordata","Mammalia","Carnivora","Canidae","Canis familiaris (dingo)","dingo",1068,"Linnaeus, 1758",,,False,"QA","NatureSearch 1","NatureSearch Records","01-01-1989","31-12-1989","01-01-1989","Scientific area no. 1, Beerwah.",-26.823393,152.992734,"GDA2020",1300,,,,"U",0
830804,,"Animalia","Chordata","Mammalia","Carnivora","Canidae","Canis familiaris (dingo)","dingo",1068,"Linnaeus, 1758",,,False,"QA","NatureSearch 1","NatureSearch Records","04-10-1992","04-10-1992","04-10-1992","Mount Bithongabel, Lamington N.P.",-28.264543,153.172950,"GDA2020",500,1,"A",,"U",0
837944,,"Animalia","Chordata","Mammalia","Carnivora","Canidae","Canis familiaris (dingo)","dingo",1068,"Linnaeus, 1758",,,False,"QA","NatureSearch 1","NatureSearch Records","14-02-1993","19-02-1993","14-02-1993","No locality provided, Beaudesert",-28.223389,153.126077,"GDA2020",1300,2,"A",,"U",0
7159211,,"Animalia","Chordata","Mammalia","Carnivora","Canidae","Canis familiaris","dog",1067,"Linnaeus, 1758",,,False,"II","Incidental Records","SDMU Camera Trap 2021","08-10-2021","10-10-2021","08-10-2021","D'Aguilar NP - Creek Road",-27.444482,152.823497,"GDA2020",100,2,"A",,"C",0
840465,,"Animalia","Chordata","Mammalia","Carnivora","Canidae","Canis familiaris (dingo)","dingo",1068,"Linnaeus, 1758",,,False,"QA","NatureSearch 1","NatureSearch Records","09-02-1993","09-02-1993","09-02-1993","No locality provided, Esk",-26.690065,152.309410,"GDA2020",1300,1,"A",,"U",0
847942,,"Animalia","Chordata","Mammalia","Carnivora","Canidae","Canis familiaris (dingo)","dingo",1068,"Linnaeus, 1758",,,False,"QA","NatureSearch 1","NatureSearch Records","28-03-1987","16-04-1987","28-03-1987","No locality provided, Beaudesert",-27.923389,153.192740,"GDA2020",1300,1,"A",,"U",0
891986,,"Animalia","Chordata","Mammalia","Carnivora","Canidae","Canis familiaris (dingo)","dingo",1068,"Linnaeus, 1758",,,False,"QA","NatureSearch 1","NatureSearch Records","01-09-1993","31-10-1993","01-09-1993","No locality provided, Esk",-26.673399,152.259411,"GDA2020",1300,,,,"U",0
914562,,"Animalia","Chordata","Mammalia","Carnivora","Canidae","Canis familiaris (dingo)","dingo",1068,"Linnaeus, 1758",,,False,"QA","NatureSearch 1","NatureSearch Records","15-12-1994","15-12-1994","15-12-1994","Redwood Park, Toowoomba",-27.556732,151.992758,"GDA2020",1300,,,,"U",0
964888,,"Animalia","Chordata","Mammalia","Carnivora","Canidae","Canis familiaris (dingo)","dingo",1068,"Linnaeus, 1758",,,False,"QA","NatureSearch 1","NatureSearch Records","09-11-1993","01-02-1994","09-11-1993","No locality provided, Maroochy",-26.640062,152.726070,"GDA2020",1300,,,,"U",0
964917,,"Animalia","Chordata","Mammalia","Carnivora","Canidae","Canis familiaris (dingo)","dingo",1068,"Linnaeus, 1758",,,False,"QA","NatureSearch 1","NatureSearch Records","01-02-1994","22-03-1994","01-02-1994","No locality provided, Maroochy",-26.640062,152.726070,"GDA2020",1300,,,,"U",0
995825,,"Animalia","Chordata","Mammalia","Carnivora","Canidae","Canis familiaris (dingo)","dingo",1068,"Linnaeus, 1758",,,False,"QA","NatureSearch 1","NatureSearch Records","01-02-1990","20-12-1993","01-02-1990","No locality provided, Albert",-28.206722,153.192743,"GDA2020",1300,,,,"U",0
995877,,"Animalia","Chordata","Mammalia","Carnivora","Canidae","Canis familiaris (dingo)","dingo",1068,"Linnaeus, 1758",,,False,"QA","NatureSearch 1","NatureSearch Records","01-02-1990","20-12-1993","01-02-1990","No locality provided, Beaudesert",-28.173389,153.176076,"GDA2020",1300,,,,"U",0
1000709,,"Animalia","Chordata","Mammalia","Carnivora","Canidae","Canis familiaris (dingo)","dingo",1068,"Linnaeus, 1758",,,False,"QA","NatureSearch 1","NatureSearch Records","09-03-1994","09-03-1994","09-03-1994","SE end of Bongaree.",-27.090058,153.176067,"GDA2020",1300,1,"A",,"U",0
1022159,,"Animalia","Chordata","Mammalia","Carnivora","Canidae","Canis familiaris (dingo)","dingo",1068,"Linnaeus, 1758",,,False,"QA","NatureSearch 1","NatureSearch Records","01-07-1992","31-07-1992","01-07-1992","Bunburra.",-28.056726,152.676083,"GDA2020",1300,4,"A",,"U",0
1060827,,"Animalia","Chordata","Mammalia","Carnivora","Canidae","Canis familiaris (dingo)","dingo",1068,"Linnaeus, 1758",,,False,"QA","NatureSearch 1","NatureSearch Records","15-06-1992","15-06-1992","15-06-1992","2 km from Mt French campsite, Mt French National Park.",-28.006726,152.626084,"GDA2020",1300,,,,"C",0
1078847,,"Animalia","Chordata","Mammalia","Carnivora","Canidae","Canis familiaris (dingo)","dingo",1068,"Linnaeus, 1758",,,False,"QA","NatureSearch 1","NatureSearch Records","05-01-1994","29-01-1994","05-01-1994","Redwood Park, down to Gatton Ck",-27.556732,151.992758,"GDA2020",1300,1,"A",,"U",0
1083169,,"Animalia","Chordata","Mammalia","Carnivora","Canidae","Canis familiaris (dingo)","dingo",1068,"Linnaeus, 1758",,,False,"QA","NatureSearch 1","NatureSearch Records","12-06-1993","14-06-1993","12-06-1993","Between campsite and Northbrook Mtn., Brisbane Forest Park",-27.323394,152.726076,"GDA2020",1300,1,"A",,"U",0
5757202,,"Animalia","Chordata","Mammalia","Carnivora","Canidae","Canis familiaris (dingo)","dingo",1068,"Linnaeus, 1758",,,False,"QA","Incidental Records","Mark Sanders Incidental fauna data","20-05-2010",,"20-05-2010","adjacent Sunshine Coast Airport, Marcoola",-26.588987,153.082456,"GDA2020",100,,,,"C",0
5795054,,"Animalia","Chordata","Mammalia","Carnivora","Canidae","Canis familiaris (dingo)","dingo",1068,"Linnaeus, 1758",,,False,"QA","Rod Hobson's wildlife data","McEwan's State Forest Fauna Survey","24-02-2010","24-02-2010","24-02-2010","McEwan State Forest, Stoneleigh via Pittsworth, SEQ.",-27.679467,151.636756,"GDA2020",1500,,,,"C",0
5776409,"510","Animalia","Chordata","Mammalia","Carnivora","Canidae","Canis familiaris (dingo)","dingo",1068,"Linnaeus, 1758",,,False,"QA","Incidental Records","QPWS Toowoomba Flora and Fauna records","12-08-1993","12-08-1993","12-08-1993","Bald Mountain Scientific Area 71 on Main Range NP (formerly SF 661 Emu Vale)",-28.227351,152.409890,"GDA2020",200,,,,"C",0
5781320,,"Animalia","Chordata","Mammalia","Carnivora","Canidae","Canis familiaris (dingo)","dingo",1068,"Linnaeus, 1758",,,False,"QA","Incidental Records","Northern Bettong Survey Carbine Tablelands (1997)","02-06-1997","12-06-1997","02-06-1997","Carbine Tableland",-16.379087,145.184008,"GDA2020",1300,,,,"C",0
970797,,"Animalia","Chordata","Mammalia","Carnivora","Canidae","Canis familiaris (dingo)","dingo",1068,"Linnaeus, 1758",,,False,"QA","NatureSearch 1","NatureSearch Records","16-12-1994","16-12-1994","16-12-1994","Redwood Park, Toowoomba",-27.556732,151.992758,"GDA2020",1300,1,"A",,"U",0
5782615,,"Animalia","Chordata","Mammalia","Carnivora","Canidae","Canis familiaris (dingo)","dingo",1068,"Linnaeus, 1758",,,False,"QA","Harry Hines fauna data","Harry Hines incidental records","05-02-2009",,"05-02-2009","Camboon Road, south of Biloela, SEQ.",-24.998102,150.437109,"GDA2020",50,1,"A",,"C",0
5783670,"1245","Animalia","Chordata","Mammalia","Carnivora","Canidae","Canis familiaris (dingo)","dingo",1068,"Linnaeus, 1758",,,False,"QA","Incidental Records","Bruce Thomson Incidental Records","22-10-2010","22-10-2010","22-10-2010","38km north west of Glenden",-21.086374,147.792719,"GDA2020",10,2,"A",,"C",0
5783806,"239","Animalia","Chordata","Mammalia","Carnivora","Canidae","Canis familiaris (dingo)","dingo",1068,"Linnaeus, 1758",,,False,"QA","Incidental Records","Bruce Thomson Incidental Records","31-10-2008","31-10-2008","31-10-2008","Braemar State Forest",-27.231176,150.781496,"GDA2020",10,1,"A",,"C",0
5791693,,"Animalia","Chordata","Mammalia","Carnivora","Canidae","Canis familiaris (dingo)","dingo",1068,"Linnaeus, 1758",,,False,"QA","Rod Hobson's wildlife data","Rod Hobson's incidental records","09-02-2009","09-02-2009","09-02-2009","Wainui Pastoral Company, Bowenville, SEQ.",-27.328718,151.428887,"GDA2020",1000,1,"A",,"C",0
5825462,,"Animalia","Chordata","Mammalia","Carnivora","Canidae","Canis familiaris (dingo)","dingo",1068,"Linnaeus, 1758",,,False,"QA","Incidental Records","Tina Ball Miscellaneous Data","22-09-2011","22-09-2011","22-09-2011","Crediton State Forest",-21.338696,148.548494,"GDA2020",100,1,"A",,"C",0
5825473,,"Animalia","Chordata","Mammalia","Carnivora","Canidae","Canis familiaris (dingo)","dingo",1068,"Linnaeus, 1758",,,False,"QA","Incidental Records","Tina Ball Miscellaneous Data","14-12-2011","14-12-2011","14-12-2011","Crediton State Forest",-21.338696,148.548494,"GDA2020",100,1,"A",,"C",0
5825478,,"Animalia","Chordata","Mammalia","Carnivora","Canidae","Canis familiaris (dingo)","dingo",1068,"Linnaeus, 1758",,,False,"QA","Incidental Records","Tina Ball Miscellaneous Data","31-10-2011","31-10-2011","31-10-2011","Crediton State Forest",-21.344152,148.549515,"GDA2020",100,1,"A",,"C",0
5825481,,"Animalia","Chordata","Mammalia","Carnivora","Canidae","Canis familiaris (dingo)","dingo",1068,"Linnaeus, 1758",,,False,"QA","Incidental Records","Tina Ball Miscellaneous Data","14-12-2011","14-12-2011","14-12-2011","Crediton State Forest",-21.344152,148.549515,"GDA2020",100,1,"A",,"C",0
5825482,,"Animalia","Chordata","Mammalia","Carnivora","Canidae","Canis familiaris (dingo)","dingo",1068,"Linnaeus, 1758",,,False,"QA","Incidental Records","Tina Ball Miscellaneous Data","14-12-2011","14-12-2011","14-12-2011","Crediton State Forest",-21.344152,148.549515,"GDA2020",100,1,"A",,"C",0
5825489,,"Animalia","Chordata","Mammalia","Carnivora","Canidae","Canis familiaris (dingo)","dingo",1068,"Linnaeus, 1758",,,False,"QA","Incidental Records","Tina Ball Miscellaneous Data","22-09-2011","22-09-2011","22-09-2011","Crediton State Forest",-21.337431,148.552491,"GDA2020",100,1,"A",,"C",0
5825493,,"Animalia","Chordata","Mammalia","Carnivora","Canidae","Canis familiaris (dingo)","dingo",1068,"Linnaeus, 1758",,,False,"QA","Incidental Records","Tina Ball Miscellaneous Data","31-10-2011","31-10-2011","31-10-2011","Crediton State Forest",-21.337431,148.552491,"GDA2020",100,8,"A",,"C",0
5825495,,"Animalia","Chordata","Mammalia","Carnivora","Canidae","Canis familiaris (dingo)","dingo",1068,"Linnaeus, 1758",,,False,"QA","Incidental Records","Tina Ball Miscellaneous Data","22-09-2011","22-09-2011","22-09-2011","Crediton State Forest",-21.335831,148.562328,"GDA2020",100,1,"A",,"C",0
5825497,,"Animalia","Chordata","Mammalia","Carnivora","Canidae","Canis familiaris (dingo)","dingo",1068,"Linnaeus, 1758",,,False,"QA","Incidental Records","Tina Ball Miscellaneous Data","31-10-2011","31-10-2011","31-10-2011","Crediton State Forest",-21.335831,148.562328,"GDA2020",100,1,"A",,"C",0
5825520,,"Animalia","Chordata","Mammalia","Carnivora","Canidae","Canis familiaris (dingo)","dingo",1068,"Linnaeus, 1758",,,False,"QA","Incidental Records","Tina Ball Miscellaneous Data","22-09-2011","22-09-2011","22-09-2011","Crediton State Forest",-21.334818,148.556667,"GDA2020",100,1,"A",,"C",0
5825527,,"Animalia","Chordata","Mammalia","Carnivora","Canidae","Canis familiaris (dingo)","dingo",1068,"Linnaeus, 1758",,,False,"QA","Incidental Records","Tina Ball Miscellaneous Data","14-12-2011","14-12-2011","14-12-2011","Crediton State Forest",-21.334818,148.556667,"GDA2020",100,1,"A",,"C",0
5825528,,"Animalia","Chordata","Mammalia","Carnivora","Canidae","Canis familiaris (dingo)","dingo",1068,"Linnaeus, 1758",,,False,"QA","Incidental Records","Tina Ball Miscellaneous Data","14-12-2011","14-12-2011","14-12-2011","Crediton State Forest",-21.334818,148.556667,"GDA2020",100,1,"A",,"C",0
5825596,,"Animalia","Chordata","Mammalia","Carnivora","Canidae","Canis familiaris (dingo)","dingo",1068,"Linnaeus, 1758",,,False,"QA","Incidental Records","WildNet Incidental Records","01-09-2011","11-01-2012","01-09-2011","Kooralbyn and surrounds, south west of Beaudesert",-28.090587,152.855789,"GDA2020",2000,,,,"U",0
5825691,,"Animalia","Chordata","Mammalia","Carnivora","Canidae","Canis familiaris (dingo)","dingo",1068,"Linnaeus, 1758",,,False,"QA","Incidental Records","Tina Ball Miscellaneous Data","22-09-2011","22-09-2011","22-09-2011","Crediton State Forest",-21.331967,148.562084,"GDA2020",100,1,"A",,"C",0
5825698,,"Animalia","Chordata","Mammalia","Carnivora","Canidae","Canis familiaris (dingo)","dingo",1068,"Linnaeus, 1758",,,False,"QA","Incidental Records","Tina Ball Miscellaneous Data","09-08-2011","09-08-2011","09-08-2011","Crediton State Forest",-21.330032,148.560415,"GDA2020",100,1,"A",,"C",0
5825718,,"Animalia","Chordata","Mammalia","Carnivora","Canidae","Canis familiaris (dingo)","dingo",1068,"Linnaeus, 1758",,,False,"QA","Incidental Records","Tina Ball Miscellaneous Data","14-12-2011","14-12-2011","14-12-2011","Crediton State Forest",-21.330032,148.560415,"GDA2020",100,1,"A",,"C",0
5825724,,"Animalia","Chordata","Mammalia","Carnivora","Canidae","Canis familiaris (dingo)","dingo",1068,"Linnaeus, 1758",,,False,"QA","Incidental Records","Tina Ball Miscellaneous Data","22-09-2011","22-09-2011","22-09-2011","Crediton State Forest",-21.329997,148.554380,"GDA2020",100,1,"A",,"C",0
5825736,,"Animalia","Chordata","Mammalia","Carnivora","Canidae","Canis familiaris (dingo)","dingo",1068,"Linnaeus, 1758",,,False,"QA","Incidental Records","Tina Ball Miscellaneous Data","14-12-2011","14-12-2011","14-12-2011","Crediton State Forest",-21.329997,148.554380,"GDA2020",100,1,"A",,"C",0
5825741,,"Animalia","Chordata","Mammalia","Carnivora","Canidae","Canis familiaris (dingo)","dingo",1068,"Linnaeus, 1758",,,False,"QA","Incidental Records","Tina Ball Miscellaneous Data","22-09-2011","22-09-2011","22-09-2011","Crediton State Forest",-21.329778,148.558600,"GDA2020",100,1,"A",,"C",0
5825763,,"Animalia","Chordata","Mammalia","Carnivora","Canidae","Canis familiaris (dingo)","dingo",1068,"Linnaeus, 1758",,,False,"QA","Incidental Records","Tina Ball Miscellaneous Data","31-10-2011","31-10-2011","31-10-2011","Crediton State Forest",-21.325750,148.552696,"GDA2020",100,1,"A",,"C",0
5825783,,"Animalia","Chordata","Mammalia","Carnivora","Canidae","Canis familiaris (dingo)","dingo",1068,"Linnaeus, 1758",,,False,"QA","Incidental Records","Tina Ball Miscellaneous Data","31-10-2011","31-10-2011","31-10-2011","Crediton State Forest",-21.323773,148.555423,"GDA2020",100,1,"A",,"C",0
5794211,,"Animalia","Chordata","Mammalia","Carnivora","Canidae","Canis familiaris (dingo)","dingo",1068,"Linnaeus, 1758",,,False,"QA","Rod Hobson's wildlife data","Waaje Fauna Survey","06-10-2008","07-10-2008","06-10-2008","Old Forestry Campsite, Waaje, Barakula State Forest, SEQ.",-26.151224,150.357390,"GDA2020",200,1,"A",,"C",0
5794718,,"Animalia","Chordata","Mammalia","Carnivora","Canidae","Canis familiaris (dingo)","dingo",1068,"Linnaeus, 1758",,,False,"QA","Rod Hobson's wildlife data","Rod Hobson's incidental records","12-04-2008","12-04-2008","12-04-2008","Baillie Henderson Hospital, Toowoomba, SEQ.",-27.526164,151.941647,"GDA2020",500,1,"A",,"C",0
5794896,,"Animalia","Chordata","Mammalia","Carnivora","Canidae","Canis familiaris (dingo)","dingo",1068,"Linnaeus, 1758",,,False,"QA","Rod Hobson's wildlife data","Rod Hobson's incidental records","29-03-2008","01-04-2008","29-03-2008","Barakula Forestry Headquarters, Barakula State Forest, SEQ.",-26.428965,150.500975,"GDA2020",1000,,,,"C",0
5822491,"8","Animalia","Chordata","Mammalia","Carnivora","Canidae","Canis familiaris (dingo)","dingo",1068,"Linnaeus, 1758",,,False,"QA","Incidental Records","WildNet Incidental Records","05-06-2011","05-06-2011","05-06-2011","Lakefield N.P., 18.5 km by road S of Lakefield Ranger Station",-15.061376,144.291397,"GDA2020",100,1,"A",,"C",0
5872306,,"Animalia","Chordata","Mammalia","Carnivora","Canidae","Canis familiaris (dingo)","dingo",1068,"Linnaeus, 1758",,,False,"QA","Incidental Records","Tina Ball Miscellaneous Data","22-05-2012","25-05-2012","22-05-2012","Albinia",-24.462665,148.491654,"GDA2020",500,1,"A",,"C",0
5872745,"67","Animalia","Chordata","Mammalia","Carnivora","Canidae","Canis familiaris (dingo)","dingo",1068,"Linnaeus, 1758",,,False,"QA","Incidental Records","WildNet Incidental Records","23-03-2012","30-04-2012","23-03-2012","state forest near Kumbarilla lane, Kogan, Qld",-27.177352,150.900927,"GDA2020",1000,1,"A",,"C",0
5823074,,"Animalia","Chordata","Mammalia","Carnivora","Canidae","Canis familiaris (dingo)","dingo",1068,"Linnaeus, 1758",,,False,"QA","Central Region Natural Resource Management Unit","Diamantina Natural Resource Assessment and Pest Arrest","28-04-2009",,"28-04-2009","Diamantina",-23.763539,141.141142,"GDA2020",100,,,,"C",0
5824154,"AMD2085","Animalia","Chordata","Mammalia","Carnivora","Canidae","Canis familiaris (dingo)","dingo",1068,"Linnaeus, 1758",,,False,"QA","Incidental Records","Andrew McDougall Incidental Records","23-05-2010","23-05-2010","23-05-2010","Small lagoon along Belmont Road, Rockhampton",-23.291087,150.462607,"GDA2020",100,3,"A",,"C",0
5891144,,"Animalia","Chordata","Mammalia","Carnivora","Canidae","Canis familiaris (dingo)","dingo",1068,"Linnaeus, 1758",,,False,"QA","Far Northern Threatened Species","Cape York Fauna","12-12-2004",,"12-12-2004","Mapoon, Orchard Road",-12.026588,141.895461,"GDA2020",100,1,"A",,"U",0
5891215,,"Animalia","Chordata","Mammalia","Carnivora","Canidae","Canis familiaris (dingo)","dingo",1068,"Linnaeus, 1758",,,False,"QA","Far Northern Threatened Species","Cape York Fauna","12-12-2004",,"12-12-2004","Mapoon, Orchard Road",-12.026588,141.895461,"GDA2020",100,1,"A",,"U",0
5891445,"7193","Animalia","Chordata","Mammalia","Carnivora","Canidae","Canis familiaris (dingo)","dingo",1068,"Linnaeus, 1758",,,False,"QA","John W. Winter Database","Winter/CYNHT","06-10-2002","06-10-2002","06-10-2002","Telegraph Road",-11.398007,142.405949,"GDA2020",100,,,,"C",0
5825053,,"Animalia","Chordata","Mammalia","Carnivora","Canidae","Canis familiaris (dingo)","dingo",1068,"Linnaeus, 1758",,,False,"QA","CNC Fauna Surveys (Roma)","Bimblebox NR fauna records","19-11-2011","22-11-2011","19-11-2011","Bimblebox NR: centred on dongas",-23.441820,146.401063,"GDA2020",10,4,"A",,"C",0
5801166,,"Animalia","Chordata","Mammalia","Carnivora","Canidae","Canis familiaris (dingo)","dingo",1068,"Linnaeus, 1758",,,False,"QA","Incidental Records","Ray Albress","03-09-2010",,"03-09-2010","Atherton Yungaburra Road",-17.268922,145.554292,"GDA2020",100,1,"A",,"C",0
5823437,,"Animalia","Chordata","Mammalia","Carnivora","Canidae","Canis familiaris (dingo)","dingo",1068,"Linnaeus, 1758",,,False,"QA","Wildlife Records System (Central Region) - Incidental","QPWS Estate Incidental & Summarised Records","03-06-2009",,"03-06-2009","Cathu State Forest",-20.797580,148.543084,"GDA2020",100,,,,"U",0
5893658,"140","Animalia","Chordata","Mammalia","Carnivora","Canidae","Canis familiaris (dingo)","dingo",1068,"Linnaeus, 1758",,,False,"QA","Russell Best Survey Data","Cape Melville National Park","28-08-2007","28-08-2007","28-08-2007","Muck River, Cape Melville National Park",-14.283879,144.430339,"GDA2020",20,1,"A",,"C",0
5893660,"951","Animalia","Chordata","Mammalia","Carnivora","Canidae","Canis familiaris (dingo)","dingo",1068,"Linnaeus, 1758",,,False,"QA","Russell Best Survey Data","Oyala Thumotang National Park","16-07-2009","16-07-2009","16-07-2009","Near airstrip, Oyala Thumotang National Park (CYPAL)",-13.648369,142.640709,"GDA2020",60,1,"A",,"C",0
5893681,"291","Animalia","Chordata","Mammalia","Carnivora","Canidae","Canis familiaris (dingo)","dingo",1068,"Linnaeus, 1758",,,False,"QA","Russell Best Survey Data","Oyala Thumotang National Park","31-07-2008","31-07-2008","31-07-2008","Old Archer Crossing, Oyala Thumotang National Park (CYPAL)",-13.432068,142.701695,"GDA2020",30,,,,"C",0
5823650,,"Animalia","Chordata","Mammalia","Carnivora","Canidae","Canis familiaris (dingo)","dingo",1068,"Linnaeus, 1758",,,False,"QA","Wildlife Records System (Central Region) - Incidental","QPWS Estate Incidental & Summarised Records","24-06-2009",,"24-06-2009","Mungkan Kandju National Park",-13.616664,142.569529,"GDA2020",100,,,,"U",0
5829528,,"Animalia","Chordata","Mammalia","Carnivora","Canidae","Canis familiaris (dingo)","dingo",1068,"Linnaeus, 1758",,,False,"QA","Incidental Records","Rod Hobson Incidental Records","15-02-2012",,"15-02-2012","Mungkan Kadju National Park, Cape York",-13.750799,143.066697,"GDA2020",100,7,"A",,"C",0
5893653,"118","Animalia","Chordata","Mammalia","Carnivora","Canidae","Canis familiaris (dingo)","dingo",1068,"Linnaeus, 1758",,,False,"QA","Russell Best Survey Data","Cape Melville National Park","27-08-2007","27-08-2007","27-08-2007","Muck River, Cape Melville National Park",-14.301971,144.436294,"GDA2020",20,1,"A",,"C",0
5872973,"51","Animalia","Chordata","Mammalia","Carnivora","Canidae","Canis familiaris (dingo)","dingo",1068,"Linnaeus, 1758",,,False,"QA","Incidental Records","Carly Greig Incidental Records","25-05-2011","25-05-2011","25-05-2011","'Beamesbrook' Station, approximately 35km SW of Burketown, GUP",-17.955797,139.257306,"GDA2020",500,,,,"C",0
5873886,"222","Animalia","Chordata","Mammalia","Carnivora","Canidae","Canis familiaris (dingo)","dingo",1068,"Linnaeus, 1758",,,False,"QA","Incidental Records","Carly Greig Incidental Records","02-08-2011","02-08-2011","02-08-2011","'Teewarrina' Station, approximately 70km south-east of White Mountains National Park and 75km south-east of Pentland, DEU.",-21.093642,145.925825,"GDA2020",50,,,,"C",0
5894761,"81","Animalia","Chordata","Mammalia","Carnivora","Canidae","Canis familiaris (dingo)","dingo",1068,"Linnaeus, 1758",,,False,"QA","Russell Best Survey Data","Ngarrabullgan (Mount Mulligan)","16-05-2008","16-05-2008","16-05-2008","Ngarrabullgan (Mount Mulligan)",-16.770770,144.789058,"GDA2020",20,,,,"C",0
5894383,"271","Animalia","Chordata","Mammalia","Carnivora","Canidae","Canis familiaris (dingo)","dingo",1068,"Linnaeus, 1758",,,False,"QA","Russell Best Survey Data","Oyala Thumotang National Park","30-07-2008","30-07-2008","30-07-2008","Rokeby Homestead, Oyala Thumotang National Park (CYPAL)",-13.657930,142.668181,"GDA2020",200,4,"A",,"C",0
5894393,"953","Animalia","Chordata","Mammalia","Carnivora","Canidae","Canis familiaris (dingo)","dingo",1068,"Linnaeus, 1758",,,False,"QA","Russell Best Survey Data","Oyala Thumotang National Park","16-07-2009","16-07-2009","16-07-2009","Rokeby Homestead, Oyala Thumotang National Park (CYPAL)",-13.657930,142.668181,"GDA2020",500,1,"A",,"C",0
5893439,"1073","Animalia","Chordata","Mammalia","Carnivora","Canidae","Canis familiaris (dingo)","dingo",1068,"Linnaeus, 1758",,,False,"QA","Russell Best Survey Data","Heathlands","04-08-2009","04-08-2009","04-08-2009","Heath Site 1, south side of road, Heathlands Resources Reserve",-11.732983,142.605573,"GDA2020",60,,,,"C",0
5893507,"980","Animalia","Chordata","Mammalia","Carnivora","Canidae","Canis familiaris (dingo)","dingo",1068,"Linnaeus, 1758",,,False,"QA","Russell Best Survey Data","Heathlands","29-07-2009","29-07-2009","29-07-2009","Heathlands Ranger Base, Heathlands Resources Reserve",-11.750358,142.582113,"GDA2020",60,1,"A",,"C",0
5828301,,"Animalia","Chordata","Mammalia","Carnivora","Canidae","Canis familiaris (dingo)","dingo",1068,"Linnaeus, 1758",,,False,"QA","Jesse Rowlands fauna survey and monitoring datasets","Jesse Rowland miscellaneous fauna data","30-05-2011","01-06-2011","30-05-2011","Wathumba campground, Fraser Island, Great Sandy National Park, SEQ.",-24.979921,153.232691,"GDA2020",200,4,"A",,"C",0
5829132,"82","Animalia","Chordata","Mammalia","Carnivora","Canidae","Canis familiaris (dingo)","dingo",1068,"Linnaeus, 1758",,,False,"QA","Incidental Records","Rod Hobson Incidental Records","19-10-2011","19-10-2011","19-10-2011","""Mount Vexation"", bordering Carnarvon National Park, Salvator Rosa Section",-24.798503,147.050802,"GDA2020",200,1,"A",,"U",0
5894531,"190","Animalia","Chordata","Mammalia","Carnivora","Canidae","Canis familiaris (dingo)","dingo",1068,"Linnaeus, 1758",,,False,"QA","Russell Best Survey Data","Cape Melville National Park","30-08-2007","30-08-2007","30-08-2007","Wakooka Homestead (abandoned)",-14.537920,144.545463,"GDA2020",10,1,"A",,"C",0
5840376,,"Animalia","Chordata","Mammalia","Carnivora","Canidae","Canis familiaris (dingo)","dingo",1068,"Linnaeus, 1758",,,False,"QA","Moggill QPWS fauna data","Redcliffe tableland fauna survey","12-04-2012","12-04-2012","12-04-2012","Waterfall on small tributary of Eastern Creek, Waterfall Track, Redcliffe Tableland, north of Nebo, MEQ.",-21.247663,148.116329,"GDA2020",100,,,,"C",0
5894560,"54","Animalia","Chordata","Mammalia","Carnivora","Canidae","Canis familiaris (dingo)","dingo",1068,"Linnaeus, 1758",,,False,"QA","Russell Best Survey Data","Boodjamulla (Lawn Hill) National Park","16-04-2007","16-04-2007","16-04-2007","Creek gully, Boodjamulla (Lawn Hill) National Park",-18.443855,138.238523,"GDA2020",20,1,"A",,"C",0
5894639,"136","Animalia","Chordata","Mammalia","Carnivora","Canidae","Canis familiaris (dingo)","dingo",1068,"Linnaeus, 1758",,,False,"QA","Russell Best Survey Data","Boodjamulla (Lawn Hill) National Park","22-04-2007","22-04-2007","22-04-2007","Musselbrook Homestead (Mining camp), Boodjamulla (Lawn Hill) National Park",-18.596527,138.129796,"GDA2020",50,2,"A",,"C",0
5894769,"60","Animalia","Chordata","Mammalia","Carnivora","Canidae","Canis familiaris (dingo)","dingo",1068,"Linnaeus, 1758",,,False,"QA","Russell Best Survey Data","Ngarrabullgan (Mount Mulligan)","14-05-2008","14-05-2008","14-05-2008","Ngarrabullgan (Mount Mulligan)",-16.770770,144.789058,"GDA2020",200,2,"A",,"C",0
5894770,"74","Animalia","Chordata","Mammalia","Carnivora","Canidae","Canis familiaris (dingo)","dingo",1068,"Linnaeus, 1758",,,False,"QA","Russell Best Survey Data","Ngarrabullgan (Mount Mulligan)","15-05-2008","15-05-2008","15-05-2008","Ngarrabullgan (Mount Mulligan)",-16.770770,144.789058,"GDA2020",200,2,"A",,"C",0
5904692,"63","Animalia","Chordata","Mammalia","Carnivora","Canidae","Canis familiaris (dingo)","dingo",1068,"Linnaeus, 1758",,,False,"QA","Russell Best Survey Data","Retreat Valley-Diggers Creek survey","13-10-2011","13-10-2011","13-10-2011","Springvale Station camp on Roberts Creek, 23km SE of Lakeland Downs",-15.983549,145.052027,"GDA2020",100,1,"A",,"C",0
5903153,"40","Animalia","Chordata","Mammalia","Carnivora","Canidae","Canis familiaris (dingo)","dingo",1068,"Linnaeus, 1758",,,False,"QA","Russell Best Survey Data","Undara National Park","17-05-2007","17-05-2007","17-05-2007","One Hundred Mile Swamp area, north of Undara Volcanic National Park",-18.201708,144.574644,"GDA2020",10,1,"A",,"C",0
5903155,"11","Animalia","Chordata","Mammalia","Carnivora","Canidae","Canis familiaris (dingo)","dingo",1068,"Linnaeus, 1758",,,False,"QA","Russell Best Survey Data","Undara National Park","15-05-2007","15-05-2007","15-05-2007","One Hundred Mile Swamp area, north of Undara Volcanic National Park",-18.191976,144.576282,"GDA2020",20,2,"A",,"C",0
5977024,,"Animalia","Chordata","Mammalia","Carnivora","Canidae","Canis familiaris (dingo)","dingo",1068,"Linnaeus, 1758",,,False,"QA","Rod Hobson's wildlife data","Rod Hobson's incidental records","25-04-2012",,"25-04-2012","Presho Forest Reserve, CQ.",-25.207327,149.273547,"GDA2020",50,1,"A",,"C",0
5977043,,"Animalia","Chordata","Mammalia","Carnivora","Canidae","Canis familiaris (dingo)","dingo",1068,"Linnaeus, 1758",,,False,"QA","Rod Hobson's wildlife data","Rod Hobson's incidental records","23-04-2012","25-04-2012","23-04-2012","Seven Mile Creek, ""Coorada"" Section, Theodore State Forest, CQ.",-25.017797,149.394597,"GDA2020",500,,,,"C",0
5903176,"55","Animalia","Chordata","Mammalia","Carnivora","Canidae","Canis familiaris (dingo)","dingo",1068,"Linnaeus, 1758",,,False,"QA","Russell Best Survey Data","Undara National Park","19-06-2007","19-06-2007","19-06-2007","Undara Volcanic National Park",-18.201741,144.626389,"GDA2020",20,1,"A",,"U",0
5979970,"610","Animalia","Chordata","Mammalia","Carnivora","Canidae","Canis familiaris (dingo)","dingo",1068,"Linnaeus, 1758",,,False,"QA","Peter McRae Data","Bilby Research Records","26-08-2011","26-08-2011","26-08-2011","Warra gate rd, Astrebla Downs NP",-24.298494,140.472124,"GDA2020",999,2,"A",,"C",0
5979977,"671","Animalia","Chordata","Mammalia","Carnivora","Canidae","Canis familiaris (dingo)","dingo",1068,"Linnaeus, 1758",,,False,"QA","Peter McRae Data","Bilby Research Records","30-08-2011","30-08-2011","30-08-2011","Warra gate rd, Astrebla Downs NP",-24.191646,140.540048,"GDA2020",999,1,"A",,"C",0
5903382,"106","Animalia","Chordata","Mammalia","Carnivora","Canidae","Canis familiaris (dingo)","dingo",1068,"Linnaeus, 1758",,,False,"QA","Russell Best Survey Data","Porcupine Gorge National Park","29-04-2008","29-04-2008","29-04-2008","Pyramid Campground, Porcupine Gorge National Park",-20.344800,144.460731,"GDA2020",100,1,"A",,"C",0
5903882,"58","Animalia","Chordata","Mammalia","Carnivora","Canidae","Canis familiaris (dingo)","dingo",1068,"Linnaeus, 1758",,,False,"QA","Russell Best Survey Data","Salamone Drive, Kuranda","27-10-2008","27-10-2008","27-10-2008","12 Salamone Drive, Kuranda",-16.812409,145.647661,"GDA2020",50,2,"A",,"C",0
5904749,"98","Animalia","Chordata","Mammalia","Carnivora","Canidae","Canis familiaris (dingo)","dingo",1068,"Linnaeus, 1758",,,False,"QA","Russell Best Survey Data","Kuranda National Park","12-03-2010","12-03-2010","12-03-2010","Kennedy Highway (Kuranda Range Road), Macalister Range, Smithfield, Kuranda National Park",-16.846898,145.683235,"GDA2020",60,1,"A",,"C",0
5909714,,"Animalia","Chordata","Mammalia","Carnivora","Canidae","Canis familiaris (dingo)","dingo",1068,"Linnaeus, 1758",,,False,"QA","Incidental Records","Carly Greig Incidental Records","22-09-2011","22-09-2011","22-09-2011","Woodstock' station, approximately 40km south of Townsville",-19.745485,146.629548,"GDA2020",20,,,,"C",0
5911018,"1048","Animalia","Chordata","Mammalia","Carnivora","Canidae","Canis familiaris (dingo)","dingo",1068,"Linnaeus, 1758",,,False,"QA","Russell Best Survey Data","30 Black Mountain Road, Kuranda","06-05-2012","06-05-2012","06-05-2012","30 Black Mountain Road, Kuranda",-16.805504,145.636076,"GDA2020",60,2,"A",,"U",0
5919802,,"Animalia","Chordata","Mammalia","Carnivora","Canidae","Canis familiaris (dingo)","dingo",1068,"Linnaeus, 1758",,,False,"QA","Harry Hines fauna data","Harry Hines miscellaneous survey data","29-07-1997","29-07-1997","29-07-1997","Oonabrinta Creek, northeast of Innamincka, north-eastern South Australia.",-27.660027,140.784667,"GDA2020",200,,,,"C",0
6015995,,"Animalia","Chordata","Mammalia","Carnivora","Canidae","Canis familiaris (dingo)","dingo",1068,"Linnaeus, 1758",,,False,"QA","Incidental Records","Rod Hobson Incidental Records","04-06-2014","04-06-2014","04-06-2014","P & E Darvall (Palm Creek), Mt Whitestone via Helidon",-26.677867,152.088906,"GDA2020",250,1,"A",,"C",0
6015996,,"Animalia","Chordata","Mammalia","Carnivora","Canidae","Canis familiaris (dingo)","dingo",1068,"Linnaeus, 1758",,,False,"QA","Incidental Records","Rod Hobson Incidental Records","06-06-2014","06-06-2014","06-06-2014","P & E Darvall (Palm Creek), Mt Whitestone via Helidon",-26.677867,152.088906,"GDA2020",250,1,"A",,"C",0
6015998,,"Animalia","Chordata","Mammalia","Carnivora","Canidae","Canis familiaris (dingo)","dingo",1068,"Linnaeus, 1758",,,False,"QA","Incidental Records","Rod Hobson Incidental Records","07-06-2014","07-06-2014","07-06-2014","P & E Darvall (Palm Creek), Mt Whitestone via Helidon",-26.677867,152.088906,"GDA2020",250,1,"A",,"C",0
6016001,,"Animalia","Chordata","Mammalia","Carnivora","Canidae","Canis familiaris (dingo)","dingo",1068,"Linnaeus, 1758",,,False,"QA","Incidental Records","Rod Hobson Incidental Records","12-06-2014","12-06-2014","12-06-2014","P & E Darvall (Palm Creek), Mt Whitestone via Helidon",-26.677867,152.088906,"GDA2020",250,1,"A",,"C",0
6016024,,"Animalia","Chordata","Mammalia","Carnivora","Canidae","Canis familiaris (dingo)","dingo",1068,"Linnaeus, 1758",,,False,"QA","Incidental Records","Rod Hobson Incidental Records","13-06-2014","13-06-2014","13-06-2014","P & E Darvall (Palm Creek), Mt Whitestone via Helidon",-26.677867,152.088906,"GDA2020",250,1,"A",,"C",0
6016030,,"Animalia","Chordata","Mammalia","Carnivora","Canidae","Canis familiaris (dingo)","dingo",1068,"Linnaeus, 1758",,,False,"QA","Incidental Records","Rod Hobson Incidental Records","23-06-2014","23-06-2014","23-06-2014","P & E Darvall (Palm Creek), Mt Whitestone via Helidon",-26.677867,152.088906,"GDA2020",250,1,"A",,"C",0
5977010,,"Animalia","Chordata","Mammalia","Carnivora","Canidae","Canis familiaris (dingo)","dingo",1068,"Linnaeus, 1758",,,False,"QA","Rod Hobson's wildlife data","Rod Hobson's incidental records","25-04-2012",,"25-04-2012","Reedy Creek, Presho Forest Reserve, CQ.",-25.169597,149.316537,"GDA2020",50,1,"A",,"C",0
5976995,,"Animalia","Chordata","Mammalia","Carnivora","Canidae","Canis familiaris (dingo)","dingo",1068,"Linnaeus, 1758",,,False,"QA","Rod Hobson's wildlife data","Rod Hobson's incidental records","25-04-2012",,"25-04-2012","T.V.Dam, Presho Forest Reserve, CQ.",-25.131767,149.305287,"GDA2020",50,1,"A",,"C",0
5921265,,"Animalia","Chordata","Mammalia","Carnivora","Canidae","Canis familiaris (dingo)","dingo",1068,"Linnaeus, 1758",,,False,"QA","Incidental Records","WildNet Incidental Records","23-10-2012","23-10-2012","23-10-2012","Westcott campground, Bunya Mountains National Park",-26.863787,151.571106,"GDA2020",300,1,"A",,"C",0
6003102,,"Animalia","Chordata","Mammalia","Carnivora","Canidae","Canis familiaris (dingo)","dingo",1068,"Linnaeus, 1758",,,False,"QA","Rod Hobson's wildlife data","Rod Hobson's incidental records","23-03-2014",,"23-03-2014","Duck Lagoon, Barakula State Forest via Chinchilla, SEQ.",-26.388007,150.406426,"GDA2020",500,2,"A",,"C",0
6003456,,"Animalia","Chordata","Mammalia","Carnivora","Canidae","Canis familiaris (dingo)","dingo",1068,"Linnaeus, 1758",,,False,"QA","Rod Hobson's wildlife data","Rod Hobson's incidental records","10-05-2014",,"10-05-2014","Bringalily State Forest via Inglewood, SEQ.",-28.166987,151.172966,"GDA2020",50,1,"A",,"C",0
5979528,"616","Animalia","Chordata","Mammalia","Carnivora","Canidae","Canis familiaris (dingo)","dingo",1068,"Linnaeus, 1758",,,False,"QA","Peter McRae Data","Bilby Research Records","26-08-2011","26-08-2011","26-08-2011","Elbow WH rd, Astrebla Downs NP",-24.121340,140.526720,"GDA2020",999,1,"A",,"C",0
5984376,,"Animalia","Chordata","Mammalia","Carnivora","Canidae","Canis familiaris (dingo)","dingo",1068,"Linnaeus, 1758",,,False,"QA","Rod Hobson's wildlife data","Rod Hobson's incidental records","04-04-2013",,"04-04-2013","Apseys Dam, old Apseys Property, Bringalily via Inglewood, SEQ.",-28.267744,151.034630,"GDA2020",100,1,"A",,"C",0
5984852,,"Animalia","Chordata","Mammalia","Carnivora","Canidae","Canis familiaris (dingo)","dingo",1068,"Linnaeus, 1758",,,False,"QA","Rod Hobson's wildlife data","Rod Hobson's incidental records","04-05-2013",,"04-05-2013","Darvall Property, Priors Rd, Rockmount via Helidon, SEQ.",-27.693368,152.029550,"GDA2020",300,1,"A",,"C",0
6061864,,"Animalia","Chordata","Mammalia","Carnivora","Canidae","Canis familiaris (dingo)","dingo",1068,"Linnaeus, 1758",,,False,"QA","Fauna records Diamantina National Park","Diamantina NP - Sites visited and recorded regularly","08-08-2013",,"08-08-2013","South of Lake Constance Diamantina National Park",-24.000828,141.029444,"GDA2020",100,1,"A",,"C",0
5994913,,"Animalia","Chordata","Mammalia","Carnivora","Canidae","Canis familiaris (dingo)","dingo",1068,"Linnaeus, 1758",,,False,"QA","Incidental Records","Rod Hobson Incidental Records","04-04-2014",,"04-04-2014","Corner of Priors Road and Rockmount-Preston Road, Rockmount via Helidon SEQ",-27.675647,152.032556,"GDA2020",50,1,"A",,"C",0
6002165,,"Animalia","Chordata","Mammalia","Carnivora","Canidae","Canis familiaris (dingo)","dingo",1068,"Linnaeus, 1758",,,False,"QA","Rod Hobson's wildlife data","Rod Hobson's incidental records","04-01-2014",,"04-01-2014","Bringalily State Forest, Bringalily via Inglewood, SEQ.",-28.192175,151.125892,"GDA2020",50,1,"A",,"C",0
6016069,,"Animalia","Chordata","Mammalia","Carnivora","Canidae","Canis familiaris (dingo)","dingo",1068,"Linnaeus, 1758",,,False,"QA","Incidental Records","Rod Hobson Incidental Records","10-08-2014","10-08-2014","10-08-2014","P & E Darvall (Palm Creek), Mt Whitestone via Helidon",-26.677867,152.088906,"GDA2020",250,1,"A",,"C",0
6016041,,"Animalia","Chordata","Mammalia","Carnivora","Canidae","Canis familiaris (dingo)","dingo",1068,"Linnaeus, 1758",,,False,"QA","Incidental Records","Rod Hobson Incidental Records","30-06-2014","30-06-2014","30-06-2014","P & E Darvall (Palm Creek), Mt Whitestone via Helidon",-26.677867,152.088906,"GDA2020",250,1,"A",,"C",0
6016064,,"Animalia","Chordata","Mammalia","Carnivora","Canidae","Canis familiaris (dingo)","dingo",1068,"Linnaeus, 1758",,,False,"QA","Incidental Records","Rod Hobson Incidental Records","08-08-2014","08-08-2014","08-08-2014","P & E Darvall (Palm Creek), Mt Whitestone via Helidon",-26.677867,152.088906,"GDA2020",250,1,"A",,"C",0
6016046,,"Animalia","Chordata","Mammalia","Carnivora","Canidae","Canis familiaris (dingo)","dingo",1068,"Linnaeus, 1758",,,False,"QA","Incidental Records","Rod Hobson Incidental Records","06-07-2014","06-07-2014","06-07-2014","P & E Darvall (Palm Creek), Mt Whitestone via Helidon",-26.677867,152.088906,"GDA2020",250,1,"A",,"C",0
6016051,,"Animalia","Chordata","Mammalia","Carnivora","Canidae","Canis familiaris (dingo)","dingo",1068,"Linnaeus, 1758",,,False,"QA","Incidental Records","Rod Hobson Incidental Records","07-08-2014","07-08-2014","07-08-2014","P & E Darvall (Palm Creek), Mt Whitestone via Helidon",-26.677867,152.088906,"GDA2020",250,1,"A",,"C",0
6063782,"4","Animalia","Chordata","Mammalia","Carnivora","Canidae","Canis familiaris (dingo)","dingo",1068,"Linnaeus, 1758",,,False,"QA","Incidental Records","Keith R. McDonalds Incidental Records","05-07-2015","05-07-2015","05-07-2015","Alkoomie Station, Dickson Range",-15.477764,145.045563,"GDA2020",100,1,"A",,"V",0
6063793,"11","Animalia","Chordata","Mammalia","Carnivora","Canidae","Canis familiaris (dingo)","dingo",1068,"Linnaeus, 1758",,,False,"QA","Incidental Records","Keith R. McDonalds Incidental Records","06-07-2015","06-07-2015","06-07-2015","Alkoomie Station, Dickson Range",-15.475820,145.046119,"GDA2020",100,1,"A",,"V",0
6063795,"13","Animalia","Chordata","Mammalia","Carnivora","Canidae","Canis familiaris (dingo)","dingo",1068,"Linnaeus, 1758",,,False,"QA","Incidental Records","Keith R. McDonalds Incidental Records","04-07-2015","04-07-2015","04-07-2015","Alkoomie Station, Dickson Range",-15.474153,145.053063,"GDA2020",100,1,"A",,"V",0
6063798,"16","Animalia","Chordata","Mammalia","Carnivora","Canidae","Canis familiaris (dingo)","dingo",1068,"Linnaeus, 1758",,,False,"QA","Incidental Records","Keith R. McDonalds Incidental Records","02-07-2015","02-07-2015","02-07-2015","Alkoomie Station, Dickson Range",-15.476931,145.054452,"GDA2020",100,1,"A",,"V",0
6063801,"19","Animalia","Chordata","Mammalia","Carnivora","Canidae","Canis familiaris (dingo)","dingo",1068,"Linnaeus, 1758",,,False,"QA","Incidental Records","Keith R. McDonalds Incidental Records","04-07-2015","04-07-2015","04-07-2015","Alkoomie Station, Dickson Range",-15.476931,145.054452,"GDA2020",100,1,"A",,"V",0
6063802,"20","Animalia","Chordata","Mammalia","Carnivora","Canidae","Canis familiaris (dingo)","dingo",1068,"Linnaeus, 1758",,,False,"QA","Incidental Records","Keith R. McDonalds Incidental Records","04-07-2015","04-07-2015","04-07-2015","Alkoomie Station, Dickson Range",-15.476931,145.054452,"GDA2020",100,1,"A",,"V",0
6063804,"22","Animalia","Chordata","Mammalia","Carnivora","Canidae","Canis familiaris (dingo)","dingo",1068,"Linnaeus, 1758",,,False,"QA","Incidental Records","Keith R. McDonalds Incidental Records","05-07-2015","05-07-2015","05-07-2015","Alkoomie Station, Dickson Range",-15.476931,145.054452,"GDA2020",100,1,"A",,"V",0
6063788,"6","Animalia","Chordata","Mammalia","Carnivora","Canidae","Canis familiaris (dingo)","dingo",1068,"Linnaeus, 1758",,,False,"QA","Incidental Records","Keith R. McDonalds Incidental Records","05-07-2015","05-07-2015","05-07-2015","Alkoomie Station, Dickson Range",-15.477209,145.045563,"GDA2020",100,1,"A",,"V",0
6063789,"7","Animalia","Chordata","Mammalia","Carnivora","Canidae","Canis familiaris (dingo)","dingo",1068,"Linnaeus, 1758",,,False,"QA","Incidental Records","Keith R. McDonalds Incidental Records","05-07-2015","05-07-2015","05-07-2015","Alkoomie Station, Dickson Range",-15.477209,145.045563,"GDA2020",100,1,"A",,"V",0
6063791,"9","Animalia","Chordata","Mammalia","Carnivora","Canidae","Canis familiaris (dingo)","dingo",1068,"Linnaeus, 1758",,,False,"QA","Incidental Records","Keith R. McDonalds Incidental Records","04-07-2015","04-07-2015","04-07-2015","Alkoomie Station, Dickson Range",-15.474153,145.053063,"GDA2020",100,1,"A",,"V",0
6056689,,"Animalia","Chordata","Mammalia","Carnivora","Canidae","Canis familiaris (dingo)","dingo",1068,"Linnaeus, 1758",,,False,"QA","Incidental Records","Rod Hobson Incidental Records","28-02-2015","28-02-2015","28-02-2015","Durikai State Forest via Karara SEQ",-28.359729,151.714682,"GDA2020",20,1,"A",,"C",0
6063533,,"Animalia","Chordata","Mammalia","Carnivora","Canidae","Canis familiaris (dingo)","dingo",1068,"Linnaeus, 1758",,,False,"QA","Incidental Records","Michael Milligan Incidental Records","19-08-1998","19-08-1998","19-08-1998","Coalstoun Lakes National Park",-25.595491,151.909406,"GDA2020",500,,,,"C",0
6063779,"1","Animalia","Chordata","Mammalia","Carnivora","Canidae","Canis familiaris (dingo)","dingo",1068,"Linnaeus, 1758",,,False,"QA","Incidental Records","Keith R. McDonalds Incidental Records","05-07-2015","05-07-2015","05-07-2015","Alkoomie Station, Dickson Range",-15.476931,145.045841,"GDA2020",100,1,"A",,"V",0
6063780,"2","Animalia","Chordata","Mammalia","Carnivora","Canidae","Canis familiaris (dingo)","dingo",1068,"Linnaeus, 1758",,,False,"QA","Incidental Records","Keith R. McDonalds Incidental Records","05-07-2015","05-07-2015","05-07-2015","Alkoomie Station, Dickson Range",-15.476931,145.045841,"GDA2020",100,1,"A",,"V",0
6064914,"1","Animalia","Chordata","Mammalia","Carnivora","Canidae","Canis familiaris (dingo)","dingo",1068,"Linnaeus, 1758",,,False,"QA","Incidental Records","Keith R. McDonalds Incidental Records","29-07-2015","29-07-2015","29-07-2015","Blackbraes N.P., Emu Swamp Track",-19.522209,144.185285,"GDA2020",100,2,"A",,"V",0
6018004,"89","Animalia","Chordata","Mammalia","Carnivora","Canidae","Canis familiaris (dingo)","dingo",1068,"Linnaeus, 1758",,,False,"QA","Incidental Records","Terry Reis Incidental Records","14-10-2014","20-10-2014","14-10-2014","Yourka Reserve, south of Innot Hot Springs",-17.916087,145.352808,"GDA2020",150,,,,"C",0
6063792,"10","Animalia","Chordata","Mammalia","Carnivora","Canidae","Canis familiaris (dingo)","dingo",1068,"Linnaeus, 1758",,,False,"QA","Incidental Records","Keith R. McDonalds Incidental Records","05-07-2015","05-07-2015","05-07-2015","Alkoomie Station, Dickson Range",-15.475820,145.046119,"GDA2020",100,1,"A",,"V",0
6094897,,"Animalia","Chordata","Mammalia","Carnivora","Canidae","Canis familiaris (dingo)","dingo",1068,"Linnaeus, 1758",,,False,"QA","Fauna records Diamantina National Park","Diamantina NP - Sites visited and recorded regularly","14-12-2013",,"14-12-2013","Cooridy Creek crossing Davenport Downs Road",-23.935197,141.207521,"GDA2020",50,1,"A",,"C",0
6098612,,"Animalia","Chordata","Mammalia","Carnivora","Canidae","Canis familiaris (dingo)","dingo",1068,"Linnaeus, 1758",,,False,"QA","Rod Hobson's wildlife data","Rod Hobson's incidental records","07-10-2014",,"07-10-2014","Yagaburne Rd, Boondandilla State Forest via Captains Mountains, SEQ.",-27.939687,150.539646,"GDA2020",10,,,,"C",0
6065809,,"Animalia","Chordata","Mammalia","Carnivora","Canidae","Canis familiaris (dingo)","dingo",1068,"Linnaeus, 1758",,,False,"QA","Incidental Records","Terry Reis Incidental Records","22-08-2015","22-08-2015","22-08-2015","Watson's Road, Lockyer Waters",-27.443197,152.457636,"GDA2020",50,1,"A",,"C",0
6091932,,"Animalia","Chordata","Mammalia","Carnivora","Canidae","Canis familiaris (dingo)","dingo",1068,"Linnaeus, 1758",,,False,"QA","Russell Best Survey Data","30 Black Mountain Road, Kuranda","21-06-2013","21-06-2013","21-06-2013","30 Black Mountain Road, Kuranda",-16.805504,145.636076,"GDA2020",60,1,"A",,"C",0
6092618,,"Animalia","Chordata","Mammalia","Carnivora","Canidae","Canis familiaris (dingo)","dingo",1068,"Linnaeus, 1758",,,False,"QA","Russell Best Survey Data","Olkola National Park (CYPAL)","23-04-2014","23-04-2014","23-04-2014","Mary Valley Homestead, Mary Valley Station, Cape York Peninsula",-15.044700,143.761759,"GDA2020",30,3,"A",,"C",0
6050726,,"Animalia","Chordata","Mammalia","Carnivora","Canidae","Canis familiaris (dingo)","dingo",1068,"Linnaeus, 1758",,,False,"QA","Incidental Records","L. Behrendorff Incidental records","30-12-2014",,"30-12-2014","Sandy Cape Lighthouse precinct, Fraser Island north",-24.729749,153.208479,"GDA2020",50,1,"A",,"C",0
6092952,,"Animalia","Chordata","Mammalia","Carnivora","Canidae","Canis familiaris (dingo)","dingo",1068,"Linnaeus, 1758",,,False,"QA","Russell Best Survey Data","Kuranda National Park","09-10-2014","09-10-2014","09-10-2014","Black Mountain Road, 900 m NW of old Kuranda Forestry Station",-16.752706,145.608930,"GDA2020",10,1,"A",,"C",0
6093374,,"Animalia","Chordata","Mammalia","Carnivora","Canidae","Canis familiaris (dingo)","dingo",1068,"Linnaeus, 1758",,,False,"QA","Russell Best Survey Data","Kuranda National Park","09-04-2015","09-04-2015","09-04-2015","South of Christmas Pocket, Black Mountain Road, Kuranda National Park",-16.752500,145.596247,"GDA2020",10,1,"A",,"C",0
6093580,,"Animalia","Chordata","Mammalia","Carnivora","Canidae","Canis familiaris (dingo)","dingo",1068,"Linnaeus, 1758",,,False,"QA","Russell Best Survey Data","Barron Gorge National Park","09-05-2015","09-05-2015","09-05-2015","McDonald Track between Wrights Lookout and Surprise Creek, Barron Gorge National Park",-16.851907,145.638881,"GDA2020",10,1,"A",,"C",0
6100569,,"Animalia","Chordata","Mammalia","Carnivora","Canidae","Canis familiaris (dingo)","dingo",1068,"Linnaeus, 1758",,,False,"QA","Incidental Records","QPWS Mulgalands data","26-05-2014","26-05-2014","26-05-2014","Sandplot site 8 Tregole National park",-26.488167,147.022707,"GDA2020",10,,,,"C",0
6093847,,"Animalia","Chordata","Mammalia","Carnivora","Canidae","Canis familiaris (dingo)","dingo",1068,"Linnaeus, 1758",,,False,"QA","Incidental Records","Terry Reis Incidental Records","25-10-2015","25-10-2015","25-10-2015","Warrego Highway, Redwood",-27.564347,152.000656,"GDA2020",50,1,"A",,"C",0
6107621,,"Animalia","Chordata","Mammalia","Carnivora","Canidae","Canis familiaris (dingo)","dingo",1068,"Linnaeus, 1758",,,False,"QA","Harry Hines fauna data","Harry Hines incidental records","23-05-2014","23-05-2014","23-05-2014","Carneys Creek Road near The Head Road, south of Boonah, SEQ.",-28.171589,152.548493,"GDA2020",50,1,"A",,"C",0
6248738,,"Animalia","Chordata","Mammalia","Carnivora","Canidae","Canis familiaris (dingo)","dingo",1068,"Linnaeus, 1758",,,False,"QA","Incidental Records","Rod Hobson Incidental Records","11-05-2016",,"11-05-2016","'Split Rock Mountain', Rockmount via Helidon, SEQ",-27.679317,152.042216,"GDA2020",100,1,"A",,"C",0
6249813,"24","Animalia","Chordata","Mammalia","Carnivora","Canidae","Canis familiaris (dingo)","dingo",1068,"Linnaeus, 1758",,,False,"QA","Incidental Records","Keith R. McDonalds Incidental Records","26-03-2016","26-03-2016","26-03-2016","Littleton N.P. 3.0 km by road N of Ranger Base",-18.318320,142.613619,"GDA2020",100,1,"A",,"V",0
6302713,"4","Animalia","Chordata","Mammalia","Carnivora","Canidae","Canis familiaris (dingo)","dingo",1068,"Linnaeus, 1758",,,False,"QA","Incidental Records","Brett Kerr - Incidental sightings","17-03-2012","17-03-2012","17-03-2012","Carnarvon National Park, Mt Moffatt Section, Main Tourist Rd, 10.8km from Mt Moffat Ranger base.",-24.935178,148.003761,"GDA2020",100,1,"A",,"U",0
6306140,,"Animalia","Chordata","Mammalia","Carnivora","Canidae","Canis familiaris (dingo)","dingo",1068,"Linnaeus, 1758",,,False,"QA","Rowena Thomas fauna lists","Ban Ban National Park Fauna Survey 26th-30th 2015","27-10-2015",,"27-10-2015","Ban Ban National Park, southern tip",-25.864505,151.945949,"GDA2020",50,,,,"U",0
6250492,,"Animalia","Chordata","Mammalia","Carnivora","Canidae","Canis familiaris (dingo)","dingo",1068,"Linnaeus, 1758",,,False,"QA","Incidental Records","L. Behrendorff Incidental records","06-04-2016",,"06-04-2016","Western beach, Fraser Island, 200m N or Kingfisher Bay Jetty",-25.387210,153.020562,"GDA2020",300,1,"A",,"C",0
6252069,,"Animalia","Chordata","Mammalia","Carnivora","Canidae","Canis familiaris (dingo)","dingo",1068,"Linnaeus, 1758",,,False,"QA","Harry Hines fauna data","Harry Hines incidental records","11-05-2015","11-05-2015","11-05-2015","Kalpower Road, Bulburin National Park, SEQ.",-24.740324,151.538097,"GDA2020",50,1,"A",,"U",0
6306740,,"Animalia","Chordata","Mammalia","Carnivora","Canidae","Canis familiaris (dingo)","dingo",1068,"Linnaeus, 1758",,,False,"QA","Fauna records Diamantina National Park","Diamantina NP - Sites visited and recorded regularly","11-11-2015",,"11-11-2015","Boundary bore on Springvale-Diamantina road",-23.657269,140.848192,"GDA2020",100,1,"A",,"C",0
6306753,,"Animalia","Chordata","Mammalia","Carnivora","Canidae","Canis familiaris (dingo)","dingo",1068,"Linnaeus, 1758",,,False,"QA","Fauna records Diamantina National Park","Diamantina NP - Sites visited and recorded regularly","23-01-2016",,"23-01-2016","800m SW of Homestead",-23.770084,141.144554,"GDA2020",50,1,"A",,"C",0
6306604,,"Animalia","Chordata","Mammalia","Carnivora","Canidae","Canis familiaris (dingo)","dingo",1068,"Linnaeus, 1758",,,False,"QA","Incidental Records","Incidental sightings Diamantina NP","24-04-2016",,"24-04-2016","Western side of Diamantina channels",-23.704870,141.080053,"GDA2020",100,2,"A",,"U",0
6306630,,"Animalia","Chordata","Mammalia","Carnivora","Canidae","Canis familiaris (dingo)","dingo",1068,"Linnaeus, 1758",,,False,"QA","Incidental Records","Incidental sightings Diamantina NP","29-01-2015",,"29-01-2015","Bush paddock",-24.024159,141.434522,"GDA2020",50,1,"A",,"U",0
6306678,,"Animalia","Chordata","Mammalia","Carnivora","Canidae","Canis familiaris (dingo)","dingo",1068,"Linnaeus, 1758",,,False,"QA","Fauna records Diamantina National Park","Diamantina NP - Sites visited and recorded regularly","21-02-2017",,"21-02-2017","Boundary bore on Springvale-Diamantina road",-23.657269,140.848192,"GDA2020",100,1,"A",,"C",0
6306692,,"Animalia","Chordata","Mammalia","Carnivora","Canidae","Canis familiaris (dingo)","dingo",1068,"Linnaeus, 1758",,,False,"QA","Fauna records Diamantina National Park","Diamantina NP - Sites visited and recorded regularly","28-11-2015",,"28-11-2015","Adjacent to old bronco yards",-24.027294,140.979897,"GDA2020",50,2,"A",,"C",0
6307087,,"Animalia","Chordata","Mammalia","Carnivora","Canidae","Canis familiaris (dingo)","dingo",1068,"Linnaeus, 1758",,,False,"QA","Incidental Records","Incidental sightings Diamantina NP","31-05-2016",,"31-05-2016","Diamantina channels",-23.719844,141.099380,"GDA2020",100,1,"A",,"U",0
6307088,,"Animalia","Chordata","Mammalia","Carnivora","Canidae","Canis familiaris (dingo)","dingo",1068,"Linnaeus, 1758",,,False,"QA","Fauna records Diamantina National Park","Diamantina NP - Sites visited and recorded regularly","11-06-2016",,"11-06-2016","Middle Creek",-23.868146,141.189813,"GDA2020",50,3,"A",,"C",0
6307108,,"Animalia","Chordata","Mammalia","Carnivora","Canidae","Canis familiaris (dingo)","dingo",1068,"Linnaeus, 1758",,,False,"QA","Incidental Records","Incidental sightings Diamantina NP","16-06-2016",,"16-06-2016","Springvale road",-23.718282,141.098790,"GDA2020",100,,,,"U",0
6307218,,"Animalia","Chordata","Mammalia","Carnivora","Canidae","Canis familiaris (dingo)","dingo",1068,"Linnaeus, 1758",,,False,"QA","Fauna records Diamantina National Park","Diamantina NP - Sites visited and recorded regularly","30-09-2016",,"30-09-2016","Diamantina Homestead",-23.763999,141.141436,"GDA2020",50,1,"A",,"C",0
6307213,,"Animalia","Chordata","Mammalia","Carnivora","Canidae","Canis familiaris (dingo)","dingo",1068,"Linnaeus, 1758",,,False,"QA","Fauna records Diamantina National Park","Diamantina NP - Sites visited and recorded regularly","26-09-2016",,"26-09-2016","Diamantina Homestead",-23.763999,141.141436,"GDA2020",50,1,"A",,"C",0
6322336,,"Animalia","Chordata","Mammalia","Carnivora","Canidae","Canis familiaris (dingo)","dingo",1068,"Linnaeus, 1758",,,False,"QA","Harry Hines fauna data","Harry Hines incidental records","24-04-2017","24-04-2017","24-04-2017","Springvale Road between Diamantina River crossing and Diamantina River Road, central-western section of Diamantina National Park, WCQ.",-23.727784,141.103992,"GDA2020",20,1,"A",,"C",0
6322343,,"Animalia","Chordata","Mammalia","Carnivora","Canidae","Canis familiaris (dingo)","dingo",1068,"Linnaeus, 1758",,,False,"QA","Harry Hines fauna data","Harry Hines incidental records","25-04-2017","25-04-2017","25-04-2017","Scotts Tank - Edkins Creek area, south-eastern section of Diamantina National Park, WCQ.",-23.971923,141.430561,"GDA2020",200,1,"A",,"C",0
6322370,,"Animalia","Chordata","Mammalia","Carnivora","Canidae","Canis familiaris (dingo)","dingo",1068,"Linnaeus, 1758",,,False,"QA","Harry Hines fauna data","Harry Hines incidental records","26-04-2017","26-04-2017","26-04-2017","Between Cooyrie Dam and Point Remarkable, north-eastern section of Diamantina National Park, WCQ.",-23.710029,141.322570,"GDA2020",20,1,"A",,"C",0
6322374,,"Animalia","Chordata","Mammalia","Carnivora","Canidae","Canis familiaris (dingo)","dingo",1068,"Linnaeus, 1758",,,False,"QA","Harry Hines fauna data","Harry Hines incidental records","26-04-2017","26-04-2017","26-04-2017","Between Cooyrie Dam and Point Remarkable, north-eastern section of Diamantina National Park, WCQ.",-23.717863,141.277434,"GDA2020",20,2,"A",,"C",0
6322375,,"Animalia","Chordata","Mammalia","Carnivora","Canidae","Canis familiaris (dingo)","dingo",1068,"Linnaeus, 1758",,,False,"QA","Harry Hines fauna data","Harry Hines incidental records","26-04-2017","26-04-2017","26-04-2017","Between Cooyrie Dam and Point Remarkable, north-eastern section of Diamantina National Park, WCQ.",-23.719171,141.269953,"GDA2020",20,2,"A",,"C",0
6307216,,"Animalia","Chordata","Mammalia","Carnivora","Canidae","Canis familiaris (dingo)","dingo",1068,"Linnaeus, 1758",,,False,"QA","Fauna records Diamantina National Park","Diamantina NP - Sites visited and recorded regularly","01-09-2016",,"01-09-2016","Diamantina Homestead",-23.763999,141.141436,"GDA2020",50,1,"A",,"C",0
6307221,,"Animalia","Chordata","Mammalia","Carnivora","Canidae","Canis familiaris (dingo)","dingo",1068,"Linnaeus, 1758",,,False,"QA","Fauna records Diamantina National Park","Diamantina NP - Sites visited and recorded regularly","04-09-2016",,"04-09-2016","Diamantina river crossing 8 km west of Diamantina house on Springvale road",-23.710820,141.093896,"GDA2020",100,1,"A",,"C",0
6309770,,"Animalia","Chordata","Mammalia","Carnivora","Canidae","Canis familiaris (dingo)","dingo",1068,"Linnaeus, 1758",,,False,"QA","Western Region Resource Projects","Western Region Road Transects","30-01-2011","30-01-2011","30-01-2011","Donohue Hway",-22.311831,138.028468,"GDA2020",10,2,"A",,"C",0
6309771,,"Animalia","Chordata","Mammalia","Carnivora","Canidae","Canis familiaris (dingo)","dingo",1068,"Linnaeus, 1758",,,False,"QA","Western Region Resource Projects","Western Region Road Transects","30-01-2011","30-01-2011","30-01-2011","Donohue Hway",-22.311831,138.028468,"GDA2020",10,2,"A",,"C",0
6311305,"998","Animalia","Chordata","Mammalia","Carnivora","Canidae","Canis familiaris (dingo)","dingo",1068,"Linnaeus, 1758",,,False,"QA","RedLeaf Environmental","Pentland Bioenergy Project","19-02-2016","19-02-2016","19-02-2016","4GF48, Helenslee, Homestead",-20.543333,145.737105,"GDA2020",300,2,"A",,"C",0
6322316,,"Animalia","Chordata","Mammalia","Carnivora","Canidae","Canis familiaris (dingo)","dingo",1068,"Linnaeus, 1758",,,False,"QA","Harry Hines fauna data","Harry Hines incidental records","23-04-2017","23-04-2017","23-04-2017","Between Cooyrie Dam and Point Remarkable, north-eastern section of Diamantina National Park, WCQ.",-23.703611,141.210505,"GDA2020",20,1,"A",,"C",0
6311560,"1253","Animalia","Chordata","Mammalia","Carnivora","Canidae","Canis familiaris (dingo)","dingo",1068,"Linnaeus, 1758",,,False,"QA","RedLeaf Environmental","Pentland Bioenergy Project","21-02-2016","21-02-2016","21-02-2016","4GF48, Helenslee, Homestead",-20.508867,145.657407,"GDA2020",300,2,"A",,"C",0
6322309,,"Animalia","Chordata","Mammalia","Carnivora","Canidae","Canis familiaris (dingo)","dingo",1068,"Linnaeus, 1758",,,False,"QA","Harry Hines fauna data","Harry Hines incidental records","23-04-2017","23-04-2017","23-04-2017","East of Point Remarkable, north-eastern section of Diamantina National Park, WCQ.",-23.677983,141.489780,"GDA2020",20,1,"A",,"C",0
6322315,,"Animalia","Chordata","Mammalia","Carnivora","Canidae","Canis familiaris (dingo)","dingo",1068,"Linnaeus, 1758",,,False,"QA","Harry Hines fauna data","Harry Hines incidental records","23-04-2017","23-04-2017","23-04-2017","Between Cooyrie Dam and Point Remarkable, north-eastern section of Diamantina National Park, WCQ.",-23.718755,141.272287,"GDA2020",20,2,"A",,"C",0
6310817,"510","Animalia","Chordata","Mammalia","Carnivora","Canidae","Canis familiaris (dingo)","dingo",1068,"Linnaeus, 1758",,,False,"QA","RedLeaf Environmental","Pentland Bioenergy Project","14-02-2016","14-02-2016","14-02-2016","1SP289509, Hot Air Station, Campaspe",-20.674526,145.808647,"GDA2020",300,1,"A",,"C",0
6535084,,"Animalia","Chordata","Mammalia","Carnivora","Canidae","Canis familiaris (dingo)","dingo",1068,"Linnaeus, 1758",,,False,"QA","Incidental Records","Rod Hobson Incidental Records","25-08-2017","25-08-2017","25-08-2017","Coondarra Scientific Area, Barakula State Forest SEQ",-26.221695,150.586937,"GDA2020",10,1,"A",,"C",0
6322420,,"Animalia","Chordata","Mammalia","Carnivora","Canidae","Canis familiaris (dingo)","dingo",1068,"Linnaeus, 1758",,,False,"QA","Harry Hines fauna data","Harry Hines miscellaneous survey data","23-04-2017","26-04-2017","23-04-2017","Cooyrie Dam, central-eastern section of Diamantina National Park, WCQ.",-23.705103,141.234492,"GDA2020",250,1,"A",,"C",0
6535083,,"Animalia","Chordata","Mammalia","Carnivora","Canidae","Canis familiaris (dingo)","dingo",1068,"Linnaeus, 1758",,,False,"QA","Incidental Records","Rod Hobson Incidental Records","21-08-2017","21-08-2017","21-08-2017","Coondarra Scientific Area, Barakula State Forest SEQ",-26.221695,150.586937,"GDA2020",10,2,"A",,"C",0
6548141,"255","Animalia","Chordata","Mammalia","Carnivora","Canidae","Canis familiaris (dingo)","dingo",1068,"Linnaeus, 1758",,,False,"QA","Incidental Records","Doug Dennis Incidental Records","05-11-2017","05-11-2017","05-11-2017","Graham Range, Russell River National Park",-17.334783,146.008664,"GDA2020",20,1,"A",,"C",0
6550271,"135","Animalia","Chordata","Mammalia","Carnivora","Canidae","Canis familiaris (dingo)","dingo",1068,"Linnaeus, 1758",,,False,"QA","Rod Hobson's wildlife data","Rod Hobson Fraser Island Sheets","07-10-1998","07-10-1998","07-10-1998","Eurong Subdistrict, Fraser Island, Great Sandy National Park",-25.490913,153.103081,"GDA2020",500,1,"A",,"C",0
6550299,"164","Animalia","Chordata","Mammalia","Carnivora","Canidae","Canis familiaris (dingo)","dingo",1068,"Linnaeus, 1758",,,False,"QA","Rod Hobson's wildlife data","Rod Hobson Fraser Island Sheets","26-08-1994","26-08-1994","26-08-1994","Fraser Island, Great Sandy National Park",-25.662504,153.078767,"GDA2020",500,1,"A",,"C",0
6551982,"1875","Animalia","Chordata","Mammalia","Carnivora","Canidae","Canis familiaris (dingo)","dingo",1068,"Linnaeus, 1758",,,False,"QA","Rod Hobson's wildlife data","Rod Hobson Fraser Island Sheets","22-11-1997","22-11-1997","22-11-1997","QNPWS Eurong, Fraser Island, Great Sandy National Park",-25.505059,153.128738,"GDA2020",500,2,"A",,"C",0
6555110,,"Animalia","Chordata","Mammalia","Carnivora","Canidae","Canis familiaris (dingo)","dingo",1068,"Linnaeus, 1758",,,False,"QA","Jesse Rowlands fauna survey and monitoring datasets","Jesse Rowlands northern spotted-tailed quoll Masters project","17-09-2017","01-10-2017","17-09-2017","Mount Windsor Road, east of the old forestry barracks, Mount Windsor National Park, north-west of Mount Carbine, NEQ.",-16.259316,145.058221,"GDA2020",25,1,"A",,"C",0
6555115,,"Animalia","Chordata","Mammalia","Carnivora","Canidae","Canis familiaris (dingo)","dingo",1068,"Linnaeus, 1758",,,False,"QA","Jesse Rowlands fauna survey and monitoring datasets","Jesse Rowlands northern spotted-tailed quoll Masters project","17-09-2017","25-09-2017","17-09-2017","Mount Windsor Road, east of the old forestry barracks, Mount Windsor National Park, north-west of Mount Carbine, NEQ.",-16.262472,145.054277,"GDA2020",25,1,"A",,"C",0
6554995,,"Animalia","Chordata","Mammalia","Carnivora","Canidae","Canis familiaris (dingo)","dingo",1068,"Linnaeus, 1758",,,False,"QA","Jesse Rowlands fauna survey and monitoring datasets","Jesse Rowlands northern spotted-tailed quoll Masters project","17-09-2017","01-10-2017","17-09-2017","Mount Windsor Road, east of the old forestry barracks, Mount Windsor National Park, north-west of Mount Carbine, NEQ.",-16.293043,145.090053,"GDA2020",25,1,"A",,"C",0
6552371,,"Animalia","Chordata","Mammalia","Carnivora","Canidae","Canis familiaris (dingo)","dingo",1068,"Linnaeus, 1758",,,False,"QA","Harry Hines fauna data","Nairana and Mazeppa buffel grazing project","07-12-2015","09-12-2015","07-12-2015","Homestead Dam, central section of Nairana National Park, south of Belyando Crossing, CQ.",-21.640186,146.899539,"GDA2020",250,1,"A",,"C",0
6554998,,"Animalia","Chordata","Mammalia","Carnivora","Canidae","Canis familiaris (dingo)","dingo",1068,"Linnaeus, 1758",,,False,"QA","Jesse Rowlands fauna survey and monitoring datasets","Jesse Rowlands northern spotted-tailed quoll Masters project","17-09-2017","01-10-2017","17-09-2017","Mount Windsor Road, east of the old forestry barracks, Mount Windsor National Park, north-west of Mount Carbine, NEQ.",-16.293043,145.090053,"GDA2020",25,1,"A",,"C",0
6555019,,"Animalia","Chordata","Mammalia","Carnivora","Canidae","Canis familiaris (dingo)","dingo",1068,"Linnaeus, 1758",,,False,"QA","Jesse Rowlands fauna survey and monitoring datasets","Jesse Rowlands northern spotted-tailed quoll Masters project","17-09-2017","01-10-2017","17-09-2017","Mount Windsor Road, east of the old forestry barracks, Mount Windsor National Park, north-west of Mount Carbine, NEQ.",-16.282539,145.079151,"GDA2020",25,1,"A",,"C",0
6552374,,"Animalia","Chordata","Mammalia","Carnivora","Canidae","Canis familiaris (dingo)","dingo",1068,"Linnaeus, 1758",,,False,"QA","Harry Hines fauna data","Nairana and Mazeppa buffel grazing project","07-12-2015","09-12-2015","07-12-2015","Homestead Dam, central section of Nairana National Park, south of Belyando Crossing, CQ.",-21.640186,146.899539,"GDA2020",250,2,"A",,"C",0
6552439,,"Animalia","Chordata","Mammalia","Carnivora","Canidae","Canis familiaris (dingo)","dingo",1068,"Linnaeus, 1758",,,False,"QA","Harry Hines fauna data","Nairana and Mazeppa buffel grazing project","07-12-2015","09-12-2015","07-12-2015","Homestead Dam, central section of Nairana National Park, south of Belyando Crossing, CQ.",-21.640186,146.899539,"GDA2020",250,,,,"C",0
6555098,,"Animalia","Chordata","Mammalia","Carnivora","Canidae","Canis familiaris (dingo)","dingo",1068,"Linnaeus, 1758",,,False,"QA","Jesse Rowlands fauna survey and monitoring datasets","Jesse Rowlands northern spotted-tailed quoll Masters project","11-11-2017","25-11-2017","11-11-2017","Mount Windsor Road, west of the old forestry barracks, Mount Windsor National Park, north-west of Mount Carbine, NEQ.",-16.229752,145.009980,"GDA2020",25,1,"A",,"C",0
6555105,,"Animalia","Chordata","Mammalia","Carnivora","Canidae","Canis familiaris (dingo)","dingo",1068,"Linnaeus, 1758",,,False,"QA","Jesse Rowlands fauna survey and monitoring datasets","Jesse Rowlands northern spotted-tailed quoll Masters project","17-09-2017","01-10-2017","17-09-2017","Mount Windsor Road, east of the old forestry barracks, Mount Windsor National Park, north-west of Mount Carbine, NEQ.",-16.258796,145.062264,"GDA2020",25,1,"A",,"C",0
6552786,,"Animalia","Chordata","Mammalia","Carnivora","Canidae","Canis familiaris (dingo)","dingo",1068,"Linnaeus, 1758",,,False,"QA","Harry Hines fauna data","Harry Hines incidental records","06-06-2016","06-06-2016","06-06-2016","Bruce Highway, between Gin Gin and Miriamvale, south of Granite Creek, SEQ.",-24.657394,151.686958,"GDA2020",50,1,"A",,"C",0
6555269,,"Animalia","Chordata","Mammalia","Carnivora","Canidae","Canis familiaris (dingo)","dingo",1068,"Linnaeus, 1758",,,False,"QA","Jesse Rowlands fauna survey and monitoring datasets","Jesse Rowlands northern spotted-tailed quoll Masters project","12-11-2017","26-11-2017","12-11-2017","Mount Windsor Road, east of the old forestry barracks, Mount Windsor National Park, north-west of Mount Carbine, NEQ.",-16.259605,145.050208,"GDA2020",25,1,"A",,"C",0
6555282,,"Animalia","Chordata","Mammalia","Carnivora","Canidae","Canis familiaris (dingo)","dingo",1068,"Linnaeus, 1758",,,False,"QA","Jesse Rowlands fauna survey and monitoring datasets","Jesse Rowlands northern spotted-tailed quoll Masters project","12-11-2017","26-11-2017","12-11-2017","Mount Windsor Road, west of the old forestry barracks, Mount Windsor National Park, north-west of Mount Carbine, NEQ.",-16.260207,145.040997,"GDA2020",25,1,"A",,"C",0
6555284,,"Animalia","Chordata","Mammalia","Carnivora","Canidae","Canis familiaris (dingo)","dingo",1068,"Linnaeus, 1758",,,False,"QA","Jesse Rowlands fauna survey and monitoring datasets","Jesse Rowlands northern spotted-tailed quoll Masters project","12-11-2017","26-11-2017","12-11-2017","Mount Windsor Road, west of the old forestry barracks, Mount Windsor National Park, north-west of Mount Carbine, NEQ.",-16.260207,145.040997,"GDA2020",25,2,"A",,"C",0
6555107,,"Animalia","Chordata","Mammalia","Carnivora","Canidae","Canis familiaris (dingo)","dingo",1068,"Linnaeus, 1758",,,False,"QA","Jesse Rowlands fauna survey and monitoring datasets","Jesse Rowlands northern spotted-tailed quoll Masters project","17-09-2017","01-10-2017","17-09-2017","Mount Windsor Road, east of the old forestry barracks, Mount Windsor National Park, north-west of Mount Carbine, NEQ.",-16.259316,145.058221,"GDA2020",25,1,"A",,"C",0
6555126,,"Animalia","Chordata","Mammalia","Carnivora","Canidae","Canis familiaris (dingo)","dingo",1068,"Linnaeus, 1758",,,False,"QA","Jesse Rowlands fauna survey and monitoring datasets","Jesse Rowlands northern spotted-tailed quoll Masters project","17-09-2017","01-10-2017","17-09-2017","Mount Windsor Road, east of the old forestry barracks, Mount Windsor National Park, north-west of Mount Carbine, NEQ.",-16.259605,145.050208,"GDA2020",25,1,"A",,"C",0
6555246,,"Animalia","Chordata","Mammalia","Carnivora","Canidae","Canis familiaris (dingo)","dingo",1068,"Linnaeus, 1758",,,False,"QA","Jesse Rowlands fauna survey and monitoring datasets","Jesse Rowlands northern spotted-tailed quoll Masters project","12-11-2017","26-11-2017","12-11-2017","Mount Windsor Road, east of the old forestry barracks, Mount Windsor National Park, north-west of Mount Carbine, NEQ.",-16.262884,145.063989,"GDA2020",25,1,"A",,"C",0
6555250,,"Animalia","Chordata","Mammalia","Carnivora","Canidae","Canis familiaris (dingo)","dingo",1068,"Linnaeus, 1758",,,False,"QA","Jesse Rowlands fauna survey and monitoring datasets","Jesse Rowlands northern spotted-tailed quoll Masters project","12-11-2017","26-11-2017","12-11-2017","Mount Windsor Road, east of the old forestry barracks, Mount Windsor National Park, north-west of Mount Carbine, NEQ.",-16.258796,145.062264,"GDA2020",25,1,"A",,"C",0
6555252,,"Animalia","Chordata","Mammalia","Carnivora","Canidae","Canis familiaris (dingo)","dingo",1068,"Linnaeus, 1758",,,False,"QA","Jesse Rowlands fauna survey and monitoring datasets","Jesse Rowlands northern spotted-tailed quoll Masters project","12-11-2017","26-11-2017","12-11-2017","Mount Windsor Road, east of the old forestry barracks, Mount Windsor National Park, north-west of Mount Carbine, NEQ.",-16.258796,145.062264,"GDA2020",25,1,"A",,"C",0
6555258,,"Animalia","Chordata","Mammalia","Carnivora","Canidae","Canis familiaris (dingo)","dingo",1068,"Linnaeus, 1758",,,False,"QA","Jesse Rowlands fauna survey and monitoring datasets","Jesse Rowlands northern spotted-tailed quoll Masters project","12-11-2017","26-11-2017","12-11-2017","Mount Windsor Road, east of the old forestry barracks, Mount Windsor National Park, north-west of Mount Carbine, NEQ.",-16.258796,145.062264,"GDA2020",25,1,"A",,"C",0
6555260,,"Animalia","Chordata","Mammalia","Carnivora","Canidae","Canis familiaris (dingo)","dingo",1068,"Linnaeus, 1758",,,False,"QA","Jesse Rowlands fauna survey and monitoring datasets","Jesse Rowlands northern spotted-tailed quoll Masters project","12-11-2017","26-11-2017","12-11-2017","Mount Windsor Road, east of the old forestry barracks, Mount Windsor National Park, north-west of Mount Carbine, NEQ.",-16.259316,145.058221,"GDA2020",25,1,"A",,"C",0
6555263,,"Animalia","Chordata","Mammalia","Carnivora","Canidae","Canis familiaris (dingo)","dingo",1068,"Linnaeus, 1758",,,False,"QA","Jesse Rowlands fauna survey and monitoring datasets","Jesse Rowlands northern spotted-tailed quoll Masters project","12-11-2017","26-11-2017","12-11-2017","Mount Windsor Road, east of the old forestry barracks, Mount Windsor National Park, north-west of Mount Carbine, NEQ.",-16.262472,145.054277,"GDA2020",25,1,"A",,"C",0
6555265,,"Animalia","Chordata","Mammalia","Carnivora","Canidae","Canis familiaris (dingo)","dingo",1068,"Linnaeus, 1758",,,False,"QA","Jesse Rowlands fauna survey and monitoring datasets","Jesse Rowlands northern spotted-tailed quoll Masters project","12-11-2017","26-11-2017","12-11-2017","Mount Windsor Road, east of the old forestry barracks, Mount Windsor National Park, north-west of Mount Carbine, NEQ.",-16.262472,145.054277,"GDA2020",25,1,"A",,"C",0
6555268,,"Animalia","Chordata","Mammalia","Carnivora","Canidae","Canis familiaris (dingo)","dingo",1068,"Linnaeus, 1758",,,False,"QA","Jesse Rowlands fauna survey and monitoring datasets","Jesse Rowlands northern spotted-tailed quoll Masters project","12-11-2017","26-11-2017","12-11-2017","Mount Windsor Road, east of the old forestry barracks, Mount Windsor National Park, north-west of Mount Carbine, NEQ.",-16.259605,145.050208,"GDA2020",25,1,"A",,"C",0
6555369,,"Animalia","Chordata","Mammalia","Carnivora","Canidae","Canis familiaris (dingo)","dingo",1068,"Linnaeus, 1758",,,False,"QA","Jesse Rowlands fauna survey and monitoring datasets","Jesse Rowlands northern spotted-tailed quoll Masters project","24-11-2017","24-11-2017","24-11-2017","Mount Windsor Road, east of the old forestry barracks, Mount Windsor National Park, north-west of Mount Carbine, NEQ.",-16.277606,145.068373,"GDA2020",50,1,"A",,"C",0
6555304,,"Animalia","Chordata","Mammalia","Carnivora","Canidae","Canis familiaris (dingo)","dingo",1068,"Linnaeus, 1758",,,False,"QA","Jesse Rowlands fauna survey and monitoring datasets","Jesse Rowlands northern spotted-tailed quoll Masters project","12-11-2017","26-11-2017","12-11-2017","Mount Windsor Road, west of the old forestry barracks, Mount Windsor National Park, north-west of Mount Carbine, NEQ.",-16.255957,145.040703,"GDA2020",25,1,"A",,"C",0
6555431,,"Animalia","Chordata","Mammalia","Carnivora","Canidae","Canis familiaris (dingo)","dingo",1068,"Linnaeus, 1758",,,False,"QA","Jesse Rowlands fauna survey and monitoring datasets","Jesse Rowlands northern spotted-tailed quoll Masters project","14-12-2017","23-12-2017","14-12-2017","Mount Windsor Road, east of the old forestry barracks, Mount Windsor National Park, north-west of Mount Carbine, NEQ.",-16.259605,145.050208,"GDA2020",25,1,"A",,"C",0
6555433,,"Animalia","Chordata","Mammalia","Carnivora","Canidae","Canis familiaris (dingo)","dingo",1068,"Linnaeus, 1758",,,False,"QA","Jesse Rowlands fauna survey and monitoring datasets","Jesse Rowlands northern spotted-tailed quoll Masters project","14-12-2017","28-12-2017","14-12-2017","Mount Windsor Road, east of the old forestry barracks, Mount Windsor National Park, north-west of Mount Carbine, NEQ.",-16.258864,145.045268,"GDA2020",25,1,"A",,"C",0
6555436,,"Animalia","Chordata","Mammalia","Carnivora","Canidae","Canis familiaris (dingo)","dingo",1068,"Linnaeus, 1758",,,False,"QA","Jesse Rowlands fauna survey and monitoring datasets","Jesse Rowlands northern spotted-tailed quoll Masters project","14-12-2017","28-12-2017","14-12-2017","Mount Windsor Road, east of the old forestry barracks, Mount Windsor National Park, north-west of Mount Carbine, NEQ.",-16.258864,145.045268,"GDA2020",25,1,"A",,"C",0
6555441,,"Animalia","Chordata","Mammalia","Carnivora","Canidae","Canis familiaris (dingo)","dingo",1068,"Linnaeus, 1758",,,False,"QA","Jesse Rowlands fauna survey and monitoring datasets","Jesse Rowlands northern spotted-tailed quoll Masters project","14-12-2017","28-12-2017","14-12-2017","Mount Windsor Road, west of the old forestry barracks, Mount Windsor National Park, north-west of Mount Carbine, NEQ.",-16.260207,145.040997,"GDA2020",25,1,"A",,"C",0
6555454,,"Animalia","Chordata","Mammalia","Carnivora","Canidae","Canis familiaris (dingo)","dingo",1068,"Linnaeus, 1758",,,False,"QA","Jesse Rowlands fauna survey and monitoring datasets","Jesse Rowlands northern spotted-tailed quoll Masters project","25-11-2017","25-11-2017","25-11-2017","Mount Windsor Road, west of the old forestry barracks, Mount Windsor National Park, north-west of Mount Carbine, NEQ.",-16.252231,145.038183,"GDA2020",25,1,"A",,"C",0
6681836,,"Animalia","Chordata","Mammalia","Carnivora","Canidae","Canis familiaris (dingo)","dingo",1068,"Linnaeus, 1758",,,False,"QA","Fauna records Diamantina National Park","Diamantina NP - Sites visited and recorded regularly","08-01-2018",,"08-01-2018","4 km south of Diamantina homestead",-23.785542,141.150785,"GDA2020",200,2,"A",,"C",0
6555395,,"Animalia","Chordata","Mammalia","Carnivora","Canidae","Canis familiaris (dingo)","dingo",1068,"Linnaeus, 1758",,,False,"QA","Jesse Rowlands fauna survey and monitoring datasets","Jesse Rowlands northern spotted-tailed quoll Masters project","11-11-2017","25-11-2017","11-11-2017","Mount Windsor Road, west of the old forestry barracks, Mount Windsor National Park, north-west of Mount Carbine, NEQ.",-16.219704,145.003027,"GDA2020",25,1,"A",,"C",0
6555344,,"Animalia","Chordata","Mammalia","Carnivora","Canidae","Canis familiaris (dingo)","dingo",1068,"Linnaeus, 1758",,,False,"QA","Jesse Rowlands fauna survey and monitoring datasets","Jesse Rowlands northern spotted-tailed quoll Masters project","11-11-2017","25-11-2017","11-11-2017","Mount Windsor Road, west of the old forestry barracks, Mount Windsor National Park, north-west of Mount Carbine, NEQ.",-16.236227,145.010116,"GDA2020",25,1,"A",,"C",0
6693642,"7","Animalia","Chordata","Mammalia","Carnivora","Canidae","Canis familiaris (dingo)","dingo",1068,"Linnaeus, 1758",,,False,"QA","Incidental Records","Terry Reis Incidental Records","31-05-2018","20-06-2018","31-05-2018","Warwick Limestone Mine, Elbow Valley",-27.210657,152.811936,"GDA2020",250,,,,"C",0
6699170,,"Animalia","Chordata","Mammalia","Carnivora","Canidae","Canis familiaris (dingo)","dingo",1068,"Linnaeus, 1758",,,False,"QA","Great Sandy wildlife survey and monitoring","Great Sandy miscellaneous survey data","01-11-2017","05-11-2017","01-11-2017","Wathumba Sptit Fraser Island",-24.962481,153.227754,"GDA2020",300,1,"A",,"V",0
6619853,,"Animalia","Chordata","Mammalia","Carnivora","Canidae","Canis familiaris (dingo)","dingo",1068,"Linnaeus, 1758",,,False,"QA","Harry Hines fauna data","Kroombit Tops quoll survey","30-04-2018","08-06-2018","30-04-2018","Ironbark Creek, about 350m downstream of Ironbark Break crossing, Kroombit Tops National Park, south-west of Gladstone, SEQ.",-24.369276,150.905989,"GDA2020",25,1,"A",,"C",0
6706481,"30","Animalia","Chordata","Mammalia","Carnivora","Canidae","Canis familiaris (dingo)","dingo",1068,"Linnaeus, 1758",,,False,"QA","Incidental Records","Doug Dennis Incidental Records","18-10-2018","18-10-2018","18-10-2018","Eubenangee Swamp National Park",-17.427983,145.990584,"GDA2020",50,2,"A",,"C",0
6712396,,"Animalia","Chordata","Mammalia","Carnivora","Canidae","Canis familiaris (dingo)","dingo",1068,"Linnaeus, 1758",,,False,"QA","Incidental Records","D'Aguilar National Park (South D'Aguilar MU)","10-01-2019","12-02-2019","10-01-2019","Lawton 01 - Near AS362 apiary site",-27.318309,152.744332,"GDA2020",100,1,"A",,"C",0
6682207,,"Animalia","Chordata","Mammalia","Carnivora","Canidae","Canis familiaris (dingo)","dingo",1068,"Linnaeus, 1758",,,False,"QA","Fauna records Diamantina National Park","Diamantina NP - Sites visited and recorded regularly","18-08-2018",,"18-08-2018","Coory waterhole 10 km south east Diamantina Ranger base",-23.774681,141.208237,"GDA2020",100,1,"E",,"C",0
6681661,,"Animalia","Chordata","Mammalia","Carnivora","Canidae","Canis familiaris (dingo)","dingo",1068,"Linnaeus, 1758",,,False,"QA","Incidental Records","Incidental sightings Diamantina NP","06-12-2016",,"06-12-2016","10 km north of Diamantina ranger base on Winton road",-23.681887,141.165044,"GDA2020",100,1,"A",,"U",0
6619524,,"Animalia","Chordata","Mammalia","Carnivora","Canidae","Canis familiaris (dingo)","dingo",1068,"Linnaeus, 1758",,,False,"QA","Harry Hines fauna data","Harry Hines miscellaneous survey data","17-01-2018","18-01-2018","17-01-2018","Dam in the headwaters of Thane Creek, near apiary site 101, Durikai State Forest, west of Warwick, SEQ.",-28.288126,151.696272,"GDA2020",250,1,"A",,"C",0
6619638,,"Animalia","Chordata","Mammalia","Carnivora","Canidae","Canis familiaris (dingo)","dingo",1068,"Linnaeus, 1758",,,False,"QA","Harry Hines fauna data","Kroombit Tops quoll survey","29-04-2018","07-06-2018","29-04-2018","Tributary of Kroombit Creek, at top of falls west of lower end of Splat Track, immediately above Kroombit Creek, Kroombit Tops National Park, south-west of Gladstone, SEQ.",-24.413122,150.943352,"GDA2020",50,3,"A",,"C",0
6653934,,"Animalia","Chordata","Mammalia","Carnivora","Canidae","Canis familiaris (dingo)","dingo",1068,"Linnaeus, 1758",,,False,"QA","Jesse Rowlands fauna survey and monitoring datasets","Jesse Rowlands northern spotted-tailed quoll Masters project","08-05-2018","11-05-2018","08-05-2018","Old forestry barracks, adjacent Bowerbird Creek, Mount Windsor National Park, north-west of Mount Carbine, NEQ.",-16.260550,145.042255,"GDA2020",250,,,,"C",0
6681590,,"Animalia","Chordata","Mammalia","Carnivora","Canidae","Canis familiaris (dingo)","dingo",1068,"Linnaeus, 1758",,,False,"QA","Fauna records Diamantina National Park","Diamantina NP - Sites visited and recorded regularly","06-12-2016",,"06-12-2016","Planis Bore - Diamantina National Park",-23.910575,141.143963,"GDA2020",100,1,"A",,"C",0
6681741,,"Animalia","Chordata","Mammalia","Carnivora","Canidae","Canis familiaris (dingo)","dingo",1068,"Linnaeus, 1758",,,False,"QA","Fauna records Diamantina National Park","Diamantina NP - Sites visited and recorded regularly","12-01-2017",,"12-01-2017","Gum Hole Camp Gound, Whislting Duck Creek",-23.672201,140.986072,"GDA2020",100,1,"A",,"C",0
6682080,,"Animalia","Chordata","Mammalia","Carnivora","Canidae","Canis familiaris (dingo)","dingo",1068,"Linnaeus, 1758",,,False,"QA","Fauna records Diamantina National Park","Diamantina NP - Sites visited and recorded regularly","09-02-2018",,"09-02-2018","Warracoota waterhole - tourist access site",-23.789303,140.843828,"GDA2020",100,1,"A",,"C",0
6653403,,"Animalia","Chordata","Mammalia","Carnivora","Canidae","Canis familiaris (dingo)","dingo",1068,"Linnaeus, 1758",,,False,"QA","Harry Hines fauna data","Harry Hines incidental records","04-06-2018","04-06-2018","04-06-2018","Bruce Highway, near Traveston, south of Gympie, SEQ.",-26.326447,152.732368,"GDA2020",10,1,"A",,"C",0
6699292,,"Animalia","Chordata","Mammalia","Carnivora","Canidae","Canis familiaris (dingo)","dingo",1068,"Linnaeus, 1758",,,False,"QA","Great Sandy wildlife survey and monitoring","Great Sandy automated recording systems","05-03-2017","04-05-2017","05-03-2017","Yidney Creek area, west of Moon Point, Fraser Island (K gari) section of Great Sandy National Park, SEQ.",-25.218321,153.064173,"GDA2020",100,,,,"C",0
6712999,"4328","Animalia","Chordata","Mammalia","Carnivora","Canidae","Canis familiaris (dingo)","dingo",1068,"Linnaeus, 1758",,,False,"QA","Incidental Records","Andrew McDougall Incidental Records","05-03-2019","05-03-2019","05-03-2019","Clinton lowlands, Port Clinton",-22.554087,150.694627,"GDA2020",200,1,"A",,"C",0
6736541,"60","Animalia","Chordata","Mammalia","Carnivora","Canidae","Canis familiaris (dingo)","dingo",1068,"Linnaeus, 1758",,,False,"QA","Protected Area Investment datasets","Wallaby Lane Wallaby Lane Nature Refuge fauna monitoring","08-11-2018",,"08-11-2018","Pine Grove Lot 5 HT551, northern dam 271 m south of the northern boundary outside Wallaby Lane Nature Refuge. Camera 1",-23.577507,149.200747,"GDA2020",12,1,"A",,"C",0
6736548,"67","Animalia","Chordata","Mammalia","Carnivora","Canidae","Canis familiaris (dingo)","dingo",1068,"Linnaeus, 1758",,,False,"QA","Protected Area Investment datasets","Wallaby Lane Wallaby Lane Nature Refuge fauna monitoring","12-11-2018",,"12-11-2018","Pine Grove Lot 5 HT551, northern dam 271 m south of the northern boundary outside Wallaby Lane Nature Refuge. Camera 1",-23.577507,149.200747,"GDA2020",12,1,"A",,"C",0
6736595,"114","Animalia","Chordata","Mammalia","Carnivora","Canidae","Canis familiaris (dingo)","dingo",1068,"Linnaeus, 1758",,,False,"QA","Protected Area Investment datasets","Wallaby Lane Wallaby Lane Nature Refuge fauna monitoring","24-05-2019",,"24-05-2019","Pine Grove Lot 5 HT551, northern dam 271 m south of the northern boundary outside Wallaby Lane Nature Refuge. Camera 1",-23.577507,149.200747,"GDA2020",12,1,"A",,"C",0
6736603,"122","Animalia","Chordata","Mammalia","Carnivora","Canidae","Canis familiaris (dingo)","dingo",1068,"Linnaeus, 1758",,,False,"QA","Protected Area Investment datasets","Wallaby Lane Wallaby Lane Nature Refuge fauna monitoring","15-06-2019",,"15-06-2019","Pine Grove Lot 5 HT551, northern dam 271 m south of the northern boundary outside Wallaby Lane Nature Refuge. Camera 1",-23.577507,149.200747,"GDA2020",12,1,"A",,"C",0
6726911,,"Animalia","Chordata","Mammalia","Carnivora","Canidae","Canis familiaris (dingo)","dingo",1068,"Linnaeus, 1758",,,False,"QA","Harry Hines fauna data","Harry Hines miscellaneous survey data","21-05-2017","24-05-2017","21-05-2017","Dawes Range Road, 4.5km south of Scott Road, Bulburin National Park, east of Many Peaks, SEQ.",-24.572266,151.496470,"GDA2020",250,1,"A",,"C",0
6727220,,"Animalia","Chordata","Mammalia","Carnivora","Canidae","Canis familiaris (dingo)","dingo",1068,"Linnaeus, 1758",,,False,"QA","Harry Hines fauna data","Harry Hines incidental records","17-03-2019","17-03-2019","17-03-2019","Near Beauty Spot rain gauge, headwaters of Kroombit Creek, Kroombit Tops National Park, south-west of Gladstone, SEQ.",-24.374126,151.001590,"GDA2020",20,1,"A",,"C",0
6725492,,"Animalia","Chordata","Mammalia","Carnivora","Canidae","Canis familiaris (dingo)","dingo",1068,"Linnaeus, 1758",,,False,"QA","Ecological Assessment","Muundhi (Jack River) NP 10 year resurvey","04-07-2018",,"04-07-2018","Muundhi (Jack River) National Park (Cape York Peninsula Aboriginal Land)",-14.884909,144.418850,"GDA2020",100,2,"A",,"C",0
6725496,,"Animalia","Chordata","Mammalia","Carnivora","Canidae","Canis familiaris (dingo)","dingo",1068,"Linnaeus, 1758",,,False,"QA","Ecological Assessment","Muundhi (Jack River) NP 10 year resurvey","04-07-2018",,"04-07-2018","Muundhi (Jack River) National Park (Cape York Peninsula Aboriginal Land)",-14.895454,144.413244,"GDA2020",100,1,"A",,"C",0
6736530,"49","Animalia","Chordata","Mammalia","Carnivora","Canidae","Canis familiaris (dingo)","dingo",1068,"Linnaeus, 1758",,,False,"QA","Protected Area Investment datasets","Wallaby Lane Wallaby Lane Nature Refuge fauna monitoring","30-10-2018",,"30-10-2018","Pine Grove Lot 5 HT551, northern dam 271 m south of the northern boundary outside Wallaby Lane Nature Refuge. Camera 1",-23.577507,149.200747,"GDA2020",12,1,"A",,"C",0
6736531,"50","Animalia","Chordata","Mammalia","Carnivora","Canidae","Canis familiaris (dingo)","dingo",1068,"Linnaeus, 1758",,,False,"QA","Protected Area Investment datasets","Wallaby Lane Wallaby Lane Nature Refuge fauna monitoring","30-10-2018",,"30-10-2018","Pine Grove Lot 5 HT551, northern dam 271 m south of the northern boundary outside Wallaby Lane Nature Refuge. Camera 1",-23.577507,149.200747,"GDA2020",12,1,"A",,"C",0
6736532,"51","Animalia","Chordata","Mammalia","Carnivora","Canidae","Canis familiaris (dingo)","dingo",1068,"Linnaeus, 1758",,,False,"QA","Protected Area Investment datasets","Wallaby Lane Wallaby Lane Nature Refuge fauna monitoring","30-10-2018",,"30-10-2018","Pine Grove Lot 5 HT551, northern dam 271 m south of the northern boundary outside Wallaby Lane Nature Refuge. Camera 1",-23.577507,149.200747,"GDA2020",12,1,"A",,"C",0
6736533,"52","Animalia","Chordata","Mammalia","Carnivora","Canidae","Canis familiaris (dingo)","dingo",1068,"Linnaeus, 1758",,,False,"QA","Protected Area Investment datasets","Wallaby Lane Wallaby Lane Nature Refuge fauna monitoring","30-10-2018",,"30-10-2018","Pine Grove Lot 5 HT551, northern dam 271 m south of the northern boundary outside Wallaby Lane Nature Refuge. Camera 1",-23.577507,149.200747,"GDA2020",12,1,"A",,"C",0
6736749,"268","Animalia","Chordata","Mammalia","Carnivora","Canidae","Canis familiaris (dingo)","dingo",1068,"Linnaeus, 1758",,,False,"QA","Protected Area Investment datasets","Wallaby Lane Wallaby Lane Nature Refuge fauna monitoring","06-02-2019",,"06-02-2019","Pine Grove Lot 5 HT551, North western side of NR 177m from northern boundry, 23m outside of Wallaby Lane Nature Refuge. Camera 6",-23.574737,149.196457,"GDA2020",12,1,"A",,"C",0
6736813,"332","Animalia","Chordata","Mammalia","Carnivora","Canidae","Canis familiaris (dingo)","dingo",1068,"Linnaeus, 1758",,,False,"QA","Protected Area Investment datasets","Wallaby Lane Wallaby Lane Nature Refuge fauna monitoring","11-05-2019",,"11-05-2019","Wallaby Lane Nature Refuge Pine Grove Lot 5 HT551, near waterhole - Camera 9",-23.578417,149.195027,"GDA2020",12,1,"A",,"C",0
6736814,"333","Animalia","Chordata","Mammalia","Carnivora","Canidae","Canis familiaris (dingo)","dingo",1068,"Linnaeus, 1758",,,False,"QA","Protected Area Investment datasets","Wallaby Lane Wallaby Lane Nature Refuge fauna monitoring","15-05-2019",,"15-05-2019","Wallaby Lane Nature Refuge Pine Grove Lot 5 HT551, near waterhole - Camera 9",-23.578417,149.195027,"GDA2020",12,1,"A",,"C",0
6736815,"334","Animalia","Chordata","Mammalia","Carnivora","Canidae","Canis familiaris (dingo)","dingo",1068,"Linnaeus, 1758",,,False,"QA","Protected Area Investment datasets","Wallaby Lane Wallaby Lane Nature Refuge fauna monitoring","27-06-2019",,"27-06-2019","Wallaby Lane Nature Refuge Pine Grove Lot 5 HT551, near waterhole - Camera 9",-23.578417,149.195027,"GDA2020",12,1,"A",,"C",0
6736820,"339","Animalia","Chordata","Mammalia","Carnivora","Canidae","Canis familiaris (dingo)","dingo",1068,"Linnaeus, 1758",,,False,"QA","Protected Area Investment datasets","Wallaby Lane Wallaby Lane Nature Refuge fauna monitoring","22-06-2019",,"22-06-2019","Wallaby Lane Nature Refuge Pine Grove Lot 5 HT551, near waterhole - Camera 9",-23.578417,149.195027,"GDA2020",12,1,"A",,"C",0
6736750,"269","Animalia","Chordata","Mammalia","Carnivora","Canidae","Canis familiaris (dingo)","dingo",1068,"Linnaeus, 1758",,,False,"QA","Protected Area Investment datasets","Wallaby Lane Wallaby Lane Nature Refuge fauna monitoring","06-02-2019",,"06-02-2019","Pine Grove Lot 5 HT551, North western side of NR 177m from northern boundry, 23m outside of Wallaby Lane Nature Refuge. Camera 6",-23.574737,149.196457,"GDA2020",12,1,"A",,"C",0
6736767,"286","Animalia","Chordata","Mammalia","Carnivora","Canidae","Canis familiaris (dingo)","dingo",1068,"Linnaeus, 1758",,,False,"QA","Protected Area Investment datasets","Wallaby Lane Wallaby Lane Nature Refuge fauna monitoring","02-04-2019",,"02-04-2019","Wallaby Lane Nature Refuge Pine Grove Lot 5 HT551, on western boundary fence, 608m from the north western boundry corner. Camera 8",-23.578457,149.195257,"GDA2020",12,1,"A",,"C",0
6736771,"290","Animalia","Chordata","Mammalia","Carnivora","Canidae","Canis familiaris (dingo)","dingo",1068,"Linnaeus, 1758",,,False,"QA","Protected Area Investment datasets","Wallaby Lane Wallaby Lane Nature Refuge fauna monitoring","15-05-2019",,"15-05-2019","Wallaby Lane Nature Refuge Pine Grove Lot 5 HT551, on western boundary fence, 608m from the north western boundry corner. Camera 8",-23.578457,149.195257,"GDA2020",12,1,"A",,"C",0
6738410,,"Animalia","Chordata","Mammalia","Carnivora","Canidae","Canis familiaris (dingo)","dingo",1068,"Linnaeus, 1758",,,False,"QA","Fauna records Diamantina National Park","Spotlighting Transects","27-06-2018",,"27-06-2018","1 km east of Plains bore on spotlight transect",-23.912515,141.164107,"GDA2020",50,1,"A",,"C",0
6738421,,"Animalia","Chordata","Mammalia","Carnivora","Canidae","Canis familiaris (dingo)","dingo",1068,"Linnaeus, 1758",,,False,"QA","Fauna records Diamantina National Park","Spotlighting Transects","29-06-2018",,"29-06-2018","Davenport spotlight transect on way back from Biby paddock transect",-23.868244,141.190511,"GDA2020",50,1,"A",,"C",0
6738466,,"Animalia","Chordata","Mammalia","Carnivora","Canidae","Canis familiaris (dingo)","dingo",1068,"Linnaeus, 1758",,,False,"QA","Fauna records Diamantina National Park","Spotlighting Transects","07-07-2018",,"07-07-2018","Pt Rem",-23.689931,141.234952,"GDA2020",50,1,"A",,"C",0
6738562,,"Animalia","Chordata","Mammalia","Carnivora","Canidae","Canis familiaris (dingo)","dingo",1068,"Linnaeus, 1758",,,False,"QA","Fauna records Diamantina National Park","Spotlighting Transects","08-08-2018",,"08-08-2018","Spotlighting transect - run UPDATE query to fill correct details",-23.931514,141.395980,"GDA2020",20,2,"A",,"C",0
6738585,,"Animalia","Chordata","Mammalia","Carnivora","Canidae","Canis familiaris (dingo)","dingo",1068,"Linnaeus, 1758",,,False,"QA","Fauna records Diamantina National Park","Spotlighting Transects","09-08-2018",,"09-08-2018","Spotlighting transect - run UPDATE query to fill correct details",-23.871209,141.226285,"GDA2020",50,1,"A",,"C",0
6720723,"1","Animalia","Chordata","Mammalia","Carnivora","Canidae","Canis familiaris (dingo)","dingo",1068,"Linnaeus, 1758",,,False,"QA","Incidental Records","NQ button-quail survey incidental fauna","21-02-2019","03-03-2019","21-02-2019","King's Plains Homestead",-15.671665,145.022227,"GDA2020",500,2,"E",,"C",0
6721368,"9","Animalia","Chordata","Mammalia","Carnivora","Canidae","Canis familiaris (dingo)","dingo",1068,"Linnaeus, 1758",,,False,"QA","Incidental Records","Keith R. McDonalds Incidental Records","20-05-2019","20-05-2019","20-05-2019","Dipperu N.P., track to central dam.",-21.914987,148.701952,"GDA2020",100,1,"A",,"V",0
6738808,,"Animalia","Chordata","Mammalia","Carnivora","Canidae","Canis familiaris (dingo)","dingo",1068,"Linnaeus, 1758",,,False,"QA","Fauna records Diamantina National Park","Spotlighting Transects","15-10-2019",,"15-10-2019","Bilby transect WNvisit1915",-24.009472,141.168821,"GDA2020",100,2,"A",,"C",0
6738838,,"Animalia","Chordata","Mammalia","Carnivora","Canidae","Canis familiaris (dingo)","dingo",1068,"Linnaeus, 1758",,,False,"QA","Fauna records Diamantina National Park","Spotlighting Transects","16-10-2019",,"16-10-2019","Warracoota Track WN_Visit_1928",-23.843461,140.950466,"GDA2020",100,1,"A",,"C",0
6736851,"29","Animalia","Chordata","Mammalia","Carnivora","Canidae","Canis familiaris (dingo)","dingo",1068,"Linnaeus, 1758",,,False,"QA","Incidental Records","Keith R. McDonalds Incidental Records","07-11-2019","07-11-2019","07-11-2019","Lama Lama N.P.,Bull Swamp",-14.412487,143.716397,"GDA2020",100,1,"A",,"V",0
6738602,,"Animalia","Chordata","Mammalia","Carnivora","Canidae","Canis familiaris (dingo)","dingo",1068,"Linnaeus, 1758",,,False,"QA","Fauna records Diamantina National Park","Spotlighting Transects","23-08-2018",,"23-08-2018","Spotlighting transect - run UPDATE query to fill correct details",-24.011262,141.183278,"GDA2020",50,1,"A",,"C",0
6736879,"57","Animalia","Chordata","Mammalia","Carnivora","Canidae","Canis familiaris (dingo)","dingo",1068,"Linnaeus, 1758",,,False,"QA","Incidental Records","Keith R. McDonalds Incidental Records","10-11-2019","10-11-2019","10-11-2019","Running Creek Nature Refuge.",-14.348598,143.686397,"GDA2020",100,1,"A",,"V",0
6736786,"305","Animalia","Chordata","Mammalia","Carnivora","Canidae","Canis familiaris (dingo)","dingo",1068,"Linnaeus, 1758",,,False,"QA","Protected Area Investment datasets","Wallaby Lane Wallaby Lane Nature Refuge fauna monitoring","16-06-2019",,"16-06-2019","Wallaby Lane Nature Refuge Pine Grove Lot 5 HT551, on western boundary fence, 608m from the north western boundry corner. Camera 8",-23.578457,149.195257,"GDA2020",12,1,"A",,"C",0
6749321,"194","Animalia","Chordata","Mammalia","Carnivora","Canidae","Canis familiaris (dingo)","dingo",1068,"Linnaeus, 1758",,,False,"QA","Ecological Assessment","Mt Cook Endeavour River","11-09-2019","11-09-2019","11-09-2019","ST2m, Airport, Endeavour River National Park, Cooktown",-15.445221,145.198877,"GDA2020",100,1,"A",,"V",0
6736789,"308","Animalia","Chordata","Mammalia","Carnivora","Canidae","Canis familiaris (dingo)","dingo",1068,"Linnaeus, 1758",,,False,"QA","Protected Area Investment datasets","Wallaby Lane Wallaby Lane Nature Refuge fauna monitoring","22-06-2019",,"22-06-2019","Wallaby Lane Nature Refuge Pine Grove Lot 5 HT551, on western boundary fence, 608m from the north western boundry corner. Camera 8",-23.578457,149.195257,"GDA2020",12,1,"A",,"C",0
6738600,,"Animalia","Chordata","Mammalia","Carnivora","Canidae","Canis familiaris (dingo)","dingo",1068,"Linnaeus, 1758",,,False,"QA","Fauna records Diamantina National Park","Spotlighting Transects","23-08-2018",,"23-08-2018","Spotlighting transect - run UPDATE query to fill correct details",-24.011343,141.183219,"GDA2020",50,1,"A",,"C",0
6736776,"295","Animalia","Chordata","Mammalia","Carnivora","Canidae","Canis familiaris (dingo)","dingo",1068,"Linnaeus, 1758",,,False,"QA","Protected Area Investment datasets","Wallaby Lane Wallaby Lane Nature Refuge fauna monitoring","15-05-2019",,"15-05-2019","Wallaby Lane Nature Refuge Pine Grove Lot 5 HT551, on western boundary fence, 608m from the north western boundry corner. Camera 8",-23.578457,149.195257,"GDA2020",12,1,"A",,"C",0
6736790,"309","Animalia","Chordata","Mammalia","Carnivora","Canidae","Canis familiaris (dingo)","dingo",1068,"Linnaeus, 1758",,,False,"QA","Protected Area Investment datasets","Wallaby Lane Wallaby Lane Nature Refuge fauna monitoring","23-06-2019",,"23-06-2019","Wallaby Lane Nature Refuge Pine Grove Lot 5 HT551, on western boundary fence, 608m from the north western boundry corner. Camera 8",-23.578457,149.195257,"GDA2020",12,1,"A",,"C",0
6736796,"315","Animalia","Chordata","Mammalia","Carnivora","Canidae","Canis familiaris (dingo)","dingo",1068,"Linnaeus, 1758",,,False,"QA","Protected Area Investment datasets","Wallaby Lane Wallaby Lane Nature Refuge fauna monitoring","01-07-2019",,"01-07-2019","Wallaby Lane Nature Refuge Pine Grove Lot 5 HT551, on western boundary fence, 608m from the north western boundry corner. Camera 8",-23.578457,149.195257,"GDA2020",12,1,"A",,"C",0
6758613,"6287","Animalia","Chordata","Mammalia","Carnivora","Canidae","Canis familiaris (dingo)","dingo",1068,"Linnaeus, 1758",,,False,"QA","Australian Wildlife Conservancy data","Australian Wildlife Conservancy data","10-09-2014","10-09-2014","10-09-2014","Brooklyn",-16.568742,145.108324,"GDA2020",100,1,"A",,"C",0
6758614,"6288","Animalia","Chordata","Mammalia","Carnivora","Canidae","Canis familiaris (dingo)","dingo",1068,"Linnaeus, 1758",,,False,"QA","Australian Wildlife Conservancy data","Australian Wildlife Conservancy data","10-09-2014","10-09-2014","10-09-2014","Brooklyn",-16.568120,145.109180,"GDA2020",100,1,"A",,"C",0
6758615,"6289","Animalia","Chordata","Mammalia","Carnivora","Canidae","Canis familiaris (dingo)","dingo",1068,"Linnaeus, 1758",,,False,"QA","Australian Wildlife Conservancy data","Australian Wildlife Conservancy data","10-09-2014","10-09-2014","10-09-2014","Brooklyn",-16.567798,145.110309,"GDA2020",100,1,"A",,"C",0
6758616,"6290","Animalia","Chordata","Mammalia","Carnivora","Canidae","Canis familiaris (dingo)","dingo",1068,"Linnaeus, 1758",,,False,"QA","Australian Wildlife Conservancy data","Australian Wildlife Conservancy data","10-09-2014","10-09-2014","10-09-2014","Brooklyn",-16.578180,145.146753,"GDA2020",100,1,"A",,"C",0
6758849,"6524","Animalia","Chordata","Mammalia","Carnivora","Canidae","Canis familiaris (dingo)","dingo",1068,"Linnaeus, 1758",,,False,"QA","Australian Wildlife Conservancy data","Australian Wildlife Conservancy data","15-10-2014","15-10-2014","15-10-2014","Brooklyn",-16.614514,144.975521,"GDA2020",100,1,"A",,"C",0
6758850,"6525","Animalia","Chordata","Mammalia","Carnivora","Canidae","Canis familiaris (dingo)","dingo",1068,"Linnaeus, 1758",,,False,"QA","Australian Wildlife Conservancy data","Australian Wildlife Conservancy data","15-10-2014","15-10-2014","15-10-2014","Brooklyn",-16.613083,144.975221,"GDA2020",100,1,"A",,"C",0
6759113,"6788","Animalia","Chordata","Mammalia","Carnivora","Canidae","Canis familiaris (dingo)","dingo",1068,"Linnaeus, 1758",,,False,"QA","Australian Wildlife Conservancy data","Australian Wildlife Conservancy data","08-08-2016","08-08-2016","08-08-2016","Brooklyn",-16.678569,145.256361,"GDA2020",100,1,"A",,"C",0
6759123,"6798","Animalia","Chordata","Mammalia","Carnivora","Canidae","Canis familiaris (dingo)","dingo",1068,"Linnaeus, 1758",,,False,"QA","Australian Wildlife Conservancy data","Australian Wildlife Conservancy data","09-08-2016","09-08-2016","09-08-2016","Brooklyn",-16.543558,145.128193,"GDA2020",100,1,"A",,"C",0
6759129,"6804","Animalia","Chordata","Mammalia","Carnivora","Canidae","Canis familiaris (dingo)","dingo",1068,"Linnaeus, 1758",,,False,"QA","Australian Wildlife Conservancy data","Australian Wildlife Conservancy data","10-08-2016","10-08-2016","10-08-2016","Brooklyn",-16.499037,145.020298,"GDA2020",100,1,"A",,"C",0
6747796,,"Animalia","Chordata","Mammalia","Carnivora","Canidae","Canis familiaris (dingo)","dingo",1068,"Linnaeus, 1758",,,False,"QA","Harry Hines fauna data","Harry Hines miscellaneous survey data","09-01-2020","09-01-2020","09-01-2020","Gambubal, standard HRM site, Gambubal Section, Main Range National Park, SEQ.",-28.225821,152.426812,"GDA2020",350,,,,"C",0
6738000,,"Animalia","Chordata","Mammalia","Carnivora","Canidae","Canis familiaris (dingo)","dingo",1068,"Linnaeus, 1758",,,False,"QA","Incidental Records","Ecosure Sightings Data","08-04-2019","10-04-2019","08-04-2019","Shoalwater",-22.654987,150.180807,"GDA2020",2000,,,,"C",0
6759205,"6880","Animalia","Chordata","Mammalia","Carnivora","Canidae","Canis familiaris (dingo)","dingo",1068,"Linnaeus, 1758",,,False,"QA","Australian Wildlife Conservancy data","Australian Wildlife Conservancy data","30-08-2016","30-08-2016","30-08-2016","Brooklyn",-16.659113,145.247598,"GDA2020",100,1,"A",,"C",0
6759227,"6902","Animalia","Chordata","Mammalia","Carnivora","Canidae","Canis familiaris (dingo)","dingo",1068,"Linnaeus, 1758",,,False,"QA","Australian Wildlife Conservancy data","Australian Wildlife Conservancy data","01-09-2016","01-09-2016","01-09-2016","Brooklyn",-16.514317,145.159468,"GDA2020",100,1,"A",,"C",0
6759228,"6903","Animalia","Chordata","Mammalia","Carnivora","Canidae","Canis familiaris (dingo)","dingo",1068,"Linnaeus, 1758",,,False,"QA","Australian Wildlife Conservancy data","Australian Wildlife Conservancy data","01-09-2016","01-09-2016","01-09-2016","Brooklyn",-16.514317,145.159468,"GDA2020",100,1,"A",,"C",0
6760236,"7930","Animalia","Chordata","Mammalia","Carnivora","Canidae","Canis familiaris (dingo)","dingo",1068,"Linnaeus, 1758",,,False,"QA","Australian Wildlife Conservancy data","Australian Wildlife Conservancy data","27-05-2012","27-05-2012","27-05-2012","Mt Zero-Taravale",-19.176827,145.962448,"GDA2020",100,1,"A",,"C",0
6760246,"7940","Animalia","Chordata","Mammalia","Carnivora","Canidae","Canis familiaris (dingo)","dingo",1068,"Linnaeus, 1758",,,False,"QA","Australian Wildlife Conservancy data","Australian Wildlife Conservancy data","31-05-2012","31-05-2012","31-05-2012","Mt Zero-Taravale",-19.056297,146.114428,"GDA2020",100,1,"A",,"C",0
6740291,"5702","Animalia","Chordata","Mammalia","Carnivora","Canidae","Canis familiaris (dingo)","dingo",1068,"Linnaeus, 1758",,,False,"QA","Rod Hobson's wildlife data","Rod Hobson's incidental records","09-11-2019","09-11-2019","09-11-2019","Warrego Highway, Grantham SEQ",-27.552085,152.162446,"GDA2020",100,1,"A",,"C",0
6749020,,"Animalia","Chordata","Mammalia","Carnivora","Canidae","Canis familiaris (dingo)","dingo",1068,"Linnaeus, 1758",,,False,"QA","Ecological Assessment","Muundhi (Jack River) NP 10 year resurvey","02-07-2018",,"02-07-2018","Muundhi (Jack River) National Park (Cape York Peninsula Aboriginal Land)",-14.883152,144.427363,"GDA2020",100,1,"A",,"U",0
6749208,"81","Animalia","Chordata","Mammalia","Carnivora","Canidae","Canis familiaris (dingo)","dingo",1068,"Linnaeus, 1758",,,False,"QA","Ecological Assessment","Mt Cook Endeavour River","11-09-2019","11-09-2019","11-09-2019","ST2m, Airport, Endeavour River National Park, Cooktown",-15.445221,145.198877,"GDA2020",100,1,"A",,"V",0
6749330,"203","Animalia","Chordata","Mammalia","Carnivora","Canidae","Canis familiaris (dingo)","dingo",1068,"Linnaeus, 1758",,,False,"QA","Ecological Assessment","Mt Cook Endeavour River","10-09-2019","10-09-2019","10-09-2019","ST3, Sand site, Endeavour River National Park, Cooktown",-15.464598,145.198011,"GDA2020",100,1,"A",,"V",0
6757179,"9659","Animalia","Chordata","Mammalia","Carnivora","Canidae","Canis familiaris (dingo)","dingo",1068,"Linnaeus, 1758",,,False,"QA","Australian Wildlife Conservancy data","Australian Wildlife Conservancy data","19-05-2016","19-05-2016","19-05-2016","Mt Zero-Taravale",-19.120604,146.204802,"GDA2020",100,1,"A",,"C",0
6757180,"9660","Animalia","Chordata","Mammalia","Carnivora","Canidae","Canis familiaris (dingo)","dingo",1068,"Linnaeus, 1758",,,False,"QA","Australian Wildlife Conservancy data","Australian Wildlife Conservancy data","19-05-2016","19-05-2016","19-05-2016","Mt Zero-Taravale",-19.107717,146.186566,"GDA2020",100,1,"A",,"C",0
6759197,"6872","Animalia","Chordata","Mammalia","Carnivora","Canidae","Canis familiaris (dingo)","dingo",1068,"Linnaeus, 1758",,,False,"QA","Australian Wildlife Conservancy data","Australian Wildlife Conservancy data","27-08-2016","27-08-2016","27-08-2016","Brooklyn",-16.658010,145.262631,"GDA2020",100,1,"A",,"C",0
6761245,"8940","Animalia","Chordata","Mammalia","Carnivora","Canidae","Canis familiaris (dingo)","dingo",1068,"Linnaeus, 1758",,,False,"QA","Australian Wildlife Conservancy data","Australian Wildlife Conservancy data","20-11-2014","20-11-2014","20-11-2014","Mt Zero-Taravale",-19.041957,146.112828,"GDA2020",100,1,"A",,"C",0
6761623,"9318","Animalia","Chordata","Mammalia","Carnivora","Canidae","Canis familiaris (dingo)","dingo",1068,"Linnaeus, 1758",,,False,"QA","Australian Wildlife Conservancy data","Australian Wildlife Conservancy data","30-04-2016","30-04-2016","30-04-2016","Mt Zero-Taravale",-19.187131,146.058061,"GDA2020",100,1,"A",,"C",0
6761624,"9319","Animalia","Chordata","Mammalia","Carnivora","Canidae","Canis familiaris (dingo)","dingo",1068,"Linnaeus, 1758",,,False,"QA","Australian Wildlife Conservancy data","Australian Wildlife Conservancy data","30-04-2016","30-04-2016","30-04-2016","Mt Zero-Taravale",-19.180755,146.052731,"GDA2020",100,1,"A",,"C",0
6761625,"9320","Animalia","Chordata","Mammalia","Carnivora","Canidae","Canis familiaris (dingo)","dingo",1068,"Linnaeus, 1758",,,False,"QA","Australian Wildlife Conservancy data","Australian Wildlife Conservancy data","30-04-2016","30-04-2016","30-04-2016","Mt Zero-Taravale",-19.178431,146.058356,"GDA2020",100,1,"A",,"C",0
6761629,"9324","Animalia","Chordata","Mammalia","Carnivora","Canidae","Canis familiaris (dingo)","dingo",1068,"Linnaeus, 1758",,,False,"QA","Australian Wildlife Conservancy data","Australian Wildlife Conservancy data","01-05-2016","01-05-2016","01-05-2016","Mt Zero-Taravale",-19.198063,146.055578,"GDA2020",100,1,"A",,"C",0
6761639,"9334","Animalia","Chordata","Mammalia","Carnivora","Canidae","Canis familiaris (dingo)","dingo",1068,"Linnaeus, 1758",,,False,"QA","Australian Wildlife Conservancy data","Australian Wildlife Conservancy data","02-05-2016","02-05-2016","02-05-2016","Mt Zero-Taravale",-19.214042,146.053960,"GDA2020",100,1,"A",,"C",0
6761640,"9335","Animalia","Chordata","Mammalia","Carnivora","Canidae","Canis familiaris (dingo)","dingo",1068,"Linnaeus, 1758",,,False,"QA","Australian Wildlife Conservancy data","Australian Wildlife Conservancy data","02-05-2016","02-05-2016","02-05-2016","Mt Zero-Taravale",-19.169388,146.062293,"GDA2020",100,1,"A",,"C",0
6761649,"9344","Animalia","Chordata","Mammalia","Carnivora","Canidae","Canis familiaris (dingo)","dingo",1068,"Linnaeus, 1758",,,False,"QA","Australian Wildlife Conservancy data","Australian Wildlife Conservancy data","03-05-2016","03-05-2016","03-05-2016","Mt Zero-Taravale",-19.248147,146.049160,"GDA2020",100,1,"A",,"C",0
6761650,"9345","Animalia","Chordata","Mammalia","Carnivora","Canidae","Canis familiaris (dingo)","dingo",1068,"Linnaeus, 1758",,,False,"QA","Australian Wildlife Conservancy data","Australian Wildlife Conservancy data","03-05-2016","03-05-2016","03-05-2016","Mt Zero-Taravale",-19.239303,146.051739,"GDA2020",100,1,"A",,"C",0
6761651,"9346","Animalia","Chordata","Mammalia","Carnivora","Canidae","Canis familiaris (dingo)","dingo",1068,"Linnaeus, 1758",,,False,"QA","Australian Wildlife Conservancy data","Australian Wildlife Conservancy data","03-05-2016","03-05-2016","03-05-2016","Mt Zero-Taravale",-19.233222,146.053173,"GDA2020",100,1,"A",,"C",0
6761652,"9347","Animalia","Chordata","Mammalia","Carnivora","Canidae","Canis familiaris (dingo)","dingo",1068,"Linnaeus, 1758",,,False,"QA","Australian Wildlife Conservancy data","Australian Wildlife Conservancy data","03-05-2016","03-05-2016","03-05-2016","Mt Zero-Taravale",-19.223998,146.053618,"GDA2020",100,1,"A",,"C",0
6761653,"9348","Animalia","Chordata","Mammalia","Carnivora","Canidae","Canis familiaris (dingo)","dingo",1068,"Linnaeus, 1758",,,False,"QA","Australian Wildlife Conservancy data","Australian Wildlife Conservancy data","03-05-2016","03-05-2016","03-05-2016","Mt Zero-Taravale",-19.209529,146.052632,"GDA2020",100,1,"A",,"C",0
6761654,"9349","Animalia","Chordata","Mammalia","Carnivora","Canidae","Canis familiaris (dingo)","dingo",1068,"Linnaeus, 1758",,,False,"QA","Australian Wildlife Conservancy data","Australian Wildlife Conservancy data","03-05-2016","03-05-2016","03-05-2016","Mt Zero-Taravale",-19.191067,146.050098,"GDA2020",100,1,"A",,"C",0
6761655,"9350","Animalia","Chordata","Mammalia","Carnivora","Canidae","Canis familiaris (dingo)","dingo",1068,"Linnaeus, 1758",,,False,"QA","Australian Wildlife Conservancy data","Australian Wildlife Conservancy data","03-05-2016","03-05-2016","03-05-2016","Mt Zero-Taravale",-19.187673,146.046109,"GDA2020",100,1,"A",,"C",0
6761252,"8947","Animalia","Chordata","Mammalia","Carnivora","Canidae","Canis familiaris (dingo)","dingo",1068,"Linnaeus, 1758",,,False,"QA","Australian Wildlife Conservancy data","Australian Wildlife Conservancy data","22-11-2014","22-11-2014","22-11-2014","Mt Zero-Taravale",-19.046427,146.118038,"GDA2020",100,1,"A",,"C",0
6760737,"8432","Animalia","Chordata","Mammalia","Carnivora","Canidae","Canis familiaris (dingo)","dingo",1068,"Linnaeus, 1758",,,False,"QA","Australian Wildlife Conservancy data","Australian Wildlife Conservancy data","08-11-2013","08-11-2013","08-11-2013","Mt Zero-Taravale",-19.034527,146.128868,"GDA2020",100,1,"A",,"C",0
6761263,"8958","Animalia","Chordata","Mammalia","Carnivora","Canidae","Canis familiaris (dingo)","dingo",1068,"Linnaeus, 1758",,,False,"QA","Australian Wildlife Conservancy data","Australian Wildlife Conservancy data","25-11-2014","25-11-2014","25-11-2014","Mt Zero-Taravale",-19.037057,146.125728,"GDA2020",100,1,"A",,"C",0
6758412,"6047","Animalia","Chordata","Mammalia","Carnivora","Canidae","Canis familiaris (dingo)","dingo",1068,"Linnaeus, 1758",,,False,"QA","Australian Wildlife Conservancy data","Australian Wildlife Conservancy data","29-05-2013","29-05-2013","29-05-2013","Brooklyn",-16.577957,145.137338,"GDA2020",100,1,"A",,"C",0
6758528,"6163","Animalia","Chordata","Mammalia","Carnivora","Canidae","Canis familiaris (dingo)","dingo",1068,"Linnaeus, 1758",,,False,"QA","Australian Wildlife Conservancy data","Australian Wildlife Conservancy data","05-09-2014","05-09-2014","05-09-2014","Brooklyn",-16.619402,145.085164,"GDA2020",100,1,"A",,"C",0
6761747,"9442","Animalia","Chordata","Mammalia","Carnivora","Canidae","Canis familiaris (dingo)","dingo",1068,"Linnaeus, 1758",,,False,"QA","Australian Wildlife Conservancy data","Australian Wildlife Conservancy data","10-05-2016","10-05-2016","10-05-2016","Mt Zero-Taravale",-19.228961,146.056413,"GDA2020",100,1,"A",,"C",0
6759196,"6871","Animalia","Chordata","Mammalia","Carnivora","Canidae","Canis familiaris (dingo)","dingo",1068,"Linnaeus, 1758",,,False,"QA","Australian Wildlife Conservancy data","Australian Wildlife Conservancy data","27-08-2016","27-08-2016","27-08-2016","Brooklyn",-16.566977,145.225880,"GDA2020",100,1,"A",,"C",0
6761587,"9282","Animalia","Chordata","Mammalia","Carnivora","Canidae","Canis familiaris (dingo)","dingo",1068,"Linnaeus, 1758",,,False,"QA","Australian Wildlife Conservancy data","Australian Wildlife Conservancy data","25-04-2016","25-04-2016","25-04-2016","Mt Zero-Taravale",-19.040986,146.073677,"GDA2020",100,1,"A",,"C",0
6761822,"9517","Animalia","Chordata","Mammalia","Carnivora","Canidae","Canis familiaris (dingo)","dingo",1068,"Linnaeus, 1758",,,False,"QA","Australian Wildlife Conservancy data","Australian Wildlife Conservancy data","12-05-2016","12-05-2016","12-05-2016","Mt Zero-Taravale",-19.206158,146.055034,"GDA2020",100,1,"A",,"C",0
6761214,"8909","Animalia","Chordata","Mammalia","Carnivora","Canidae","Canis familiaris (dingo)","dingo",1068,"Linnaeus, 1758",,,False,"QA","Australian Wildlife Conservancy data","Australian Wildlife Conservancy data","16-11-2014","16-11-2014","16-11-2014","Mt Zero-Taravale",-19.037647,146.110488,"GDA2020",100,1,"A",,"C",0
6761279,"8974","Animalia","Chordata","Mammalia","Carnivora","Canidae","Canis familiaris (dingo)","dingo",1068,"Linnaeus, 1758",,,False,"QA","Australian Wildlife Conservancy data","Australian Wildlife Conservancy data","28-11-2014","28-11-2014","28-11-2014","Mt Zero-Taravale",-19.048147,146.124768,"GDA2020",100,1,"A",,"C",0
6761586,"9281","Animalia","Chordata","Mammalia","Carnivora","Canidae","Canis familiaris (dingo)","dingo",1068,"Linnaeus, 1758",,,False,"QA","Australian Wildlife Conservancy data","Australian Wildlife Conservancy data","25-04-2016","25-04-2016","25-04-2016","Mt Zero-Taravale",-19.067326,146.104895,"GDA2020",100,1,"A",,"C",0
6761850,"9545","Animalia","Chordata","Mammalia","Carnivora","Canidae","Canis familiaris (dingo)","dingo",1068,"Linnaeus, 1758",,,False,"QA","Australian Wildlife Conservancy data","Australian Wildlife Conservancy data","13-05-2016","13-05-2016","13-05-2016","Mt Zero-Taravale",-19.101807,146.197168,"GDA2020",100,1,"A",,"C",0
6761854,"9549","Animalia","Chordata","Mammalia","Carnivora","Canidae","Canis familiaris (dingo)","dingo",1068,"Linnaeus, 1758",,,False,"QA","Australian Wildlife Conservancy data","Australian Wildlife Conservancy data","13-05-2016","13-05-2016","13-05-2016","Mt Zero-Taravale",-19.104925,146.191240,"GDA2020",100,1,"A",,"C",0
6761874,"9569","Animalia","Chordata","Mammalia","Carnivora","Canidae","Canis familiaris (dingo)","dingo",1068,"Linnaeus, 1758",,,False,"QA","Australian Wildlife Conservancy data","Australian Wildlife Conservancy data","14-05-2016","14-05-2016","14-05-2016","Mt Zero-Taravale",-19.099283,146.206037,"GDA2020",100,1,"A",,"C",0
6761666,"9361","Animalia","Chordata","Mammalia","Carnivora","Canidae","Canis familiaris (dingo)","dingo",1068,"Linnaeus, 1758",,,False,"QA","Australian Wildlife Conservancy data","Australian Wildlife Conservancy data","05-05-2016","05-05-2016","05-05-2016","Mt Zero-Taravale",-19.173167,146.063524,"GDA2020",100,1,"A",,"C",0
6761680,"9375","Animalia","Chordata","Mammalia","Carnivora","Canidae","Canis familiaris (dingo)","dingo",1068,"Linnaeus, 1758",,,False,"QA","Australian Wildlife Conservancy data","Australian Wildlife Conservancy data","07-05-2016","07-05-2016","07-05-2016","Mt Zero-Taravale",-19.205378,146.056797,"GDA2020",100,1,"A",,"C",0
6761681,"9376","Animalia","Chordata","Mammalia","Carnivora","Canidae","Canis familiaris (dingo)","dingo",1068,"Linnaeus, 1758",,,False,"QA","Australian Wildlife Conservancy data","Australian Wildlife Conservancy data","07-05-2016","07-05-2016","07-05-2016","Mt Zero-Taravale",-19.205739,146.059135,"GDA2020",100,1,"A",,"C",0
6762018,"9723","Animalia","Chordata","Mammalia","Carnivora","Canidae","Canis familiaris (dingo)","dingo",1068,"Linnaeus, 1758",,,False,"QA","Australian Wildlife Conservancy data","Australian Wildlife Conservancy data","23-05-2016","23-05-2016","23-05-2016","Mt Zero-Taravale",-19.120531,146.178163,"GDA2020",100,1,"A",,"C",0
6762019,"9724","Animalia","Chordata","Mammalia","Carnivora","Canidae","Canis familiaris (dingo)","dingo",1068,"Linnaeus, 1758",,,False,"QA","Australian Wildlife Conservancy data","Australian Wildlife Conservancy data","23-05-2016","23-05-2016","23-05-2016","Mt Zero-Taravale",-19.123959,146.188268,"GDA2020",100,1,"A",,"C",0
6762020,"9725","Animalia","Chordata","Mammalia","Carnivora","Canidae","Canis familiaris (dingo)","dingo",1068,"Linnaeus, 1758",,,False,"QA","Australian Wildlife Conservancy data","Australian Wildlife Conservancy data","23-05-2016","23-05-2016","23-05-2016","Mt Zero-Taravale",-19.126880,146.194169,"GDA2020",100,1,"A",,"C",0
6762021,"9726","Animalia","Chordata","Mammalia","Carnivora","Canidae","Canis familiaris (dingo)","dingo",1068,"Linnaeus, 1758",,,False,"QA","Australian Wildlife Conservancy data","Australian Wildlife Conservancy data","23-05-2016","23-05-2016","23-05-2016","Mt Zero-Taravale",-19.109374,146.179318,"GDA2020",100,1,"A",,"C",0
6761851,"9546","Animalia","Chordata","Mammalia","Carnivora","Canidae","Canis familiaris (dingo)","dingo",1068,"Linnaeus, 1758",,,False,"QA","Australian Wildlife Conservancy data","Australian Wildlife Conservancy data","13-05-2016","13-05-2016","13-05-2016","Mt Zero-Taravale",-19.127733,146.194069,"GDA2020",100,1,"A",,"C",0
6761682,"9377","Animalia","Chordata","Mammalia","Carnivora","Canidae","Canis familiaris (dingo)","dingo",1068,"Linnaeus, 1758",,,False,"QA","Australian Wildlife Conservancy data","Australian Wildlife Conservancy data","07-05-2016","07-05-2016","07-05-2016","Mt Zero-Taravale",-19.104277,146.201623,"GDA2020",100,1,"A",,"C",0
6761852,"9547","Animalia","Chordata","Mammalia","Carnivora","Canidae","Canis familiaris (dingo)","dingo",1068,"Linnaeus, 1758",,,False,"QA","Australian Wildlife Conservancy data","Australian Wildlife Conservancy data","13-05-2016","13-05-2016","13-05-2016","Mt Zero-Taravale",-19.117820,146.207592,"GDA2020",100,1,"A",,"C",0
6761853,"9548","Animalia","Chordata","Mammalia","Carnivora","Canidae","Canis familiaris (dingo)","dingo",1068,"Linnaeus, 1758",,,False,"QA","Australian Wildlife Conservancy data","Australian Wildlife Conservancy data","13-05-2016","13-05-2016","13-05-2016","Mt Zero-Taravale",-19.109703,146.203508,"GDA2020",100,1,"A",,"C",0
6761694,"9389","Animalia","Chordata","Mammalia","Carnivora","Canidae","Canis familiaris (dingo)","dingo",1068,"Linnaeus, 1758",,,False,"QA","Australian Wildlife Conservancy data","Australian Wildlife Conservancy data","08-05-2016","08-05-2016","08-05-2016","Mt Zero-Taravale",-19.184584,146.053393,"GDA2020",100,1,"A",,"C",0
6762219,"9924","Animalia","Chordata","Mammalia","Carnivora","Canidae","Canis familiaris (dingo)","dingo",1068,"Linnaeus, 1758",,,False,"QA","Australian Wildlife Conservancy data","Australian Wildlife Conservancy data","02-06-2016","02-06-2016","02-06-2016","Mt Zero-Taravale",-19.112132,146.177040,"GDA2020",100,1,"A",,"C",0
6762231,"9936","Animalia","Chordata","Mammalia","Carnivora","Canidae","Canis familiaris (dingo)","dingo",1068,"Linnaeus, 1758",,,False,"QA","Australian Wildlife Conservancy data","Australian Wildlife Conservancy data","04-06-2016","04-06-2016","04-06-2016","Mt Zero-Taravale",-19.107161,146.182565,"GDA2020",100,1,"A",,"C",0
6762239,"9944","Animalia","Chordata","Mammalia","Carnivora","Canidae","Canis familiaris (dingo)","dingo",1068,"Linnaeus, 1758",,,False,"QA","Australian Wildlife Conservancy data","Australian Wildlife Conservancy data","06-06-2016","06-06-2016","06-06-2016","Mt Zero-Taravale",-19.174997,145.938778,"GDA2020",100,1,"A",,"C",0
6762244,"9949","Animalia","Chordata","Mammalia","Carnivora","Canidae","Canis familiaris (dingo)","dingo",1068,"Linnaeus, 1758",,,False,"QA","Australian Wildlife Conservancy data","Australian Wildlife Conservancy data","07-06-2016","07-06-2016","07-06-2016","Mt Zero-Taravale",-19.101130,146.202590,"GDA2020",100,1,"A",,"C",0
6761774,"9469","Animalia","Chordata","Mammalia","Carnivora","Canidae","Canis familiaris (dingo)","dingo",1068,"Linnaeus, 1758",,,False,"QA","Australian Wildlife Conservancy data","Australian Wildlife Conservancy data","11-05-2016","11-05-2016","11-05-2016","Mt Zero-Taravale",-19.136317,146.086018,"GDA2020",100,1,"A",,"C",0
6761775,"9470","Animalia","Chordata","Mammalia","Carnivora","Canidae","Canis familiaris (dingo)","dingo",1068,"Linnaeus, 1758",,,False,"QA","Australian Wildlife Conservancy data","Australian Wildlife Conservancy data","11-05-2016","11-05-2016","11-05-2016","Mt Zero-Taravale",-19.099047,146.112058,"GDA2020",100,1,"A",,"C",0
6761894,"9589","Animalia","Chordata","Mammalia","Carnivora","Canidae","Canis familiaris (dingo)","dingo",1068,"Linnaeus, 1758",,,False,"QA","Australian Wildlife Conservancy data","Australian Wildlife Conservancy data","15-05-2016","15-05-2016","15-05-2016","Mt Zero-Taravale",-19.225320,146.051453,"GDA2020",100,1,"A",,"C",0
6761895,"9590","Animalia","Chordata","Mammalia","Carnivora","Canidae","Canis familiaris (dingo)","dingo",1068,"Linnaeus, 1758",,,False,"QA","Australian Wildlife Conservancy data","Australian Wildlife Conservancy data","15-05-2016","15-05-2016","15-05-2016","Mt Zero-Taravale",-19.178431,146.058356,"GDA2020",100,1,"A",,"C",0
6762173,"9878","Animalia","Chordata","Mammalia","Carnivora","Canidae","Canis familiaris (dingo)","dingo",1068,"Linnaeus, 1758",,,False,"QA","Australian Wildlife Conservancy data","Australian Wildlife Conservancy data","30-05-2016","30-05-2016","30-05-2016","Mt Zero-Taravale",-19.173517,145.986788,"GDA2020",100,1,"A",,"C",0
6763934,"11639","Animalia","Chordata","Mammalia","Carnivora","Canidae","Canis familiaris (dingo)","dingo",1068,"Linnaeus, 1758",,,False,"QA","Australian Wildlife Conservancy data","Australian Wildlife Conservancy data","18-08-2013","18-08-2013","18-08-2013","Piccaninny Plains",-13.423576,142.528028,"GDA2020",100,1,"A",,"C",0
6763935,"11640","Animalia","Chordata","Mammalia","Carnivora","Canidae","Canis familiaris (dingo)","dingo",1068,"Linnaeus, 1758",,,False,"QA","Australian Wildlife Conservancy data","Australian Wildlife Conservancy data","18-08-2013","18-08-2013","18-08-2013","Piccaninny Plains",-13.399926,142.488158,"GDA2020",100,1,"A",,"C",0
6763317,"11022","Animalia","Chordata","Mammalia","Carnivora","Canidae","Canis familiaris (dingo)","dingo",1068,"Linnaeus, 1758",,,False,"QA","Australian Wildlife Conservancy data","Australian Wildlife Conservancy data","03-09-2012","03-09-2012","03-09-2012","Piccaninny Plains",-13.210457,142.609828,"GDA2020",100,1,"A",,"C",0
6761953,"9648","Animalia","Chordata","Mammalia","Carnivora","Canidae","Canis familiaris (dingo)","dingo",1068,"Linnaeus, 1758",,,False,"QA","Australian Wildlife Conservancy data","Australian Wildlife Conservancy data","18-05-2016","18-05-2016","18-05-2016","Mt Zero-Taravale",-19.102606,146.187260,"GDA2020",100,1,"A",,"C",0
6763783,"11488","Animalia","Chordata","Mammalia","Carnivora","Canidae","Canis familiaris (dingo)","dingo",1068,"Linnaeus, 1758",,,False,"QA","Australian Wildlife Conservancy data","Australian Wildlife Conservancy data","17-08-2013","17-08-2013","17-08-2013","Piccaninny Plains",-13.393116,142.494288,"GDA2020",100,1,"A",,"C",0
6763784,"11489","Animalia","Chordata","Mammalia","Carnivora","Canidae","Canis familiaris (dingo)","dingo",1068,"Linnaeus, 1758",,,False,"QA","Australian Wildlife Conservancy data","Australian Wildlife Conservancy data","17-08-2013","17-08-2013","17-08-2013","Piccaninny Plains",-13.396746,142.491418,"GDA2020",100,1,"A",,"C",0
6762038,"9743","Animalia","Chordata","Mammalia","Carnivora","Canidae","Canis familiaris (dingo)","dingo",1068,"Linnaeus, 1758",,,False,"QA","Australian Wildlife Conservancy data","Australian Wildlife Conservancy data","25-05-2016","25-05-2016","25-05-2016","Mt Zero-Taravale",-19.192849,146.056238,"GDA2020",100,1,"A",,"C",0
6762059,"9764","Animalia","Chordata","Mammalia","Carnivora","Canidae","Canis familiaris (dingo)","dingo",1068,"Linnaeus, 1758",,,False,"QA","Australian Wildlife Conservancy data","Australian Wildlife Conservancy data","26-05-2016","26-05-2016","26-05-2016","Mt Zero-Taravale",-19.121915,146.182521,"GDA2020",100,1,"A",,"C",0
6764368,"12073","Animalia","Chordata","Mammalia","Carnivora","Canidae","Canis familiaris (dingo)","dingo",1068,"Linnaeus, 1758",,,False,"QA","Australian Wildlife Conservancy data","Australian Wildlife Conservancy data","12-08-2014","12-08-2014","12-08-2014","Piccaninny Plains",-13.410136,142.513308,"GDA2020",100,1,"A",,"C",0
6764369,"12074","Animalia","Chordata","Mammalia","Carnivora","Canidae","Canis familiaris (dingo)","dingo",1068,"Linnaeus, 1758",,,False,"QA","Australian Wildlife Conservancy data","Australian Wildlife Conservancy data","12-08-2014","12-08-2014","12-08-2014","Piccaninny Plains",-13.032883,142.835962,"GDA2020",100,1,"A",,"C",0
6762120,"9825","Animalia","Chordata","Mammalia","Carnivora","Canidae","Canis familiaris (dingo)","dingo",1068,"Linnaeus, 1758",,,False,"QA","Australian Wildlife Conservancy data","Australian Wildlife Conservancy data","28-05-2016","28-05-2016","28-05-2016","Mt Zero-Taravale",-19.117287,146.172907,"GDA2020",100,1,"A",,"C",0
6763781,"11486","Animalia","Chordata","Mammalia","Carnivora","Canidae","Canis familiaris (dingo)","dingo",1068,"Linnaeus, 1758",,,False,"QA","Australian Wildlife Conservancy data","Australian Wildlife Conservancy data","17-08-2013","17-08-2013","17-08-2013","Piccaninny Plains",-13.413616,142.515638,"GDA2020",100,1,"A",,"C",0
6763782,"11487","Animalia","Chordata","Mammalia","Carnivora","Canidae","Canis familiaris (dingo)","dingo",1068,"Linnaeus, 1758",,,False,"QA","Australian Wildlife Conservancy data","Australian Wildlife Conservancy data","17-08-2013","17-08-2013","17-08-2013","Piccaninny Plains",-13.386276,142.500148,"GDA2020",100,1,"A",,"C",0
6762135,"9840","Animalia","Chordata","Mammalia","Carnivora","Canidae","Canis familiaris (dingo)","dingo",1068,"Linnaeus, 1758",,,False,"QA","Australian Wildlife Conservancy data","Australian Wildlife Conservancy data","29-05-2016","29-05-2016","29-05-2016","Mt Zero-Taravale",-19.203877,146.066648,"GDA2020",100,1,"A",,"C",0
6764066,"11771","Animalia","Chordata","Mammalia","Carnivora","Canidae","Canis familiaris (dingo)","dingo",1068,"Linnaeus, 1758",,,False,"QA","Australian Wildlife Conservancy data","Australian Wildlife Conservancy data","07-08-2014","07-08-2014","07-08-2014","Piccaninny Plains",-13.393116,142.494288,"GDA2020",100,1,"A",,"C",0
6764067,"11772","Animalia","Chordata","Mammalia","Carnivora","Canidae","Canis familiaris (dingo)","dingo",1068,"Linnaeus, 1758",,,False,"QA","Australian Wildlife Conservancy data","Australian Wildlife Conservancy data","07-08-2014","07-08-2014","07-08-2014","Piccaninny Plains",-13.399926,142.488158,"GDA2020",100,1,"A",,"C",0
6764065,"11770","Animalia","Chordata","Mammalia","Carnivora","Canidae","Canis familiaris (dingo)","dingo",1068,"Linnaeus, 1758",,,False,"QA","Australian Wildlife Conservancy data","Australian Wildlife Conservancy data","07-08-2014","07-08-2014","07-08-2014","Piccaninny Plains",-13.385066,142.502958,"GDA2020",100,1,"A",,"C",0
6764178,"11883","Animalia","Chordata","Mammalia","Carnivora","Canidae","Canis familiaris (dingo)","dingo",1068,"Linnaeus, 1758",,,False,"QA","Australian Wildlife Conservancy data","Australian Wildlife Conservancy data","09-08-2014","09-08-2014","09-08-2014","Piccaninny Plains",-13.392816,142.506848,"GDA2020",100,1,"A",,"C",0
6764024,"11729","Animalia","Chordata","Mammalia","Carnivora","Canidae","Canis familiaris (dingo)","dingo",1068,"Linnaeus, 1758",,,False,"QA","Australian Wildlife Conservancy data","Australian Wildlife Conservancy data","06-08-2014","06-08-2014","06-08-2014","Piccaninny Plains",-13.386276,142.500148,"GDA2020",100,1,"A",,"C",0
6764025,"11730","Animalia","Chordata","Mammalia","Carnivora","Canidae","Canis familiaris (dingo)","dingo",1068,"Linnaeus, 1758",,,False,"QA","Australian Wildlife Conservancy data","Australian Wildlife Conservancy data","06-08-2014","06-08-2014","06-08-2014","Piccaninny Plains",-12.984127,142.753368,"GDA2020",100,1,"A",,"C",0
6764547,"12253","Animalia","Chordata","Mammalia","Carnivora","Canidae","Canis familiaris (dingo)","dingo",1068,"Linnaeus, 1758",,,False,"QA","Australian Wildlife Conservancy data","Australian Wildlife Conservancy data","24-08-2014","24-08-2014","24-08-2014","Piccaninny Plains",-12.995484,142.813988,"GDA2020",100,1,"A",,"C",0
6764548,"12254","Animalia","Chordata","Mammalia","Carnivora","Canidae","Canis familiaris (dingo)","dingo",1068,"Linnaeus, 1758",,,False,"QA","Australian Wildlife Conservancy data","Australian Wildlife Conservancy data","24-08-2014","24-08-2014","24-08-2014","Piccaninny Plains",-12.995484,142.813988,"GDA2020",100,1,"A",,"C",0
6764729,"12435","Animalia","Chordata","Mammalia","Carnivora","Canidae","Canis familiaris (dingo)","dingo",1068,"Linnaeus, 1758",,,False,"QA","Australian Wildlife Conservancy data","Australian Wildlife Conservancy data","28-08-2015","28-08-2015","28-08-2015","Piccaninny Plains",-13.427624,142.592992,"GDA2020",100,1,"A",,"C",0
6764565,"12271","Animalia","Chordata","Mammalia","Carnivora","Canidae","Canis familiaris (dingo)","dingo",1068,"Linnaeus, 1758",,,False,"QA","Australian Wildlife Conservancy data","Australian Wildlife Conservancy data","26-08-2014","26-08-2014","26-08-2014","Piccaninny Plains",-12.995484,142.813988,"GDA2020",100,1,"A",,"C",0
6764692,"12398","Animalia","Chordata","Mammalia","Carnivora","Canidae","Canis familiaris (dingo)","dingo",1068,"Linnaeus, 1758",,,False,"QA","Australian Wildlife Conservancy data","Australian Wildlife Conservancy data","25-08-2015","25-08-2015","25-08-2015","Piccaninny Plains",-13.152447,142.895988,"GDA2020",100,1,"A",,"C",0
6764730,"12436","Animalia","Chordata","Mammalia","Carnivora","Canidae","Canis familiaris (dingo)","dingo",1068,"Linnaeus, 1758",,,False,"QA","Australian Wildlife Conservancy data","Australian Wildlife Conservancy data","28-08-2015","28-08-2015","28-08-2015","Piccaninny Plains",-13.427624,142.592992,"GDA2020",100,1,"A",,"C",0
6764731,"12437","Animalia","Chordata","Mammalia","Carnivora","Canidae","Canis familiaris (dingo)","dingo",1068,"Linnaeus, 1758",,,False,"QA","Australian Wildlife Conservancy data","Australian Wildlife Conservancy data","28-08-2015","28-08-2015","28-08-2015","Piccaninny Plains",-13.427624,142.592992,"GDA2020",100,1,"A",,"C",0
6765531,"13234","Animalia","Chordata","Mammalia","Carnivora","Canidae","Canis familiaris (dingo)","dingo",1068,"Linnaeus, 1758",,,False,"QA","Australian Wildlife Conservancy data","Australian Wildlife Conservancy data","19-10-2016","19-10-2016","19-10-2016","Piccaninny Plains",-12.995484,142.813988,"GDA2020",100,1,"A",,"C",0
6765557,"13260","Animalia","Chordata","Mammalia","Carnivora","Canidae","Canis familiaris (dingo)","dingo",1068,"Linnaeus, 1758",,,False,"QA","Australian Wildlife Conservancy data","Australian Wildlife Conservancy data","21-10-2016","21-10-2016","21-10-2016","Piccaninny Plains",-12.948727,142.891568,"GDA2020",100,1,"A",,"C",0
6765031,"12737","Animalia","Chordata","Mammalia","Carnivora","Canidae","Canis familiaris (dingo)","dingo",1068,"Linnaeus, 1758",,,False,"QA","Australian Wildlife Conservancy data","Australian Wildlife Conservancy data","08-09-2015","08-09-2015","08-09-2015","Piccaninny Plains",-13.042775,142.875833,"GDA2020",100,1,"A",,"C",0
6765032,"12738","Animalia","Chordata","Mammalia","Carnivora","Canidae","Canis familiaris (dingo)","dingo",1068,"Linnaeus, 1758",,,False,"QA","Australian Wildlife Conservancy data","Australian Wildlife Conservancy data","08-09-2015","08-09-2015","08-09-2015","Piccaninny Plains",-13.042775,142.875833,"GDA2020",100,1,"A",,"C",0
6765755,"13458","Animalia","Chordata","Mammalia","Carnivora","Canidae","Canis familiaris (dingo)","dingo",1068,"Linnaeus, 1758",,,False,"QA","Australian Wildlife Conservancy data","Australian Wildlife Conservancy data","04-11-2016","04-11-2016","04-11-2016","Piccaninny Plains",-13.414507,142.837518,"GDA2020",100,1,"A",,"C",0
6765759,"13462","Animalia","Chordata","Mammalia","Carnivora","Canidae","Canis familiaris (dingo)","dingo",1068,"Linnaeus, 1758",,,False,"QA","Australian Wildlife Conservancy data","Australian Wildlife Conservancy data","05-11-2016","05-11-2016","05-11-2016","Piccaninny Plains",-13.230697,142.584828,"GDA2020",100,1,"A",,"C",0
6765821,"13524","Animalia","Chordata","Mammalia","Carnivora","Canidae","Canis familiaris (dingo)","dingo",1068,"Linnaeus, 1758",,,False,"QA","Australian Wildlife Conservancy data","Australian Wildlife Conservancy data","25-05-2006","25-05-2006","25-05-2006","Brooklyn",-16.496867,144.997368,"GDA2020",100,1,"A",,"C",0
6765822,"13525","Animalia","Chordata","Mammalia","Carnivora","Canidae","Canis familiaris (dingo)","dingo",1068,"Linnaeus, 1758",,,False,"QA","Australian Wildlife Conservancy data","Australian Wildlife Conservancy data","25-05-2006","25-05-2006","25-05-2006","Brooklyn",-16.490527,144.930108,"GDA2020",100,1,"A",,"C",0
6765960,"13664","Animalia","Chordata","Mammalia","Carnivora","Canidae","Canis familiaris (dingo)","dingo",1068,"Linnaeus, 1758",,,False,"QA","Australian Wildlife Conservancy data","Australian Wildlife Conservancy data","28-10-2008","28-10-2008","28-10-2008","Piccaninny Plains",-13.208597,142.827098,"GDA2020",100,1,"A",,"C",0
6765961,"13665","Animalia","Chordata","Mammalia","Carnivora","Canidae","Canis familiaris (dingo)","dingo",1068,"Linnaeus, 1758",,,False,"QA","Australian Wildlife Conservancy data","Australian Wildlife Conservancy data","28-10-2008","28-10-2008","28-10-2008","Piccaninny Plains",-13.203977,142.837008,"GDA2020",100,1,"A",,"C",0
6766058,"13762","Animalia","Chordata","Mammalia","Carnivora","Canidae","Canis familiaris (dingo)","dingo",1068,"Linnaeus, 1758",,,False,"QA","Australian Wildlife Conservancy data","Australian Wildlife Conservancy data","23-07-2010","23-07-2010","23-07-2010","Piccaninny Plains",-13.137597,142.779878,"GDA2020",100,1,"A",,"C",0
6766366,"14075","Animalia","Chordata","Mammalia","Carnivora","Canidae","Canis familiaris (dingo)","dingo",1068,"Linnaeus, 1758",,,False,"QA","Australian Wildlife Conservancy data","Australian Wildlife Conservancy data","07-05-2012","07-05-2012","07-05-2012","Mt Zero-Taravale",-19.184477,145.926378,"GDA2020",100,1,"A",,"C",0
6765059,"12765","Animalia","Chordata","Mammalia","Carnivora","Canidae","Canis familiaris (dingo)","dingo",1068,"Linnaeus, 1758",,,False,"QA","Australian Wildlife Conservancy data","Australian Wildlife Conservancy data","08-09-2015","08-09-2015","08-09-2015","Piccaninny Plains",-13.042775,142.875833,"GDA2020",100,1,"A",,"C",0
6765100,"12807","Animalia","Chordata","Mammalia","Carnivora","Canidae","Canis familiaris (dingo)","dingo",1068,"Linnaeus, 1758",,,False,"QA","Australian Wildlife Conservancy data","Australian Wildlife Conservancy data","11-09-2015","11-09-2015","11-09-2015","Piccaninny Plains",-13.032883,142.835962,"GDA2020",100,1,"A",,"C",0
6765396,"13104","Animalia","Chordata","Mammalia","Carnivora","Canidae","Canis familiaris (dingo)","dingo",1068,"Linnaeus, 1758",,,False,"QA","Australian Wildlife Conservancy data","Australian Wildlife Conservancy data","14-10-2016","14-10-2016","14-10-2016","Piccaninny Plains",-12.944197,142.867778,"GDA2020",100,1,"A",,"C",0
6765353,"13061","Animalia","Chordata","Mammalia","Carnivora","Canidae","Canis familiaris (dingo)","dingo",1068,"Linnaeus, 1758",,,False,"QA","Australian Wildlife Conservancy data","Australian Wildlife Conservancy data","13-10-2016","13-10-2016","13-10-2016","Piccaninny Plains",-12.948727,142.891568,"GDA2020",100,1,"A",,"C",0
6765392,"13100","Animalia","Chordata","Mammalia","Carnivora","Canidae","Canis familiaris (dingo)","dingo",1068,"Linnaeus, 1758",,,False,"QA","Australian Wildlife Conservancy data","Australian Wildlife Conservancy data","14-10-2016","14-10-2016","14-10-2016","Piccaninny Plains",-13.042775,142.875833,"GDA2020",100,1,"A",,"C",0
6765393,"13101","Animalia","Chordata","Mammalia","Carnivora","Canidae","Canis familiaris (dingo)","dingo",1068,"Linnaeus, 1758",,,False,"QA","Australian Wildlife Conservancy data","Australian Wildlife Conservancy data","14-10-2016","14-10-2016","14-10-2016","Piccaninny Plains",-13.033029,142.876420,"GDA2020",100,1,"A",,"C",0
6765394,"13102","Animalia","Chordata","Mammalia","Carnivora","Canidae","Canis familiaris (dingo)","dingo",1068,"Linnaeus, 1758",,,False,"QA","Australian Wildlife Conservancy data","Australian Wildlife Conservancy data","14-10-2016","14-10-2016","14-10-2016","Piccaninny Plains",-13.050787,142.904738,"GDA2020",100,1,"A",,"C",0
6765395,"13103","Animalia","Chordata","Mammalia","Carnivora","Canidae","Canis familiaris (dingo)","dingo",1068,"Linnaeus, 1758",,,False,"QA","Australian Wildlife Conservancy data","Australian Wildlife Conservancy data","14-10-2016","14-10-2016","14-10-2016","Piccaninny Plains",-13.001076,142.817234,"GDA2020",100,1,"A",,"C",0
6767114,"14853","Animalia","Chordata","Mammalia","Carnivora","Canidae","Canis familiaris (dingo)","dingo",1068,"Linnaeus, 1758",,,False,"QA","Australian Wildlife Conservancy data","Australian Wildlife Conservancy data","17-05-2014","17-05-2014","17-05-2014","Mt Zero-Taravale",-19.184267,146.052318,"GDA2020",100,1,"A",,"C",0
6765598,"13301","Animalia","Chordata","Mammalia","Carnivora","Canidae","Canis familiaris (dingo)","dingo",1068,"Linnaeus, 1758",,,False,"QA","Australian Wildlife Conservancy data","Australian Wildlife Conservancy data","23-10-2016","23-10-2016","23-10-2016","Piccaninny Plains",-13.152447,142.895988,"GDA2020",100,1,"A",,"C",0
6765609,"13312","Animalia","Chordata","Mammalia","Carnivora","Canidae","Canis familiaris (dingo)","dingo",1068,"Linnaeus, 1758",,,False,"QA","Australian Wildlife Conservancy data","Australian Wildlife Conservancy data","25-10-2016","25-10-2016","25-10-2016","Piccaninny Plains",-13.172817,142.899008,"GDA2020",100,1,"A",,"C",0
6767318,"15057","Animalia","Chordata","Mammalia","Carnivora","Canidae","Canis familiaris (dingo)","dingo",1068,"Linnaeus, 1758",,,False,"QA","Australian Wildlife Conservancy data","Australian Wildlife Conservancy data","27-08-2014","27-08-2014","27-08-2014","Piccaninny Plains",-12.995813,142.812754,"GDA2020",100,1,"A",,"C",0
6767737,"15477","Animalia","Chordata","Mammalia","Carnivora","Canidae","Canis familiaris (dingo)","dingo",1068,"Linnaeus, 1758",,,False,"QA","Australian Wildlife Conservancy data","Australian Wildlife Conservancy data","17-05-2015","17-05-2015","17-05-2015","Mt Zero-Taravale",-19.179607,146.020898,"GDA2020",100,1,"A",,"C",0
6767745,"15485","Animalia","Chordata","Mammalia","Carnivora","Canidae","Canis familiaris (dingo)","dingo",1068,"Linnaeus, 1758",,,False,"QA","Australian Wildlife Conservancy data","Australian Wildlife Conservancy data","19-05-2015","19-05-2015","19-05-2015","Mt Zero-Taravale",-19.178747,146.026748,"GDA2020",100,1,"A",,"C",0
6767752,"15492","Animalia","Chordata","Mammalia","Carnivora","Canidae","Canis familiaris (dingo)","dingo",1068,"Linnaeus, 1758",,,False,"QA","Australian Wildlife Conservancy data","Australian Wildlife Conservancy data","21-05-2015","21-05-2015","21-05-2015","Mt Zero-Taravale",-19.202487,146.055118,"GDA2020",100,1,"A",,"C",0
6767807,"15547","Animalia","Chordata","Mammalia","Carnivora","Canidae","Canis familiaris (dingo)","dingo",1068,"Linnaeus, 1758",,,False,"QA","Australian Wildlife Conservancy data","Australian Wildlife Conservancy data","29-08-2015","29-08-2015","29-08-2015","Piccaninny Plains",-13.415566,142.480898,"GDA2020",100,2,"A",,"C",0
6766467,"14176","Animalia","Chordata","Mammalia","Carnivora","Canidae","Canis familiaris (dingo)","dingo",1068,"Linnaeus, 1758",,,False,"QA","Australian Wildlife Conservancy data","Australian Wildlife Conservancy data","27-05-2013","27-05-2013","27-05-2013","Brooklyn",-16.524537,144.952288,"GDA2020",100,1,"A",,"C",0
6766889,"14628","Animalia","Chordata","Mammalia","Carnivora","Canidae","Canis familiaris (dingo)","dingo",1068,"Linnaeus, 1758",,,False,"QA","Australian Wildlife Conservancy data","Australian Wildlife Conservancy data","08-11-2013","08-11-2013","08-11-2013","Mt Zero-Taravale",-19.015311,146.013137,"GDA2020",100,1,"A",,"C",0
6767043,"14782","Animalia","Chordata","Mammalia","Carnivora","Canidae","Canis familiaris (dingo)","dingo",1068,"Linnaeus, 1758",,,False,"QA","Australian Wildlife Conservancy data","Australian Wildlife Conservancy data","07-05-2014","07-05-2014","07-05-2014","Mt Zero-Taravale",-19.084417,146.113304,"GDA2020",100,1,"A",,"C",0
6767838,"15583","Animalia","Chordata","Mammalia","Carnivora","Canidae","Canis familiaris (dingo)","dingo",1068,"Linnaeus, 1758",,,False,"QA","Australian Wildlife Conservancy data","Australian Wildlife Conservancy data","03-09-2015","03-09-2015","03-09-2015","Piccaninny Plains",-13.228097,142.618938,"GDA2020",100,1,"A",,"C",0
6767840,"15585","Animalia","Chordata","Mammalia","Carnivora","Canidae","Canis familiaris (dingo)","dingo",1068,"Linnaeus, 1758",,,False,"QA","Australian Wildlife Conservancy data","Australian Wildlife Conservancy data","03-09-2015","03-09-2015","03-09-2015","Piccaninny Plains",-13.269567,142.571588,"GDA2020",100,4,"A",,"C",0
7120960,,"Animalia","Chordata","Mammalia","Carnivora","Canidae","Canis familiaris (dingo)","dingo",1068,"Linnaeus, 1758",,,False,"QA","Incidental Records","QPWS Dry Tropics wildlife records","23-09-2020","23-09-2020","23-09-2020","Princess Hills access rd (Princess Hills Section, Girringun NP)",-18.321275,145.406011,"GDA2020",25,1,"A",,"C",0
6767842,"15587","Animalia","Chordata","Mammalia","Carnivora","Canidae","Canis familiaris (dingo)","dingo",1068,"Linnaeus, 1758",,,False,"QA","Australian Wildlife Conservancy data","Australian Wildlife Conservancy data","03-09-2015","03-09-2015","03-09-2015","Piccaninny Plains",-13.232107,142.610598,"GDA2020",100,1,"A",,"C",0
6767876,"15621","Animalia","Chordata","Mammalia","Carnivora","Canidae","Canis familiaris (dingo)","dingo",1068,"Linnaeus, 1758",,,False,"QA","Australian Wildlife Conservancy data","Australian Wildlife Conservancy data","09-09-2015","09-09-2015","09-09-2015","Piccaninny Plains",-13.028567,142.900028,"GDA2020",100,2,"A",,"C",0
6767966,"15711","Animalia","Chordata","Mammalia","Carnivora","Canidae","Canis familiaris (dingo)","dingo",1068,"Linnaeus, 1758",,,False,"QA","Australian Wildlife Conservancy data","Australian Wildlife Conservancy data","03-10-2015","03-10-2015","03-10-2015","Brooklyn",-16.586986,145.270568,"GDA2020",100,1,"A",,"C",0
7125702,"10737","Animalia","Chordata","Mammalia","Carnivora","Canidae","Canis familiaris (dingo)","dingo",1068,"Linnaeus, 1758",,,False,"QA","Rod Hobson's wildlife data","Rod Hobson's incidental records","01-05-2021","03-05-2021","01-05-2021","cottage, ""Highwoods"", Loves Road, East Jimbour SEQ",-26.896382,151.283908,"GDA2020",300,,,,"C",0
6768080,"15826","Animalia","Chordata","Mammalia","Carnivora","Canidae","Canis familiaris (dingo)","dingo",1068,"Linnaeus, 1758",,,False,"QA","Australian Wildlife Conservancy data","Australian Wildlife Conservancy data","12-10-2016","12-10-2016","12-10-2016","Piccaninny Plains",-13.042329,142.909459,"GDA2020",100,,,,"C",0
7147560,,"Animalia","Chordata","Mammalia","Carnivora","Canidae","Canis familiaris (dingo)","dingo",1068,"Linnaeus, 1758",,,False,"QA","Bushfire Recovery Project","Camera trapping - threatened species bushfire project","25-11-2020","28-01-2021","25-11-2020","Canungra Creek, west of Laheys Tabletop, south of Yandooya, Lamington National Park, SEQ.",-28.155435,153.138525,"GDA2020",50,,,,"C",0
7148840,,"Animalia","Chordata","Mammalia","Carnivora","Canidae","Canis familiaris (dingo)","dingo",1068,"Linnaeus, 1758",,,False,"QA","Bushfire Recovery Project","Camera trapping - threatened species bushfire project","08-09-2020","15-05-2021","08-09-2020","Westerly facing ridge in the southern White Water Gully catchment, about 1.5km south-west of Mount Ballow, Mount Barney National Park, SEQ.",-28.278487,152.602228,"GDA2020",50,,,,"C",0
7148852,,"Animalia","Chordata","Mammalia","Carnivora","Canidae","Canis familiaris (dingo)","dingo",1068,"Linnaeus, 1758",,,False,"QA","Bushfire Recovery Project","Camera trapping - threatened species bushfire project","08-09-2020","18-05-2021","08-09-2020","Main ridge forming the Qld-NSW border, about 1.1km south-west of Mount Ballow, Mount Nothofagus National Park, NENSW.",-28.277474,152.607776,"GDA2020",50,,,,"C",0
7148872,,"Animalia","Chordata","Mammalia","Carnivora","Canidae","Canis familiaris (dingo)","dingo",1068,"Linnaeus, 1758",,,False,"QA","Bushfire Recovery Project","Camera trapping - threatened species bushfire project","08-09-2020","18-05-2021","08-09-2020","Main ridge forming the Qld-NSW border, east of the top of Drummer Break, about 2.1km south-west of Mount Ballow, Mount Nothofagus National Park, NENSW.",-28.284177,152.600032,"GDA2020",50,,,,"C",0
7148898,,"Animalia","Chordata","Mammalia","Carnivora","Canidae","Canis familiaris (dingo)","dingo",1068,"Linnaeus, 1758",,,False,"QA","Bushfire Recovery Project","Camera trapping - threatened species bushfire project","09-09-2020","05-11-2020","09-09-2020","Top of a small north facing escarpment on a westerly ridge, 450m north of the uppermost part of Drummer Break, Mount Barney National Park, SEQ.",-28.282241,152.595634,"GDA2020",50,,,,"C",0
7148917,,"Animalia","Chordata","Mammalia","Carnivora","Canidae","Canis familiaris (dingo)","dingo",1068,"Linnaeus, 1758",,,False,"QA","Bushfire Recovery Project","Camera trapping - threatened species bushfire project","05-11-2020","18-05-2021","05-11-2020","Top of a small north facing escarpment on a westerly ridge, 450m north of the uppermost part of Drummer Break, Mount Barney National Park, SEQ.",-28.282241,152.595634,"GDA2020",50,,,,"C",0
7148935,,"Animalia","Chordata","Mammalia","Carnivora","Canidae","Canis familiaris (dingo)","dingo",1068,"Linnaeus, 1758",,,False,"QA","Bushfire Recovery Project","Camera trapping - threatened species bushfire project","09-09-2020","05-11-2020","09-09-2020","Headwaters of Drummer Gully, about 320m east of the highest point on Drummer Break, southwest of Mount Ballow, Mount Barney National Park, SEQ.",-28.285932,152.598062,"GDA2020",50,,,,"C",0
7148973,,"Animalia","Chordata","Mammalia","Carnivora","Canidae","Canis familiaris (dingo)","dingo",1068,"Linnaeus, 1758",,,False,"QA","Bushfire Recovery Project","Camera trapping - threatened species bushfire project","05-11-2020","20-11-2020","05-11-2020","Drummer Break, about 1 km from the top, Mount Barney National Park, SEQ.",-28.287378,152.583826,"GDA2020",50,,,,"C",0
7148991,,"Animalia","Chordata","Mammalia","Carnivora","Canidae","Canis familiaris (dingo)","dingo",1068,"Linnaeus, 1758",,,False,"QA","Bushfire Recovery Project","Camera trapping - threatened species bushfire project","09-09-2020","31-10-2020","09-09-2020","Falls Break, 50m from Burnett Creek Road, about 1.7km west-south-west of Bald Knob, Mount Barney National Park, SEQ.",-28.309231,152.563454,"GDA2020",50,,,,"C",0
7149002,,"Animalia","Chordata","Mammalia","Carnivora","Canidae","Canis familiaris (dingo)","dingo",1068,"Linnaeus, 1758",,,False,"QA","Bushfire Recovery Project","Camera trapping - threatened species bushfire project","05-11-2020","20-12-2020","05-11-2020","Falls Break, 50m from Burnett Creek Road, about 1.7km west-south-west of Bald Knob, Mount Barney National Park, SEQ.",-28.309231,152.563454,"GDA2020",50,,,,"C",0
7149014,,"Animalia","Chordata","Mammalia","Carnivora","Canidae","Canis familiaris (dingo)","dingo",1068,"Linnaeus, 1758",,,False,"QA","Bushfire Recovery Project","Camera trapping - threatened species bushfire project","05-11-2020","11-11-2020","05-11-2020","Burnett Link Break, 50m from Burnett Creek Road, about 1.8km north-west of Bald Knob, Mount Barney National Park, SEQ.",-28.297512,152.565449,"GDA2020",50,,,,"C",0
7149087,,"Animalia","Chordata","Mammalia","Carnivora","Canidae","Canis familiaris (dingo)","dingo",1068,"Linnaeus, 1758",,,False,"QA","Bushfire Recovery Project","Camera trapping - threatened species bushfire project","10-09-2020","03-12-2020","10-09-2020","Headwaters of the northern branch of Teviot Brook, 975m north-west of Teviot Falls, upstream of the crossing of the old logging track (Brett Rd), Main Range National Park, SEQ.",-28.220487,152.477006,"GDA2020",50,,,,"C",0
7149140,,"Animalia","Chordata","Mammalia","Carnivora","Canidae","Canis familiaris (dingo)","dingo",1068,"Linnaeus, 1758",,,False,"QA","Bushfire Recovery Project","Camera trapping - threatened species bushfire project","14-09-2020","02-11-2020","14-09-2020","Head of Gap Creek East in rainforest, about 750m south of the crest carpark along Mount Mitchell Walking track, Cunninghams Gap, Main Range National Park, SEQ.",-28.054404,152.395450,"GDA2020",50,,,,"C",0
7149160,,"Animalia","Chordata","Mammalia","Carnivora","Canidae","Canis familiaris (dingo)","dingo",1068,"Linnaeus, 1758",,,False,"QA","Bushfire Recovery Project","Camera trapping - threatened species bushfire project","02-11-2020","03-12-2020","02-11-2020","Head of Gap Creek East in rainforest, about 750m south of the crest carpark along Mount Mitchell Walking track, Cunninghams Gap, Main Range National Park, SEQ.",-28.054404,152.395450,"GDA2020",50,,,,"C",0
7149236,,"Animalia","Chordata","Mammalia","Carnivora","Canidae","Canis familiaris (dingo)","dingo",1068,"Linnaeus, 1758",,,False,"QA","Bushfire Recovery Project","Camera trapping - threatened species bushfire project","16-09-2020","02-02-2021","16-09-2020","Shallow drainage line in the headwaters of Cryptocarya Creek, on western side of the Lincoln Walking Trail, about 2.6km west of Mount Superbus, Main Range National Park, SEQ.",-28.231033,152.437603,"GDA2020",50,,,,"C",0
7149358,,"Animalia","Chordata","Mammalia","Carnivora","Canidae","Canis familiaris (dingo)","dingo",1068,"Linnaeus, 1758",,,False,"QA","Bushfire Recovery Project","Camera trapping - threatened species bushfire project","16-09-2020","02-10-2020","16-09-2020","Northerly facing ridge, above the end of Emu Creek Road, south of the confluence of the South Branch of Emu and Cryptocarya Creeks, Main Range National Park, SEQ.",-28.216760,152.426407,"GDA2020",50,,,,"C",0
7149367,,"Animalia","Chordata","Mammalia","Carnivora","Canidae","Canis familiaris (dingo)","dingo",1068,"Linnaeus, 1758",,,False,"QA","Bushfire Recovery Project","Camera trapping - threatened species bushfire project","17-09-2020","22-12-2020","17-09-2020","North bank of Steamer Creek, 850m north-west of The Funnel, Main Range National Park, SEQ.",-28.199093,152.423730,"GDA2020",50,,,,"C",0
7149391,,"Animalia","Chordata","Mammalia","Carnivora","Canidae","Canis familiaris (dingo)","dingo",1068,"Linnaeus, 1758",,,False,"QA","Bushfire Recovery Project","Camera trapping - threatened species bushfire project","14-01-2021","17-03-2021","14-01-2021","Cunninghams Gap, East of Ranger Station, Main Range National Park, SEQ.",-28.061975,152.368474,"GDA2020",25,,,,"C",0
7149512,,"Animalia","Chordata","Mammalia","Carnivora","Canidae","Canis familiaris (dingo)","dingo",1068,"Linnaeus, 1758",,,False,"QA","Bushfire Recovery Project","Camera trapping - threatened species bushfire project","08-09-2020","08-09-2021","08-09-2020","Main ridge forming the Qld-NSW border, 260m south-south-west of the summit of Mount Ballow, Mount Nothofagus National Park, NENSW.",-28.271667,152.613160,"GDA2020",50,,,,"C",0
7149526,,"Animalia","Chordata","Mammalia","Carnivora","Canidae","Canis familiaris (dingo)","dingo",1068,"Linnaeus, 1758",,,False,"QA","Bushfire Recovery Project","Camera trapping - threatened species bushfire project","08-09-2020","08-09-2021","08-09-2020","Tributary of Ballow Creek, about 400m north-east of Mount Ballow, Mount Barney National Park, SEQ.",-28.267210,152.617645,"GDA2020",50,,,,"C",0
7149543,,"Animalia","Chordata","Mammalia","Carnivora","Canidae","Canis familiaris (dingo)","dingo",1068,"Linnaeus, 1758",,,False,"QA","Bushfire Recovery Project","Camera trapping - threatened species bushfire project","08-09-2020","08-09-2021","08-09-2020","Head of the main branch of White Water Gully, about 500m south-west of the summit of Mount Ballow, Mount Barney National Park, SEQ.",-28.272126,152.609756,"GDA2020",50,,,,"C",0
7149562,,"Animalia","Chordata","Mammalia","Carnivora","Canidae","Canis familiaris (dingo)","dingo",1068,"Linnaeus, 1758",,,False,"QA","Bushfire Recovery Project","Camera trapping - threatened species bushfire project","16-09-2021","17-01-2022","16-09-2021","Headwater of a northerly flowing tributary of Blackfellow Creek, north of Mount Castle West Fire Break, Mount Mistake section, Main Range National Park, SEQ.",-27.959932,152.359228,"GDA2020",50,,,,"C",0
7149632,,"Animalia","Chordata","Mammalia","Carnivora","Canidae","Canis familiaris (dingo)","dingo",1068,"Linnaeus, 1758",,,False,"QA","Bushfire Recovery Project","Camera trapping - threatened species bushfire project","26-08-2021","16-12-2021","26-08-2021","Wallaby flat, southwest of Mount Machar Track, northwest of Mount Machar, Glen Rock area of Main Range National Park, SEQ.",-27.910196,152.241095,"GDA2020",100,,,,"C",0
7149645,,"Animalia","Chordata","Mammalia","Carnivora","Canidae","Canis familiaris (dingo)","dingo",1068,"Linnaeus, 1758",,,False,"QA","Bushfire Recovery Project","Camera trapping - threatened species bushfire project","29-07-2021","15-12-2021","29-07-2021","South of the Mount Mitchell track, north of the west peak of Mount Mitchell, Cunninghams Gap area of Main Range National Park, SEQ.",-28.058187,152.390087,"GDA2020",100,,,,"C",0
7149648,,"Animalia","Chordata","Mammalia","Carnivora","Canidae","Canis familiaris (dingo)","dingo",1068,"Linnaeus, 1758",,,False,"QA","Bushfire Recovery Project","Camera trapping - threatened species bushfire project","10-09-2021","14-02-2022","10-09-2021","20 metres north of Falls Break, approximately 500 metres west of the junction with Burnett Creek Road, Mount Barney National Park, SEQ.",-28.310701,152.558639,"GDA2020",25,,,,"C",0
7149726,,"Animalia","Chordata","Mammalia","Carnivora","Canidae","Canis familiaris (dingo)","dingo",1068,"Linnaeus, 1758",,,False,"QA","Bushfire Recovery Project","Camera trapping - threatened species bushfire project","10-09-2021","17-02-2022","10-09-2021","5 metres southwest of Burnett Link Break, east of Stags Head, Burnett Creek area, Mount Barney National Park, SEQ.",-28.297574,152.560809,"GDA2020",25,,,,"C",0
7150065,,"Animalia","Chordata","Mammalia","Carnivora","Canidae","Canis familiaris (dingo)","dingo",1068,"Linnaeus, 1758",,,False,"QA","Moggill QPWS fauna data","Miscellaneous camera trapping data","02-06-2021","23-08-2021","02-06-2021","Spur running southwest off Deception Creek Firetrail, Mount Robert section of Dawes National Park, west of Many Peaks township, west of Many Peaks township, SEQ.",-24.530980,151.252401,"GDA2020",50,,,,"C",0
7150082,,"Animalia","Chordata","Mammalia","Carnivora","Canidae","Canis familiaris (dingo)","dingo",1068,"Linnaeus, 1758",,,False,"QA","Moggill QPWS fauna data","Miscellaneous camera trapping data","02-06-2021","25-08-2021","02-06-2021","Table Range, northeast of the junction of Deception Creek and Mount Robert Fire trails, Mount Robert section of Dawes National Park, west of Many Peaks township, SEQ.",-24.524876,151.260840,"GDA2020",300,,,,"C",0
7121135,,"Animalia","Chordata","Mammalia","Carnivora","Canidae","Canis familiaris (dingo)","dingo",1068,"Linnaeus, 1758",,,False,"QA","Incidental Records","QPWS Dry Tropics wildlife records","30-10-2020","30-10-2020","30-10-2020","Mount Margret, Undara Volcanic National Park",-18.405398,144.534576,"GDA2020",10,1,"C",,"C",0
6768174,"15921","Animalia","Chordata","Mammalia","Carnivora","Canidae","Canis familiaris (dingo)","dingo",1068,"Linnaeus, 1758",,,False,"QA","Australian Wildlife Conservancy data","Australian Wildlife Conservancy data","22-10-2016","22-10-2016","22-10-2016","Piccaninny Plains",-13.213841,142.608478,"GDA2020",100,1,"A",,"C",0
6768032,"15778","Animalia","Chordata","Mammalia","Carnivora","Canidae","Canis familiaris (dingo)","dingo",1068,"Linnaeus, 1758",,,False,"QA","Australian Wildlife Conservancy data","Australian Wildlife Conservancy data","14-05-2016","14-05-2016","14-05-2016","Mt Zero-Taravale",-19.112427,146.110538,"GDA2020",100,1,"A",,"C",0
7084652,"8415","Animalia","Chordata","Mammalia","Carnivora","Canidae","Canis familiaris (dingo)","dingo",1068,"Linnaeus, 1758",,,False,"QA","Rod Hobson's wildlife data","Rod Hobson's incidental records","03-10-2020","04-10-2020","03-10-2020","cottage, ""Highwoods"", Loves Road, East Jimbour SEQ",-26.896382,151.283908,"GDA2020",300,1,"A",,"C",0
7084998,"8756","Animalia","Chordata","Mammalia","Carnivora","Canidae","Canis familiaris (dingo)","dingo",1068,"Linnaeus, 1758",,,False,"QA","Rod Hobson's wildlife data","Rod Hobson's incidental records","04-11-2020","04-11-2020","04-11-2020","Bringalily State Forest, Bringalily SEQ",-28.298777,151.050696,"GDA2020",50,1,"A",,"C",0
6768173,"15920","Animalia","Chordata","Mammalia","Carnivora","Canidae","Canis familiaris (dingo)","dingo",1068,"Linnaeus, 1758",,,False,"QA","Australian Wildlife Conservancy data","Australian Wildlife Conservancy data","22-10-2016","22-10-2016","22-10-2016","Piccaninny Plains",-13.219697,142.614213,"GDA2020",100,1,"A",,"C",0
7120871,,"Animalia","Chordata","Mammalia","Carnivora","Canidae","Canis familiaris (dingo)","dingo",1068,"Linnaeus, 1758",,,False,"QA","Incidental Records","QPWS Dry Tropics wildlife records","15-12-2020","15-12-2020","15-12-2020","Lucy Tablelands, near Wairuna Lake",-18.446420,145.401812,"GDA2020",20,1,"A",,"C",0
7122970,"67","Animalia","Chordata","Mammalia","Carnivora","Canidae","Canis familiaris (dingo)","dingo",1068,"Linnaeus, 1758",,,False,"QA","Incidental Records","Incidental Records A. B. Freeman","28-08-2021","28-08-2021","28-08-2021","7.6km north of Horse Creek, Rutland Plains",-15.590006,141.453868,"GDA2020",50,2,"A",,"C",0
7174860,"7","Animalia","Chordata","Mammalia","Carnivora","Canidae","Canis familiaris (dingo)","dingo",1068,"Linnaeus, 1758",,,False,"QA","Incidental Records","WildNet Incidental Records","22-08-2021","22-08-2021","22-08-2021","Dalga",-24.684897,151.502761,"GDA2020",10,2,"A",,"C",0
7123041,"139","Animalia","Chordata","Mammalia","Carnivora","Canidae","Canis familiaris (dingo)","dingo",1068,"Linnaeus, 1758",,,False,"QA","Incidental Records","Incidental Records A. B. Freeman","04-09-2021","04-09-2021","04-09-2021","8.3km south of Topsy Creek, Rutland Plains",-15.574196,141.457538,"GDA2020",50,5,"A",,"C",0
7147192,,"Animalia","Chordata","Mammalia","Carnivora","Canidae","Canis familiaris (dingo)","dingo",1068,"Linnaeus, 1758",,,False,"QA","Harry Hines fauna data","Harry Hines miscellaneous survey data","15-09-2020","18-09-2020","15-09-2020","Emu Creek South Branch QPWS Remote Bush Camp, south of The Steamers, Main Range National Park, SEQ.",-28.213071,152.427117,"GDA2020",100,,,,"C",0
7171894,"81","Animalia","Chordata","Mammalia","Carnivora","Canidae","Canis familiaris (dingo)","dingo",1068,"Linnaeus, 1758",,,False,"QA","Incidental Records","Keith R. McDonalds Incidental Records","28-05-2022","28-05-2022","28-05-2022","RN150 Mather Rd, Yungaburra",-17.282820,145.578869,"GDA2020",50,1,"A",,"V",0
7238747,,"Animalia","Chordata","Mammalia","Carnivora","Canidae","Canis familiaris (dingo)","dingo",1068,"Linnaeus, 1758",,,False,"QA","Astrebla National Park","Spotlighting Transects","08-03-2022",,"08-03-2022","Kite Drive . Visit ID 2669. Wpt 31",-24.207833,140.562263,"GDA2020",20,1,"A",,"U",0
7238871,,"Animalia","Chordata","Mammalia","Carnivora","Canidae","Canis familiaris (dingo)","dingo",1068,"Linnaeus, 1758",,,False,"QA","Astrebla National Park","Spotlighting Transects","11-03-2022",,"11-03-2022","Warra Creek transect Vfisit 2804 Wpt165",-24.396312,140.551201,"GDA2020",2000,1,"A",,"U",0
7238893,,"Animalia","Chordata","Mammalia","Carnivora","Canidae","Canis familiaris (dingo)","dingo",1068,"Linnaeus, 1758",,,False,"QA","Astrebla National Park","Spotlighting Transects","08-12-2022",,"08-12-2022","Backwards Creek Visit ID 3000",-24.365070,140.657397,"GDA2020",20,1,"A",,"U",0
7238894,,"Animalia","Chordata","Mammalia","Carnivora","Canidae","Canis familiaris (dingo)","dingo",1068,"Linnaeus, 1758",,,False,"QA","Astrebla National Park","Spotlighting Transects","08-12-2022",,"08-12-2022","Backwards Creek Visit ID 3000",-24.365070,140.657397,"GDA2020",20,1,"A",,"U",0
7238896,,"Animalia","Chordata","Mammalia","Carnivora","Canidae","Canis familiaris (dingo)","dingo",1068,"Linnaeus, 1758",,,False,"QA","Astrebla National Park","Spotlighting Transects","08-12-2022",,"08-12-2022","Backwards Creek Visit ID 3000",-24.360486,140.657063,"GDA2020",20,1,"A",,"U",0
7238897,,"Animalia","Chordata","Mammalia","Carnivora","Canidae","Canis familiaris (dingo)","dingo",1068,"Linnaeus, 1758",,,False,"QA","Astrebla National Park","Spotlighting Transects","08-12-2022",,"08-12-2022","Backwards Creek Visit ID 3000",-24.355098,140.655508,"GDA2020",20,1,"A",,"U",0
7238907,,"Animalia","Chordata","Mammalia","Carnivora","Canidae","Canis familiaris (dingo)","dingo",1068,"Linnaeus, 1758",,,False,"QA","Astrebla National Park","Spotlighting Transects","08-12-2022",,"08-12-2022","Backwards Creek visit 3000",-24.353764,140.655647,"GDA2020",20,1,"A",,"U",0
7238910,,"Animalia","Chordata","Mammalia","Carnivora","Canidae","Canis familiaris (dingo)","dingo",1068,"Linnaeus, 1758",,,False,"QA","Astrebla National Park","Spotlighting Transects","08-12-2022",,"08-12-2022","Backwards Creek visit 3000",-24.207181,140.601869,"GDA2020",20,1,"A",,"U",0
7238912,,"Animalia","Chordata","Mammalia","Carnivora","Canidae","Canis familiaris (dingo)","dingo",1068,"Linnaeus, 1758",,,False,"QA","Astrebla National Park","Spotlighting Transects","08-12-2022",,"08-12-2022","Backwards Creek visit 3000",-24.199681,140.598674,"GDA2020",20,1,"A",,"U",0
7238915,,"Animalia","Chordata","Mammalia","Carnivora","Canidae","Canis familiaris (dingo)","dingo",1068,"Linnaeus, 1758",,,False,"QA","Astrebla National Park","Spotlighting Transects","09-12-2022",,"09-12-2022","Talgoo Creek site visit 3001",-24.268764,140.740396,"GDA2020",20,1,"A",,"U",0
7238916,,"Animalia","Chordata","Mammalia","Carnivora","Canidae","Canis familiaris (dingo)","dingo",1068,"Linnaeus, 1758",,,False,"QA","Astrebla National Park","Spotlighting Transects","09-12-2022",,"09-12-2022","Talgoo creek Visit 3001",-24.277431,140.716397,"GDA2020",20,3,"A",,"U",0
7238918,,"Animalia","Chordata","Mammalia","Carnivora","Canidae","Canis familiaris (dingo)","dingo",1068,"Linnaeus, 1758",,,False,"QA","Astrebla National Park","Spotlighting Transects","09-12-2022",,"09-12-2022","Talgoo creek Visit 3001",-24.275903,140.708452,"GDA2020",20,2,"A",,"U",0
7238919,,"Animalia","Chordata","Mammalia","Carnivora","Canidae","Canis familiaris (dingo)","dingo",1068,"Linnaeus, 1758",,,False,"QA","Astrebla National Park","Spotlighting Transects","09-12-2022",,"09-12-2022","Talgoo creek Visit 3001",-24.243236,140.699841,"GDA2020",20,4,"A",,"U",0
7238920,,"Animalia","Chordata","Mammalia","Carnivora","Canidae","Canis familiaris (dingo)","dingo",1068,"Linnaeus, 1758",,,False,"QA","Astrebla National Park","Spotlighting Transects","09-12-2022",,"09-12-2022","Talgoo creek Visit 3001",-24.243236,140.699841,"GDA2020",20,1,"A",,"U",0
7238921,,"Animalia","Chordata","Mammalia","Carnivora","Canidae","Canis familiaris (dingo)","dingo",1068,"Linnaeus, 1758",,,False,"QA","Astrebla National Park","Spotlighting Transects","09-12-2022",,"09-12-2022","Talgoo creek Visit 3001",-24.243236,140.699841,"GDA2020",20,1,"A",,"U",0
7238926,,"Animalia","Chordata","Mammalia","Carnivora","Canidae","Canis familiaris (dingo)","dingo",1068,"Linnaeus, 1758",,,False,"QA","Astrebla National Park","Spotlighting Transects","10-12-2022",,"10-12-2022","Davenport track west from Talgoo creek - not on transects",-24.224209,140.682730,"GDA2020",20,1,"A",,"U",0
7238943,,"Animalia","Chordata","Mammalia","Carnivora","Canidae","Canis familiaris (dingo)","dingo",1068,"Linnaeus, 1758",,,False,"QA","Astrebla National Park","Spotlighting Transects","10-12-2022",,"10-12-2022","On way to transect Cat Creek",-24.073709,140.732452,"GDA2020",20,1,"A",,"U",0
7238944,,"Animalia","Chordata","Mammalia","Carnivora","Canidae","Canis familiaris (dingo)","dingo",1068,"Linnaeus, 1758",,,False,"QA","Astrebla National Park","Spotlighting Transects","10-12-2022",,"10-12-2022","On way to Cat Creek Visit 3005",-24.089848,140.718702,"GDA2020",20,1,"A",,"U",0
7238945,,"Animalia","Chordata","Mammalia","Carnivora","Canidae","Canis familiaris (dingo)","dingo",1068,"Linnaeus, 1758",,,False,"QA","Astrebla National Park","Spotlighting Transects","10-12-2022",,"10-12-2022","on way to Cat Creek Visit 3005",-24.073709,140.732452,"GDA2020",20,2,"A",,"U",0
7238946,,"Animalia","Chordata","Mammalia","Carnivora","Canidae","Canis familiaris (dingo)","dingo",1068,"Linnaeus, 1758",,,False,"QA","Astrebla National Park","Spotlighting Transects","11-12-2022",,"11-12-2022","On way to Warra Creek transect",-24.396312,140.551201,"GDA2020",2000,1,"A",,"U",0
7238947,,"Animalia","Chordata","Mammalia","Carnivora","Canidae","Canis familiaris (dingo)","dingo",1068,"Linnaeus, 1758",,,False,"QA","Astrebla National Park","Spotlighting Transects","11-12-2022",,"11-12-2022","On way to warra creek transect",-24.396312,140.551201,"GDA2020",2000,1,"A",,"U",0
7238954,,"Animalia","Chordata","Mammalia","Carnivora","Canidae","Canis familiaris (dingo)","dingo",1068,"Linnaeus, 1758",,,False,"QA","Astrebla National Park","Spotlighting Transects","11-12-2022",,"11-12-2022","Warra Creek Visit 3004",-24.396312,140.551201,"GDA2020",2000,1,"A",,"U",0
7238955,,"Animalia","Chordata","Mammalia","Carnivora","Canidae","Canis familiaris (dingo)","dingo",1068,"Linnaeus, 1758",,,False,"QA","Astrebla National Park","Spotlighting Transects","11-12-2022",,"11-12-2022","Warra Creek Visit 3004",-24.396312,140.551201,"GDA2020",2000,1,"A",,"U",0
7238960,,"Animalia","Chordata","Mammalia","Carnivora","Canidae","Canis familiaris (dingo)","dingo",1068,"Linnaeus, 1758",,,False,"QA","Astrebla National Park","Spotlighting Transects","11-12-2022",,"11-12-2022","Warra Creek Visit 3004",-24.396312,140.551201,"GDA2020",2000,1,"A",,"U",0
7238961,,"Animalia","Chordata","Mammalia","Carnivora","Canidae","Canis familiaris (dingo)","dingo",1068,"Linnaeus, 1758",,,False,"QA","Astrebla National Park","Spotlighting Transects","11-12-2022",,"11-12-2022","Warra Creek Visit 3004",-24.396312,140.551201,"GDA2020",2000,1,"A",,"U",0
7238962,,"Animalia","Chordata","Mammalia","Carnivora","Canidae","Canis familiaris (dingo)","dingo",1068,"Linnaeus, 1758",,,False,"QA","Astrebla National Park","Spotlighting Transects","12-12-2022",,"12-12-2022","Warra Creek Visit 3004",-24.396312,140.551201,"GDA2020",2000,1,"A",,"U",0
7171927,"114","Animalia","Chordata","Mammalia","Carnivora","Canidae","Canis familiaris (dingo)","dingo",1068,"Linnaeus, 1758",,,False,"QA","Incidental Records","Keith R. McDonalds Incidental Records","28-05-2022","28-05-2022","28-05-2022","RN150 Mather Rd, Yungaburra",-17.282987,145.579035,"GDA2020",50,1,"A",,"V",0
7239183,,"Animalia","Chordata","Mammalia","Carnivora","Canidae","Canis familiaris (dingo)","dingo",1068,"Linnaeus, 1758",,,False,"QA","Astrebla National Park","Spotlighting Transects","11-03-2022",,"11-03-2022","Backwards Creek 20.11 Site vistit Id:3111",-24.382209,140.647174,"GDA2020",20,2,"A",,"U",0
7239193,,"Animalia","Chordata","Mammalia","Carnivora","Canidae","Canis familiaris (dingo)","dingo",1068,"Linnaeus, 1758",,,False,"QA","Astrebla National Park","Spotlighting Transects","11-03-2022",,"11-03-2022","Backwards Creek (eastern side) 20.23 Visit Id 3126",-24.376820,149.651673,"GDA2020",20,2,"A",,"U",0
7239203,,"Animalia","Chordata","Mammalia","Carnivora","Canidae","Canis familiaris (dingo)","dingo",1068,"Linnaeus, 1758",,,False,"QA","Astrebla National Park","Spotlighting Transects","12-03-2022",,"12-03-2022","Curricica creek south 20.03 Visit iD 3135",-24.367098,140.647785,"GDA2020",20,1,"A",,"U",0
7239208,,"Animalia","Chordata","Mammalia","Carnivora","Canidae","Canis familiaris (dingo)","dingo",1068,"Linnaeus, 1758",,,False,"QA","Astrebla National Park","Spotlighting Transects","12-03-2020",,"12-03-2020","Curricica creek south 22.09 Visit iD 3135",-24.285903,140.590563,"GDA2020",20,1,"A",,"U",0
7172139,"265","Animalia","Chordata","Mammalia","Carnivora","Canidae","Canis familiaris (dingo)","dingo",1068,"Linnaeus, 1758",,,False,"QA","Incidental Records","Keith R. McDonalds Incidental Records","20-07-2022","20-07-2022","20-07-2022","Girringun National Park, Lucy Tableland",-18.495820,145.361674,"GDA2020",50,1,"A",,"V",0
7174581,"166","Animalia","Chordata","Mammalia","Carnivora","Canidae","Canis familiaris (dingo)","dingo",1068,"Linnaeus, 1758",,,False,"QA","Incidental Records","Terry Reis Incidental Records","02-09-2022","02-09-2022","02-09-2022","Denny Road East Barron",-17.258127,145.570948,"GDA2020",50,1,"A",,"C",0
7171851,"44","Animalia","Chordata","Mammalia","Carnivora","Canidae","Canis familiaris (dingo)","dingo",1068,"Linnaeus, 1758",,,False,"QA","Incidental Records","Keith R. McDonalds Incidental Records","29-05-2022","29-05-2022","29-05-2022","RN150 Mather Rd, Yungaburra",-17.283598,145.578785,"GDA2020",50,1,"A",,"V",0
7172204,"54","Animalia","Chordata","Mammalia","Carnivora","Canidae","Canis familiaris (dingo)","dingo",1068,"Linnaeus, 1758",,,False,"QA","Incidental Records","Keith R. McDonalds Incidental Records","24-06-2022","24-06-2022","24-06-2022","RN150 Mather Road.",-17.283598,145.578785,"GDA2020",50,2,"A",,"V",0
7171843,"36","Animalia","Chordata","Mammalia","Carnivora","Canidae","Canis familiaris (dingo)","dingo",1068,"Linnaeus, 1758",,,False,"QA","Incidental Records","Keith R. McDonalds Incidental Records","26-05-2022","26-05-2022","26-05-2022","RN150 Mather Rd, Yungaburra",-17.283598,145.578785,"GDA2020",50,2,"A",,"V",0
7172868,"38","Animalia","Chordata","Mammalia","Carnivora","Canidae","Canis familiaris (dingo)","dingo",1068,"Linnaeus, 1758",,,False,"QA","Incidental Records","Terry Reis Incidental Records","01-04-2022","01-04-2022","01-04-2022","Denny Road East Barron",-17.258127,145.570948,"GDA2020",20,1,"A",,"C",0
7179193,"10830","Animalia","Chordata","Mammalia","Carnivora","Canidae","Canis familiaris (dingo)","dingo",1068,"Linnaeus, 1758",,,False,"QA","Rod Hobson's wildlife data","Rod Hobson's incidental records","20-06-1997","20-06-1997","20-06-1997","beach nr. mouth Semaphore Creek, K'gari, Great Sandy National Park SEQ",-25.794343,153.073764,"GDA2020",100,1,"A",,"C",0
7300350,"19568","Animalia","Chordata","Mammalia","Carnivora","Canidae","Canis familiaris (dingo)","dingo",1068,"Linnaeus, 1758",,,False,"QA","Rod Hobson's wildlife data","Rod Hobson's incidental records","23-02-2023","23-02-2023","23-02-2023","cottage, ""Highwoods"", Loves Road, Jimbour SEQ",-26.896393,151.283884,"GDA2020",150,,,,"C",0
7304447,,"Animalia","Chordata","Mammalia","Carnivora","Canidae","Canis familiaris (dingo)","dingo",1068,"Linnaeus, 1758",,,False,"QA","Harry Hines fauna data","Harry Hines miscellaneous survey data","22-06-2022","22-06-2022","22-06-2022","Ocean Lake, K'gari (Fraser Island) section of Great Sandy National Park, SEQ.",-24.926246,153.276007,"GDA2020",400,,,,"C",0
7304578,,"Animalia","Chordata","Mammalia","Carnivora","Canidae","Canis familiaris (dingo)","dingo",1068,"Linnaeus, 1758",,,False,"QA","Astrebla National Park","Spotlighting Transects","18-06-2023",,"18-06-2023","Kite Drive Site visit 3215 Placemark 13",-24.241515,140.563744,"GDA2020",50,1,"A",,"U",0
7304584,,"Animalia","Chordata","Mammalia","Carnivora","Canidae","Canis familiaris (dingo)","dingo",1068,"Linnaeus, 1758",,,False,"QA","Astrebla National Park","Spotlighting Transects","13-06-2023",,"13-06-2023","Backwards Creek No site visit No. Placemark 4",-24.353883,140.644545,"GDA2020",50,1,"A",,"U",0
7304585,,"Animalia","Chordata","Mammalia","Carnivora","Canidae","Canis familiaris (dingo)","dingo",1068,"Linnaeus, 1758",,,False,"QA","Astrebla National Park","Spotlighting Transects","13-06-2023",,"13-06-2023","Backwards Creek No site visit No.  Placemark 5",-24.343401,140.641805,"GDA2020",50,1,"A",,"U",0
7304593,,"Animalia","Chordata","Mammalia","Carnivora","Canidae","Canis familiaris (dingo)","dingo",1068,"Linnaeus, 1758",,,False,"QA","Astrebla National Park","Spotlighting Transects","14-06-2023",,"14-06-2023","Not on transect Placemark 12",-24.396312,140.551201,"GDA2020",2000,3,"A",,"U",0
7304594,,"Animalia","Chordata","Mammalia","Carnivora","Canidae","Canis familiaris (dingo)","dingo",1068,"Linnaeus, 1758",,,False,"QA","Astrebla National Park","Spotlighting Transects","14-06-2023",,"14-06-2023"," Warra Creek No site visit info.Placemark 14",-24.396312,140.551201,"GDA2020",2000,1,"A",,"U",0
7304615,,"Animalia","Chordata","Mammalia","Carnivora","Canidae","Canis familiaris (dingo)","dingo",1068,"Linnaeus, 1758",,,False,"QA","Astrebla National Park","Spotlighting Transects","17-06-2023",,"17-06-2023","Placemark37 Site 702 Visit 3266",-24.235234,140.512553,"GDA2020",50,2,"A",,"U",0
7304617,,"Animalia","Chordata","Mammalia","Carnivora","Canidae","Canis familiaris (dingo)","dingo",1068,"Linnaeus, 1758",,,False,"QA","Astrebla National Park","Spotlighting Transects","17-06-2023",,"17-06-2023","Placemark 39 Site 702 Visit 3266",-24.209272,140.452371,"GDA2020",50,1,"A",,"U",0
7304640,,"Animalia","Chordata","Mammalia","Carnivora","Canidae","Canis familiaris (dingo)","dingo",1068,"Linnaeus, 1758",,,False,"QA","Astrebla National Park","Spotlighting Transects","12-06-2023",,"12-06-2023","Barracks",-24.117331,140.522276,"GDA2020",50,1,"A",,"U",0
7304641,,"Animalia","Chordata","Mammalia","Carnivora","Canidae","Canis familiaris (dingo)","dingo",1068,"Linnaeus, 1758",,,False,"QA","Astrebla National Park","Spotlighting Transects","12-06-2023",,"12-06-2023","Barracks",-24.117331,140.522276,"GDA2020",50,1,"A",,"U",0
7304647,,"Animalia","Chordata","Mammalia","Carnivora","Canidae","Canis familiaris (dingo)","dingo",1068,"Linnaeus, 1758",,,False,"QA","Astrebla National Park","Spotlighting Transects","19-06-2023",,"19-06-2023","Placemark 66 Site 703 Visit 3290",-24.380300,140.645943,"GDA2020",50,1,"A",,"U",0
7304648,,"Animalia","Chordata","Mammalia","Carnivora","Canidae","Canis familiaris (dingo)","dingo",1068,"Linnaeus, 1758",,,False,"QA","Astrebla National Park","Spotlighting Transects","19-06-2023",,"19-06-2023","Placemark 65 Site 703 Visit 3290",-24.380709,140.645895,"GDA2020",50,1,"A",,"U",0
7304649,,"Animalia","Chordata","Mammalia","Carnivora","Canidae","Canis familiaris (dingo)","dingo",1068,"Linnaeus, 1758",,,False,"QA","Astrebla National Park","Spotlighting Transects","19-06-2023",,"19-06-2023","Placemark 64 iNCIDENTAL - NOT ON TRANSECT",-24.249369,140.569621,"GDA2020",50,1,"A",,"U",0
7304654,,"Animalia","Chordata","Mammalia","Carnivora","Canidae","Canis familiaris (dingo)","dingo",1068,"Linnaeus, 1758",,,False,"QA","Astrebla National Park","Spotlighting Transects","14-06-2023",,"14-06-2023","Warra Creek",-24.391386,140.538105,"GDA2020",50,1,"A",,"U",0
7300402,"19663","Animalia","Chordata","Mammalia","Carnivora","Canidae","Canis familiaris (dingo)","dingo",1068,"Linnaeus, 1758",,,False,"QA","Rod Hobson's wildlife data","Rod Hobson's incidental records","02-03-2023","02-03-2023","02-03-2023","""Como"", Old Homebush Road, Cawdor SEQ",-27.461041,151.899348,"GDA2020",100,1,"A",,"C",0
7239060,,"Animalia","Chordata","Mammalia","Carnivora","Canidae","Canis familiaris (dingo)","dingo",1068,"Linnaeus, 1758",,,False,"QA","Idalia National Park","Incidental records Idalia NP","09-09-2020",,"09-09-2020","22 km south of Idalia house",-25.075792,144.730896,"GDA2020",100,1,"A",,"U",0
7182433,,"Animalia","Chordata","Mammalia","Carnivora","Canidae","Canis familiaris (dingo)","dingo",1068,"Linnaeus, 1758",,,False,"QA","Harry Hines fauna data","Harry Hines miscellaneous survey data","27-09-2021","29-09-2021","27-09-2021","Koala Dam, Western arm of Paterson Creek, western block of Narkoola National Park, between Bollon and Cunnamulla, SWQ.",-28.026709,147.030201,"GDA2020",300,,,,"C",0
7183156,,"Animalia","Chordata","Mammalia","Carnivora","Canidae","Canis familiaris (dingo)","dingo",1068,"Linnaeus, 1758",,,False,"QA","Harry Hines fauna data","Harry Hines incidental records","17-06-2022","17-06-2022","17-06-2022","Eastern beach south of Tukkee (Indian Head), K'gari (Fraser Island), SEQ.",-25.059987,153.335562,"GDA2020",100,1,"A",,"C",0
7299800,"15436","Animalia","Chordata","Mammalia","Carnivora","Canidae","Canis familiaris (dingo)","dingo",1068,"Linnaeus, 1758",,,False,"QA","Rod Hobson's wildlife data","Rod Hobson's incidental records","08-12-2003","08-12-2003","08-12-2003","Crows Nest National Park (Perseverance Section), Grapetree SEQ",-27.311552,152.116087,"GDA2020",150,1,"A",,"C",0
7304107,,"Animalia","Chordata","Mammalia","Carnivora","Canidae","Canis familiaris (dingo)","dingo",1068,"Linnaeus, 1758",,,False,"QA","Harry Hines fauna data","Harry Hines incidental records","23-06-2022","23-06-2022","23-06-2022","Moon Point Road near Moon Point, K'gari (Fraser Island) section of Great Sandy National Park, SEQ.",-25.217454,153.054935,"GDA2020",25,,,,"C",0
7304425,,"Animalia","Chordata","Mammalia","Carnivora","Canidae","Canis familiaris (dingo)","dingo",1068,"Linnaeus, 1758",,,False,"QA","Harry Hines fauna data","Harry Hines miscellaneous survey data","22-06-2022","22-06-2022","22-06-2022","Mouth of Orange Ck, K'gari (Fraser Island) section of Great Sandy National Park, SEQ.",-24.914481,153.276511,"GDA2020",250,1,"A",,"C",0
7256637,"33","Animalia","Chordata","Mammalia","Carnivora","Canidae","Canis familiaris (dingo)","dingo",1068,"Linnaeus, 1758",,,False,"QA","Incidental Records","Ty-Gwyn Incidental Records","08-02-2023","08-02-2023","08-02-2023","Chilverton, 'Ty-Gwyn', 12063 Kennedy Hwy, 300 m south of Sluice Creek Road, Atherton/Evelyn Tablelands",-17.541697,145.519248,"GDA2020",300,1,"A",,"C",0
7331557,,"Animalia","Chordata","Mammalia","Carnivora","Canidae","Canis familiaris (dingo)","dingo",1068,"Linnaeus, 1758",,,False,"QA","Harry Hines fauna data","Harry Hines miscellaneous survey data","18-06-2023","23-06-2023","18-06-2023","Bool Ck, K'gari (Fraser Island) section of Great Sandy National Park, SEQ.",-24.745684,153.176535,"GDA2020",250,,,,"C",0
7304232,,"Animalia","Chordata","Mammalia","Carnivora","Canidae","Canis familiaris (dingo)","dingo",1068,"Linnaeus, 1758",,,False,"QA","Harry Hines fauna data","Harry Hines incidental records","18-06-2022","18-06-2022","18-06-2022","Southwestern shore of Lake Minker, northwest of Orchid Beach, K'gari (Fraser Island) section of Great Sandy National Park, SEQ.",-24.899129,153.232628,"GDA2020",25,,,,"C",0
7304339,,"Animalia","Chordata","Mammalia","Carnivora","Canidae","Canis familiaris (dingo)","dingo",1068,"Linnaeus, 1758",,,False,"QA","Harry Hines fauna data","Harry Hines incidental records","20-06-2022","20-06-2022","20-06-2022","Near Lake Wanhar, northwest of Orchid Beach, K'gari (Fraser Island) section of Great Sandy National Park, SEQ.",-24.840310,153.221912,"GDA2020",25,,,,"C",0
7322573,"16603","Animalia","Chordata","Mammalia","Carnivora","Canidae","Canis familiaris (dingo)","dingo",1068,"Linnaeus, 1758",,,False,"QA","Rod Hobson's wildlife data","Rod Hobson's incidental records","20-04-2007","20-04-2007","20-04-2007","Alligator Creek Section, Bowling Green Bay National Park NQ",-19.435554,146.946279,"GDA2020",200,,,,"C",0
7333631,,"Animalia","Chordata","Mammalia","Carnivora","Canidae","Canis familiaris (dingo)","dingo",1068,"Linnaeus, 1758",,,False,"QA","QPWS incidental fauna data","Sightings from Survey123 app","23-05-2023","23-05-2023","23-05-2023","LSRF Canungra Creek health check site, northern section, Lamington National Park, southwest of Beechmont, SEQ.",-28.146119,153.133142,"GDA2020",100,1,"A",,"C",0
7322865,"16895","Animalia","Chordata","Mammalia","Carnivora","Canidae","Canis familiaris (dingo)","dingo",1068,"Linnaeus, 1758",,,False,"QA","Rod Hobson's wildlife data","Rod Hobson's incidental records","24-04-2007","24-04-2007","24-04-2007","Davies Creek, Dinden National Park NQ",-17.004565,145.570123,"GDA2020",100,,,,"C",0
7328275,"34","Animalia","Chordata","Mammalia","Carnivora","Canidae","Canis familiaris (dingo)","dingo",1068,"Linnaeus, 1758",,,False,"QA","Incidental Records","QPWS Cairns South team records","15-12-2022","15-12-2022","15-12-2022","Buddabadoo Track (Little Pine Creek), Malbon Thompson Forest Reserve",-16.994697,145.829308,"GDA2020",5,2,"A",,"C",0
7323013,"17043","Animalia","Chordata","Mammalia","Carnivora","Canidae","Canis familiaris (dingo)","dingo",1068,"Linnaeus, 1758",,,False,"QA","Rod Hobson's wildlife data","Rod Hobson's incidental records","21-04-2023","21-04-2023","21-04-2023","Wooroolin Wetlands, Wooroolin SQ",-26.412666,151.828765,"GDA2020",200,1,"A",,"C",0
7326021,"20268","Animalia","Chordata","Mammalia","Carnivora","Canidae","Canis familiaris (dingo)","dingo",1068,"Linnaeus, 1758",,,False,"QA","Rod Hobson's wildlife data","Rod Hobson's incidental records","14-08-2023","14-08-2023","14-08-2023","property dam, 83 Smoothy Road, Groomsville SEQ",-27.338497,151.935386,"GDA2020",25,1,"A",,"C",0
7326588,"20745","Animalia","Chordata","Mammalia","Carnivora","Canidae","Canis familiaris (dingo)","dingo",1068,"Linnaeus, 1758",,,False,"QA","Rod Hobson's wildlife data","Rod Hobson's incidental records","21-09-2023","21-09-2023","21-09-2023","Site 6, Bringalily State Forest, Canning Creek SEQ",-28.184377,151.160036,"GDA2020",200,1,"A",,"C",0
7333291,,"Animalia","Chordata","Mammalia","Carnivora","Canidae","Canis familiaris (dingo)","dingo",1068,"Linnaeus, 1758",,,False,"QA","QPWS incidental fauna data","Sightings from Survey123 app","31-03-2023","31-03-2023","31-03-2023","Razorback track, Kroombit Tops National Park, southwest of Gladstone, SEQ.",-24.384956,150.953558,"GDA2020",20,1,"A",,"C",0
7326756,"20914","Animalia","Chordata","Mammalia","Carnivora","Canidae","Canis familiaris (dingo)","dingo",1068,"Linnaeus, 1758",,,False,"QA","Rod Hobson's wildlife data","Rod Hobson's incidental records","01-08-2023","01-08-2023","01-08-2023","Morgan Park Conservation Park, Warwick SEQ",-28.267747,152.042156,"GDA2020",50,8,"E",,"C",0
7328055,"89","Animalia","Chordata","Mammalia","Carnivora","Canidae","Canis familiaris (dingo)","dingo",1068,"Linnaeus, 1758",,,False,"QA","Incidental Records","Keith R. McDonalds Incidental Records","22-07-2023","22-07-2023","22-07-2023","RN150 Mather Rd, Yungaburra",-17.283876,145.579091,"GDA2020",100,1,"A",,"V",0
7333449,,"Animalia","Chordata","Mammalia","Carnivora","Canidae","Canis familiaris (dingo)","dingo",1068,"Linnaeus, 1758",,,False,"QA","QPWS incidental fauna data","Sightings from Survey123 app","19-04-2023","19-04-2023","19-04-2023","Tableland Rd, Kroombit Tops National Park, southwest of Gladstone, SEQ.",-24.422367,150.993114,"GDA2020",50,1,"A",,"C",0
7333450,,"Animalia","Chordata","Mammalia","Carnivora","Canidae","Canis familiaris (dingo)","dingo",1068,"Linnaeus, 1758",,,False,"QA","QPWS incidental fauna data","Sightings from Survey123 app","19-04-2023","19-04-2023","19-04-2023","Tableland Rd, Kroombit Tops National Park, southwest of Gladstone, SEQ.",-24.422367,150.993114,"GDA2020",50,1,"A",,"C",0
7333851,,"Animalia","Chordata","Mammalia","Carnivora","Canidae","Canis familiaris (dingo)","dingo",1068,"Linnaeus, 1758",,,False,"QA","QPWS incidental fauna data","Sightings from Survey123 app","29-06-2023","29-06-2023","29-06-2023","Southwestern section of Mariala National Park, east of Adavale, SCQ.",-26.088569,145.045325,"GDA2020",10,,,,"C",0
7333911,,"Animalia","Chordata","Mammalia","Carnivora","Canidae","Canis familiaris (dingo)","dingo",1068,"Linnaeus, 1758",,,False,"QA","QPWS incidental fauna data","Sightings from Survey123 app","30-06-2023","30-06-2023","30-06-2023","Western boundary, southern section of Mariala National Park, east of Adavale, SCQ.",-25.990132,144.992572,"GDA2020",50,,,,"C",0
7333869,,"Animalia","Chordata","Mammalia","Carnivora","Canidae","Canis familiaris (dingo)","dingo",1068,"Linnaeus, 1758",,,False,"QA","QPWS incidental fauna data","Sightings from Survey123 app","30-06-2023","30-06-2023","30-06-2023","About 1.3km north of Escarpment Day Use Area, southern section of Mariala National Park, east of Adavale, SCQ.",-26.062001,145.068257,"GDA2020",100,,,,"C",0
7334097,,"Animalia","Chordata","Mammalia","Carnivora","Canidae","Canis familiaris (dingo)","dingo",1068,"Linnaeus, 1758",,,False,"QA","QPWS incidental fauna data","Sightings from Survey123 app","28-03-2023","28-03-2023","28-03-2023","Tableland Road, south of barracks, Kroombit Tops National Park, SEQ.",-24.360443,150.964004,"GDA2020",10,,,,"C",0
9041999,,"Animalia","Chordata","Mammalia","Carnivora","Canidae","Canis familiaris (dingo)","dingo",1068,"Linnaeus, 1758",,,False,"QA","Department of Transport and Main Roads Wildlife Records","Mackay Port Access Flora and Fauna 2019","23-09-2024","29-11-2024","23-09-2024","Bassett Basin, mangrove areas east of Mackay Port, south of the railway line from east of Glenpark Street bridge to Harbour Road",-21.109337,149.191077,"GDA2020",1300,1,"E",,"C",0
9044700,,"Animalia","Chordata","Mammalia","Carnivora","Canidae","Canis familiaris (dingo)","dingo",1068,"Linnaeus, 1758",,,False,"QA","Incidental Records","Keith R. McDonalds Incidental Records","05-03-2024",,"05-03-2024","Blackbraes N.P., near rangerbase.",-19.536944,144.204444,"GDA2020",50,1,"A",,"V",0
9044873,,"Animalia","Chordata","Mammalia","Carnivora","Canidae","Canis familiaris (dingo)","dingo",1068,"Linnaeus, 1758",,,False,"QA","Incidental Records","Keith R. McDonalds Incidental Records","07-01-2025",,"07-01-2025","Blackbraes N.P., track to Blackbraes Lookout.",-19.549444,144.233333,"GDA2020",100,2,"A",,"V",0
