WN sighting Id,Provider sighting Id,Kingdom,Phylum,Class,Order,Family,Scientific name,Common name,Taxon Id,Taxon author,NCA,EPBC,Conservation significant,Establishment,Source,Project,Start date,End date,Sighting date,Locality,Latitude,Longitude,Datum,Precision,Count,Count type,Extralimital,Vetting,Restricted record
785665,,"Animalia","Chordata","Mammalia","Carnivora","Felidae","Felis catus","cat",1056,"Linnaeus, 1758",,,False,"II","NatureSearch 1","NatureSearch Records","07-07-1992","07-07-1992","07-07-1992","Northern edge of dam wall of Wivenhoe Dam, and adjacent shoreline.",-27.390061,152.609412,"GDA2020",1300,1,"A",,"C",0
789621,,"Animalia","Chordata","Mammalia","Carnivora","Felidae","Felis catus","cat",1056,"Linnaeus, 1758",,,False,"II","NatureSearch 1","NatureSearch Records","21-11-1992","21-11-1992","21-11-1992","Atkinson's Dam Road, approximately 300 metres East of Rocky Gully Road to Coominya",-27.406729,152.442748,"GDA2020",1300,1,"A",,"C",0
767863,,"Animalia","Chordata","Mammalia","Carnivora","Felidae","Felis catus","cat",1056,"Linnaeus, 1758",,,False,"II","NatureSearch 1","NatureSearch Records","23-08-1992","29-08-1992","23-08-1992","Woodend",-27.606726,152.759411,"GDA2020",1300,3,"A",,"C",0
818501,,"Animalia","Chordata","Mammalia","Carnivora","Felidae","Felis catus","cat",1056,"Linnaeus, 1758",,,False,"II","NatureSearch 1","NatureSearch Records","01-12-1992","31-12-1992","01-12-1992","No locality provided, Caloundra",-26.856727,152.892736,"GDA2020",1300,1,"A",,"U",0
789557,,"Animalia","Chordata","Mammalia","Carnivora","Felidae","Felis catus","cat",1056,"Linnaeus, 1758",,,False,"II","NatureSearch 1","NatureSearch Records","21-11-1992","21-11-1992","21-11-1992","Clarendon Road, approximately 800 metres east of Coominya Connection.",-27.423395,152.492747,"GDA2020",1300,1,"A",,"C",0
805963,,"Animalia","Chordata","Mammalia","Carnivora","Felidae","Felis catus","cat",1056,"Linnaeus, 1758",,,False,"II","NatureSearch 1","NatureSearch Records","01-02-1993","28-02-1993","01-02-1993","No locality provided, Brisbane",-27.506724,153.076072,"GDA2020",1300,1,"A",,"U",0
700985,"10409","Animalia","Chordata","Mammalia","Carnivora","Felidae","Felis catus","cat",1056,"Linnaeus, 1758",,,False,"II","Southeast Region Fauna Database","SE_FAUNA","17-04-1991","17-04-1991","17-04-1991","Site 39; CONONDALE RANGE",-26.666452,152.611628,"GDA2020",150,1,"A",,"C",0
749286,,"Animalia","Chordata","Mammalia","Carnivora","Felidae","Felis catus","cat",1056,"Linnaeus, 1758",,,False,"II","NatureSearch 1","NatureSearch Records","01-01-1989","31-12-1991","01-01-1989","Lot 3 Bunneys Lane, Kin Kin.",-26.240062,152.892730,"GDA2020",1300,2,"A",,"C",0
762799,,"Animalia","Chordata","Mammalia","Carnivora","Felidae","Felis catus","cat",1056,"Linnaeus, 1758",,,False,"II","NatureSearch 1","NatureSearch Records","26-05-1992","26-05-1992","26-05-1992","Adjacent to airport, alongside drain from sewage plant",-26.606726,153.076064,"GDA2020",1300,,,,"C",0
779170,,"Animalia","Chordata","Mammalia","Carnivora","Felidae","Felis catus","cat",1056,"Linnaeus, 1758",,,False,"II","NatureSearch 1","NatureSearch Records","23-07-1992","23-07-1992","23-07-1992","Spillway Channel area, Wivenhoe Dam.",-27.406728,152.626078,"GDA2020",1300,,,,"C",0
781972,,"Animalia","Chordata","Mammalia","Carnivora","Felidae","Felis catus","cat",1056,"Linnaeus, 1758",,,False,"II","NatureSearch 1","NatureSearch Records","21-08-1992","21-08-1992","21-08-1992","Start of the track leading into White Rock Mountain.",-27.690059,152.859410,"GDA2020",1300,,,,"C",0
769825,,"Animalia","Chordata","Mammalia","Carnivora","Felidae","Felis catus","cat",1056,"Linnaeus, 1758",,,False,"II","NatureSearch 1","NatureSearch Records","04-07-1992","05-07-1992","04-07-1992","No locality provided, Maroochy",-26.723393,153.042733,"GDA2020",1300,1,"A",,"C",0
768797,,"Animalia","Chordata","Mammalia","Carnivora","Felidae","Felis catus","cat",1056,"Linnaeus, 1758",,,False,"II","NatureSearch 1","NatureSearch Records","01-09-1992","30-09-1992","01-09-1992","No locality provided, Caloundra",-26.856727,152.892736,"GDA2020",1300,1,"A",,"C",0
869195,,"Animalia","Chordata","Mammalia","Carnivora","Felidae","Felis catus","cat",1056,"Linnaeus, 1758",,,False,"II","NatureSearch 1","NatureSearch Records","05-07-1993","05-07-1993","05-07-1993","No locality provided, Caboolture",-27.073391,153.176067,"GDA2020",1300,,,,"U",0
772559,,"Animalia","Chordata","Mammalia","Carnivora","Felidae","Felis catus","cat",1056,"Linnaeus, 1758",,,False,"II","NatureSearch 1","NatureSearch Records","02-11-1992","06-11-1992","02-11-1992","Moffat Beach, Caloundra",-26.790059,153.142732,"GDA2020",1300,1,"A",,"C",0
792552,,"Animalia","Chordata","Mammalia","Carnivora","Felidae","Felis catus","cat",1056,"Linnaeus, 1758",,,False,"II","NatureSearch 1","NatureSearch Records","01-12-1992","31-12-1992","01-12-1992","No locality provided, Ipswich",-27.606726,152.759411,"GDA2020",1300,4,"A",,"C",0
769965,,"Animalia","Chordata","Mammalia","Carnivora","Felidae","Felis catus","cat",1056,"Linnaeus, 1758",,,False,"II","NatureSearch 1","NatureSearch Records","10-10-1992","10-10-1992","10-10-1992","Heath Island, Moreton Island",-27.023389,153.426062,"GDA2020",1300,2,"A",,"C",0
697558,"7684","Animalia","Chordata","Mammalia","Carnivora","Felidae","Felis catus","cat",1056,"Linnaeus, 1758",,,False,"II","Southeast Region Fauna Database","SE_FAUNA","01-02-1994","01-02-1994","01-02-1994","MURPHY'S CREEK",-27.473398,152.080255,"GDA2020",300,,,,"U",0
769870,,"Animalia","Chordata","Mammalia","Carnivora","Felidae","Felis catus","cat",1056,"Linnaeus, 1758",,,False,"II","NatureSearch 1","NatureSearch Records","01-11-1992","01-11-1992","01-11-1992","No locality provided, Brisbane",-27.623391,153.059407,"GDA2020",1300,1,"A",,"C",0
770756,,"Animalia","Chordata","Mammalia","Carnivora","Felidae","Felis catus","cat",1056,"Linnaeus, 1758",,,False,"II","NatureSearch 1","NatureSearch Records","20-08-1992","21-08-1992","20-08-1992","No locality provided, Maroochy",-26.723393,153.026066,"GDA2020",1300,3,"A",,"C",0
885202,,"Animalia","Chordata","Mammalia","Carnivora","Felidae","Felis catus","cat",1056,"Linnaeus, 1758",,,False,"II","NatureSearch 1","NatureSearch Records","01-01-1993","31-01-1993","01-01-1993","No locality provided, Ipswich",-27.606726,152.759411,"GDA2020",1300,1,"A",,"U",0
807299,,"Animalia","Chordata","Mammalia","Carnivora","Felidae","Felis catus","cat",1056,"Linnaeus, 1758",,,False,"II","NatureSearch 1","NatureSearch Records","22-11-1992","26-11-1992","22-11-1992","No locality provided, Laidley",-27.723396,152.309420,"GDA2020",1300,2,"A",,"U",0
820694,,"Animalia","Chordata","Mammalia","Carnivora","Felidae","Felis catus","cat",1056,"Linnaeus, 1758",,,False,"II","NatureSearch 1","NatureSearch Records","03-03-1993","03-03-1993","03-03-1993","Bribie Island",-27.090058,153.176067,"GDA2020",1300,1,"A",,"U",0
758234,,"Animalia","Chordata","Mammalia","Carnivora","Felidae","Felis catus","cat",1056,"Linnaeus, 1758",,,False,"II","NatureSearch 1","NatureSearch Records","25-06-1992","25-06-1992","25-06-1992","Kilcoy-Jimna Road, creek on Jimna side of sawmill.",-26.756730,152.476075,"GDA2020",1300,,,,"C",0
843289,,"Animalia","Chordata","Mammalia","Carnivora","Felidae","Felis catus","cat",1056,"Linnaeus, 1758",,,False,"II","NatureSearch 1","NatureSearch Records","02-01-1993","02-01-1993","02-01-1993","ROAD ADJOINING PALMWOODS & MONTVILLE.",-26.690060,152.909401,"GDA2020",1300,1,"A",,"U",0
812629,,"Animalia","Chordata","Mammalia","Carnivora","Felidae","Felis catus","cat",1056,"Linnaeus, 1758",,,False,"II","NatureSearch 1","NatureSearch Records","30-03-1993","30-03-1993","30-03-1993","0.3km south of Mount Alford-Moogera road on Dwyer Ridges Road (to Carney's Creek).",-28.073393,152.592751,"GDA2020",1300,1,"A",,"U",0
838462,,"Animalia","Chordata","Mammalia","Carnivora","Felidae","Felis catus","cat",1056,"Linnaeus, 1758",,,False,"II","NatureSearch 1","NatureSearch Records","01-01-1990","31-12-1992","01-01-1990","WEST CORNUBIA (LOT 403 & PORTION 238) NORTH HILL (HIDAWAY MOUNTAIN STAGE 5)",-27.656723,153.226071,"GDA2020",1300,,,,"U",0
847697,,"Animalia","Chordata","Mammalia","Carnivora","Felidae","Felis catus","cat",1056,"Linnaeus, 1758",,,False,"II","NatureSearch 1","NatureSearch Records","19-11-1992","19-11-1992","19-11-1992","STEEP,WINDING RD. ADJOINING PALMWOODS & MONTVILLE",-26.690060,152.909401,"GDA2020",1300,1,"A",,"U",0
696463,"8916","Animalia","Chordata","Mammalia","Carnivora","Felidae","Felis catus","cat",1056,"Linnaeus, 1758",,,False,"II","Southeast Region Fauna Database","SE_FAUNA","06-01-1997","06-01-1997","06-01-1997","EIS SITE; CAROLE PARK INDUSTRIAL ESTATE",-27.631725,152.934409,"GDA2020",2000,,,,"U",0
868122,,"Animalia","Chordata","Mammalia","Carnivora","Felidae","Felis catus","cat",1056,"Linnaeus, 1758",,,False,"II","NatureSearch 1","NatureSearch Records","01-01-1987","30-06-1993","01-01-1987","Wild Mountains, Lever's Plateau.",-28.306724,152.859416,"GDA2020",1300,,,,"U",0
696158,"9216","Animalia","Chordata","Mammalia","Carnivora","Felidae","Felis catus","cat",1056,"Linnaeus, 1758",,,False,"II","Southeast Region Fauna Database","SE_FAUNA","21-04-1997","21-04-1997","21-04-1997","POINT LOOKOUT; NORTH STRADBROOK",-27.435609,153.545509,"GDA2020",100,3,"A",,"C",0
932283,,"Animalia","Chordata","Mammalia","Carnivora","Felidae","Felis catus","cat",1056,"Linnaeus, 1758",,,False,"II","NatureSearch 1","NatureSearch Records","01-07-1993","31-07-1993","01-07-1993","No locality provided, Ipswich",-27.606726,152.759411,"GDA2020",1300,7,"A",,"U",0
881158,,"Animalia","Chordata","Mammalia","Carnivora","Felidae","Felis catus","cat",1056,"Linnaeus, 1758",,,False,"II","NatureSearch 1","NatureSearch Records","08-07-1993","21-08-1993","08-07-1993","No locality provided, Esk",-26.540066,152.226077,"GDA2020",1300,1,"A",,"U",0
870560,,"Animalia","Chordata","Mammalia","Carnivora","Felidae","Felis catus","cat",1056,"Linnaeus, 1758",,,False,"II","NatureSearch 1","NatureSearch Records","07-12-1992","18-12-1992","07-12-1992","No locality provided, Laidley",-27.540062,152.442749,"GDA2020",1300,30,"A",,"U",0
891203,,"Animalia","Chordata","Mammalia","Carnivora","Felidae","Felis catus","cat",1056,"Linnaeus, 1758",,,False,"II","NatureSearch 1","NatureSearch Records","22-06-1992","11-08-1992","22-06-1992","little liverpool range.",-27.623394,152.526082,"GDA2020",1300,,,,"C",0
747163,,"Animalia","Chordata","Mammalia","Carnivora","Felidae","Felis catus","cat",1056,"Linnaeus, 1758",,,False,"II","NatureSearch 1","NatureSearch Records","03-06-1992","03-06-1992","03-06-1992","Boondall wetlands",-27.340058,153.076070,"GDA2020",1300,1,"A",,"C",0
889945,,"Animalia","Chordata","Mammalia","Carnivora","Felidae","Felis catus","cat",1056,"Linnaeus, 1758",,,False,"II","NatureSearch 1","NatureSearch Records","30-08-1993","30-10-1993","30-08-1993","23 Bertrand Ave, Hattonvale",-27.523395,152.459416,"GDA2020",1300,9,"A",,"U",0
889905,,"Animalia","Chordata","Mammalia","Carnivora","Felidae","Felis catus","cat",1056,"Linnaeus, 1758",,,False,"II","NatureSearch 1","NatureSearch Records","01-06-1992","30-06-1993","01-06-1992","No locality provided, Esk",-27.390061,152.559413,"GDA2020",1300,8,"A",,"U",0
802380,,"Animalia","Chordata","Mammalia","Carnivora","Felidae","Felis catus","cat",1056,"Linnaeus, 1758",,,False,"II","NatureSearch 1","NatureSearch Records","13-09-1992","02-12-1992","13-09-1992","Lot 6 Schulz Road, Narangba.",-27.173393,152.909405,"GDA2020",1300,1,"A",,"U",0
797345,,"Animalia","Chordata","Mammalia","Carnivora","Felidae","Felis catus","cat",1056,"Linnaeus, 1758",,,False,"II","NatureSearch 1","NatureSearch Records","17-11-1992","17-11-1992","17-11-1992","Willawong liquid waste treatment plant, Sherbrooke Road, Willawong.",-27.606725,152.992741,"GDA2020",1300,1,"A",,"U",0
932418,,"Animalia","Chordata","Mammalia","Carnivora","Felidae","Felis catus","cat",1056,"Linnaeus, 1758",,,False,"II","NatureSearch 1","NatureSearch Records","01-06-1991","30-06-1992","01-06-1991","Gold Scrub, Nth Pine Dam - Samford-Dayboro Rd to Samsonvale Cemetery.",-27.273393,152.859407,"GDA2020",1300,,,,"U",0
910032,,"Animalia","Chordata","Mammalia","Carnivora","Felidae","Felis catus","cat",1056,"Linnaeus, 1758",,,False,"II","NatureSearch 1","NatureSearch Records","24-03-1994","25-03-1994","24-03-1994","STATE FOREST. COMPT 5A",-26.956727,152.892737,"GDA2020",1300,2,"A",,"U",0
797235,,"Animalia","Chordata","Mammalia","Carnivora","Felidae","Felis catus","cat",1056,"Linnaeus, 1758",,,False,"II","NatureSearch 1","NatureSearch Records","21-08-1992","22-08-1992","21-08-1992","Denmark Hill Environmental Park.",-27.623393,152.759411,"GDA2020",1300,,,,"U",0
928613,,"Animalia","Chordata","Mammalia","Carnivora","Felidae","Felis catus","cat",1056,"Linnaeus, 1758",,,False,"II","NatureSearch 1","NatureSearch Records","20-12-1993","20-12-1993","20-12-1993","No locality provided, Caboolture",-27.056724,153.192733,"GDA2020",1300,1,"A",,"U",0
930351,,"Animalia","Chordata","Mammalia","Carnivora","Felidae","Felis catus","cat",1056,"Linnaeus, 1758",,,False,"II","NatureSearch 1","NatureSearch Records","01-03-1991","31-03-1991","01-03-1991","ANDERSEN'S RD, HELIDON",-27.523398,152.126088,"GDA2020",1300,1,"A",,"U",0
930439,,"Animalia","Chordata","Mammalia","Carnivora","Felidae","Felis catus","cat",1056,"Linnaeus, 1758",,,False,"II","NatureSearch 1","NatureSearch Records","01-04-1993","30-04-1993","01-04-1993","Gatton campus, University of Queensland",-27.556729,152.342751,"GDA2020",1300,15,"E",,"U",0
931217,,"Animalia","Chordata","Mammalia","Carnivora","Felidae","Felis catus","cat",1056,"Linnaeus, 1758",,,False,"II","NatureSearch 1","NatureSearch Records","01-03-1993","01-03-1993","01-03-1993","No locality provided, Noosa",-26.456728,152.859400,"GDA2020",1300,1,"A",,"U",0
938883,,"Animalia","Chordata","Mammalia","Carnivora","Felidae","Felis catus","cat",1056,"Linnaeus, 1758",,,False,"II","NatureSearch 1","NatureSearch Records","07-10-1992","10-10-1992","07-10-1992","Middle Rd junction with Ocean Beach, Moreton Is (camp)",-27.156722,153.426063,"GDA2020",1300,1,"A",,"U",0
938806,,"Animalia","Chordata","Mammalia","Carnivora","Felidae","Felis catus","cat",1056,"Linnaeus, 1758",,,False,"II","NatureSearch 1","NatureSearch Records","08-10-1992","10-10-1992","08-10-1992","Middle Road, 0.7km inland from Ocean Beach, Moreton Island",-27.156722,153.426063,"GDA2020",1300,,,,"U",0
944598,,"Animalia","Chordata","Mammalia","Carnivora","Felidae","Felis catus","cat",1056,"Linnaeus, 1758",,,False,"II","NatureSearch 1","NatureSearch Records","01-02-1981","24-01-1994","01-02-1981","14 ACRES ON FRANKS LANE, WAMURAN.",-27.040060,152.876071,"GDA2020",1300,,,,"U",0
993005,,"Animalia","Chordata","Mammalia","Carnivora","Felidae","Felis catus","cat",1056,"Linnaeus, 1758",,,False,"II","NatureSearch 1","NatureSearch Records","09-03-1994","09-03-1994","09-03-1994","No locality provided, Caboolture",-27.073391,153.176067,"GDA2020",1300,1,"A",,"U",0
939087,,"Animalia","Chordata","Mammalia","Carnivora","Felidae","Felis catus","cat",1056,"Linnaeus, 1758",,,False,"II","NatureSearch 1","NatureSearch Records","11-10-1992","12-10-1992","11-10-1992","Bulwer Swamp, 1.5 km north of Cowan Cowan, Moreton Is.",-27.106723,153.376063,"GDA2020",1300,,,,"U",0
891260,,"Animalia","Chordata","Mammalia","Carnivora","Felidae","Felis catus","cat",1056,"Linnaeus, 1758",,,False,"II","NatureSearch 1","NatureSearch Records","22-06-1992","11-08-1992","22-06-1992","little liverpool range.",-27.606728,152.542748,"GDA2020",1300,,,,"C",0
944774,,"Animalia","Chordata","Mammalia","Carnivora","Felidae","Felis catus","cat",1056,"Linnaeus, 1758",,,False,"II","NatureSearch 1","NatureSearch Records","01-01-1988","31-12-1993","01-01-1988","No locality provided, Maroochy",-26.556728,152.876067,"GDA2020",1300,2,"A",,"U",0
900906,,"Animalia","Chordata","Mammalia","Carnivora","Felidae","Felis catus","cat",1056,"Linnaeus, 1758",,,False,"II","NatureSearch 1","NatureSearch Records","01-01-1993","31-01-1993","01-01-1993","No locality provided, Caloundra",-26.790062,152.709405,"GDA2020",1300,1,"A",,"U",0
998920,,"Animalia","Chordata","Mammalia","Carnivora","Felidae","Felis catus","cat",1056,"Linnaeus, 1758",,,False,"II","NatureSearch 1","NatureSearch Records","01-07-1994","01-07-1994","01-07-1994","No locality provided, Caboolture",-27.056724,153.192733,"GDA2020",1300,,,,"U",0
900926,,"Animalia","Chordata","Mammalia","Carnivora","Felidae","Felis catus","cat",1056,"Linnaeus, 1758",,,False,"II","NatureSearch 1","NatureSearch Records","01-03-1993","30-04-1993","01-03-1993","No locality provided, Caloundra",-26.790062,152.709405,"GDA2020",1300,1,"A",,"U",0
996774,,"Animalia","Chordata","Mammalia","Carnivora","Felidae","Felis catus","cat",1056,"Linnaeus, 1758",,,False,"II","NatureSearch 1","NatureSearch Records","18-05-1994","18-05-1994","18-05-1994","No locality provided, Caboolture",-27.056724,153.192733,"GDA2020",1300,1,"A",,"U",0
898456,,"Animalia","Chordata","Mammalia","Carnivora","Felidae","Felis catus","cat",1056,"Linnaeus, 1758",,,False,"II","NatureSearch 1","NatureSearch Records","24-01-1993","24-01-1993","24-01-1993","Woodlands State Forest",-27.606730,152.292753,"GDA2020",1300,1,"A",,"U",0
976449,,"Animalia","Chordata","Mammalia","Carnivora","Felidae","Felis catus","cat",1056,"Linnaeus, 1758",,,False,"II","NatureSearch 1","NatureSearch Records","13-12-1993","03-01-1994","13-12-1993","No locality provided, Caboolture",-27.073391,153.176067,"GDA2020",1300,1,"A",,"U",0
982257,,"Animalia","Chordata","Mammalia","Carnivora","Felidae","Felis catus","cat",1056,"Linnaeus, 1758",,,False,"II","NatureSearch 1","NatureSearch Records","07-10-1992","07-10-1992","07-10-1992","ROCKY SHORELINE AT NORTH POINT, MORETON ISLAND.",-27.023388,153.459395,"GDA2020",1300,5,"A",,"U",0
982321,,"Animalia","Chordata","Mammalia","Carnivora","Felidae","Felis catus","cat",1056,"Linnaeus, 1758",,,False,"II","NatureSearch 1","NatureSearch Records","11-10-1992","12-10-1992","11-10-1992","WOODLAND ADJACENT TO BULWER SWAMP, 1.5KM NORTH OF COWAN COWAN, MORETON ISLAND.",-27.106723,153.376063,"GDA2020",1300,,,,"U",0
981588,,"Animalia","Chordata","Mammalia","Carnivora","Felidae","Felis catus","cat",1056,"Linnaeus, 1758",,,False,"II","NatureSearch 1","NatureSearch Records","01-01-1992","01-08-1993","01-01-1992","Kimberley Park Forest, Logan City",-27.640056,153.176071,"GDA2020",1300,,,,"U",0
981996,,"Animalia","Chordata","Mammalia","Carnivora","Felidae","Felis catus","cat",1056,"Linnaeus, 1758",,,False,"II","NatureSearch 1","NatureSearch Records","01-01-1986","31-12-1992","01-01-1986","McKey Road, Crossdale",-27.206729,152.526078,"GDA2020",1300,,,,"U",0
993315,,"Animalia","Chordata","Mammalia","Carnivora","Felidae","Felis catus","cat",1056,"Linnaeus, 1758",,,False,"II","NatureSearch 1","NatureSearch Records","01-01-1994","31-01-1994","01-01-1994","No locality provided, Albert",-28.173388,153.192742,"GDA2020",1300,,,,"U",0
982059,,"Animalia","Chordata","Mammalia","Carnivora","Felidae","Felis catus","cat",1056,"Linnaeus, 1758",,,False,"II","NatureSearch 1","NatureSearch Records","10-10-1992","10-10-1992","10-10-1992","WEST COAST OF MORETON ISLAND, 0.7KM NORTH OF KOORINGAL.",-27.340056,153.426065,"GDA2020",1300,1,"A",,"U",0
982201,,"Animalia","Chordata","Mammalia","Carnivora","Felidae","Felis catus","cat",1056,"Linnaeus, 1758",,,False,"II","NatureSearch 1","NatureSearch Records","07-10-1992","12-10-1992","07-10-1992","SHORELINE & OFFSHORE FROM MIDDLE ROAD JUNCTION WITH OCEAN BEACH, MORETON ISLAND.",-27.156722,153.426063,"GDA2020",1300,1,"A",,"U",0
982218,,"Animalia","Chordata","Mammalia","Carnivora","Felidae","Felis catus","cat",1056,"Linnaeus, 1758",,,False,"II","NatureSearch 1","NatureSearch Records","07-10-1992","12-10-1992","07-10-1992","SHORELINE & OFFSHORE FROM MIDDLE ROAD JUNCTION WITH OCEAN BEACH, MORETON ISLAND.",-27.173389,153.426063,"GDA2020",1300,,,,"U",0
944771,,"Animalia","Chordata","Mammalia","Carnivora","Felidae","Felis catus","cat",1056,"Linnaeus, 1758",,,False,"II","NatureSearch 1","NatureSearch Records","03-06-1994","03-06-1994","03-06-1994","McTagarts old woolstore building",-27.456724,153.042739,"GDA2020",1300,,,,"U",0
982102,,"Animalia","Chordata","Mammalia","Carnivora","Felidae","Felis catus","cat",1056,"Linnaeus, 1758",,,False,"II","NatureSearch 1","NatureSearch Records","07-10-1992","09-10-1992","07-10-1992","LAMP SPOT, MIDDLE ROAD, MORETON ISLAND",-27.156722,153.426063,"GDA2020",1300,,,,"U",0
1021155,,"Animalia","Chordata","Mammalia","Carnivora","Felidae","Felis catus","cat",1056,"Linnaeus, 1758",,,False,"II","NatureSearch 1","NatureSearch Records","09-09-1992","09-09-1992","09-09-1992","No locality provided, Caboolture",-27.073391,153.176067,"GDA2020",1300,1,"A",,"U",0
994235,,"Animalia","Chordata","Mammalia","Carnivora","Felidae","Felis catus","cat",1056,"Linnaeus, 1758",,,False,"II","NatureSearch 1","NatureSearch Records","01-12-1992","31-01-1993","01-12-1992","No locality provided, Pine Rivers",-27.306727,152.759409,"GDA2020",1300,,,,"U",0
1046694,,"Animalia","Chordata","Mammalia","Carnivora","Felidae","Felis catus","cat",1056,"Linnaeus, 1758",,,False,"II","NatureSearch 1","NatureSearch Records","13-01-1993","13-01-1993","13-01-1993","No locality provided, Caboolture",-27.073391,153.176067,"GDA2020",1300,2,"A",,"U",0
1048582,,"Animalia","Chordata","Mammalia","Carnivora","Felidae","Felis catus","cat",1056,"Linnaeus, 1758",,,False,"II","NatureSearch 1","NatureSearch Records","01-03-1993","01-03-1993","01-03-1993","No locality provided, Caboolture",-27.056724,153.192733,"GDA2020",1300,1,"A",,"U",0
1048849,,"Animalia","Chordata","Mammalia","Carnivora","Felidae","Felis catus","cat",1056,"Linnaeus, 1758",,,False,"II","NatureSearch 1","NatureSearch Records","22-03-1993","22-03-1993","22-03-1993","No locality provided, Caboolture",-27.073391,153.176067,"GDA2020",1300,1,"A",,"U",0
1048958,,"Animalia","Chordata","Mammalia","Carnivora","Felidae","Felis catus","cat",1056,"Linnaeus, 1758",,,False,"II","NatureSearch 1","NatureSearch Records","06-05-1993","06-05-1993","06-05-1993","No locality provided, Caboolture",-27.090058,153.176067,"GDA2020",1300,1,"A",,"U",0
1049079,,"Animalia","Chordata","Mammalia","Carnivora","Felidae","Felis catus","cat",1056,"Linnaeus, 1758",,,False,"II","NatureSearch 1","NatureSearch Records","18-05-1993","18-05-1993","18-05-1993","No locality provided, Caboolture",-27.090058,153.176067,"GDA2020",1300,1,"A",,"U",0
994247,,"Animalia","Chordata","Mammalia","Carnivora","Felidae","Felis catus","cat",1056,"Linnaeus, 1758",,,False,"II","NatureSearch 1","NatureSearch Records","01-09-1992","30-11-1992","01-09-1992","No locality provided, Pine Rivers",-27.306727,152.759409,"GDA2020",1300,,,,"U",0
1046816,,"Animalia","Chordata","Mammalia","Carnivora","Felidae","Felis catus","cat",1056,"Linnaeus, 1758",,,False,"II","NatureSearch 1","NatureSearch Records","13-01-1993","13-01-1993","13-01-1993","No locality provided, Caboolture",-27.090058,153.176067,"GDA2020",1300,1,"A",,"U",0
1046946,,"Animalia","Chordata","Mammalia","Carnivora","Felidae","Felis catus","cat",1056,"Linnaeus, 1758",,,False,"II","NatureSearch 1","NatureSearch Records","23-06-1992","23-06-1992","23-06-1992","No locality provided, Caboolture",-27.073391,153.176067,"GDA2020",1300,2,"A",,"C",0
1047480,,"Animalia","Chordata","Mammalia","Carnivora","Felidae","Felis catus","cat",1056,"Linnaeus, 1758",,,False,"II","NatureSearch 1","NatureSearch Records","20-01-1993","20-01-1993","20-01-1993","No locality provided, Caboolture",-27.056724,153.192733,"GDA2020",1300,1,"A",,"U",0
948539,,"Animalia","Chordata","Mammalia","Carnivora","Felidae","Felis catus","cat",1056,"Linnaeus, 1758",,,False,"II","NatureSearch 1","NatureSearch Records","02-07-1994","05-07-1994","02-07-1994","Opossum Creek.",-27.640059,152.892743,"GDA2020",1300,1,"A",,"U",0
974441,,"Animalia","Chordata","Mammalia","Carnivora","Felidae","Felis catus","cat",1056,"Linnaeus, 1758",,,False,"II","NatureSearch 1","NatureSearch Records","04-12-1993","04-12-1993","04-12-1993","Greenes Falls, Mt. Glorious, Brisbane Forest Park",-27.323394,152.759409,"GDA2020",1300,1,"A",,"U",0
975966,,"Animalia","Chordata","Mammalia","Carnivora","Felidae","Felis catus","cat",1056,"Linnaeus, 1758",,,False,"II","NatureSearch 1","NatureSearch Records","20-12-1993","20-12-1993","20-12-1993","No locality provided, Caboolture",-27.073391,153.176067,"GDA2020",1300,1,"A",,"U",0
994800,,"Animalia","Chordata","Mammalia","Carnivora","Felidae","Felis catus","cat",1056,"Linnaeus, 1758",,,False,"II","NatureSearch 1","NatureSearch Records","01-10-1992","01-10-1992","01-10-1992","No locality provided, Albert",-28.140054,153.292740,"GDA2020",1300,1,"A",,"U",0
994825,,"Animalia","Chordata","Mammalia","Carnivora","Felidae","Felis catus","cat",1056,"Linnaeus, 1758",,,False,"II","NatureSearch 1","NatureSearch Records","01-10-1992","01-10-1992","01-10-1992","No locality provided, Albert",-28.123388,153.292740,"GDA2020",1300,,,,"U",0
1017885,,"Animalia","Chordata","Mammalia","Carnivora","Felidae","Felis catus","cat",1056,"Linnaeus, 1758",,,False,"II","NatureSearch 1","NatureSearch Records","27-06-1992","27-06-1992","27-06-1992","No locality provided, Laidley",-27.573395,152.492749,"GDA2020",1300,1,"A",,"U",0
1018836,,"Animalia","Chordata","Mammalia","Carnivora","Felidae","Felis catus","cat",1056,"Linnaeus, 1758",,,False,"II","NatureSearch 1","NatureSearch Records","17-11-1992","17-11-1992","17-11-1992","Willawong liquid waste treatment plant, Sherbrooke Road, Willawong.",-27.606725,152.992741,"GDA2020",1300,,,,"U",0
954695,,"Animalia","Chordata","Mammalia","Carnivora","Felidae","Felis catus","cat",1056,"Linnaeus, 1758",,,False,"II","NatureSearch 1","NatureSearch Records","30-08-1994","30-08-1994","30-08-1994","No locality provided, Caboolture",-27.073391,153.176067,"GDA2020",1300,1,"A",,"U",0
1010312,,"Animalia","Chordata","Mammalia","Carnivora","Felidae","Felis catus","cat",1056,"Linnaeus, 1758",,,False,"II","NatureSearch 1","NatureSearch Records","23-11-1994","23-11-1994","23-11-1994","No locality provided, Pine Rivers",-27.323394,152.759409,"GDA2020",1300,1,"A",,"U",0
1019101,,"Animalia","Chordata","Mammalia","Carnivora","Felidae","Felis catus","cat",1056,"Linnaeus, 1758",,,False,"II","NatureSearch 1","NatureSearch Records","02-08-1992","02-08-1992","02-08-1992","No locality provided, Caboolture",-27.023392,153.142734,"GDA2020",1300,1,"A",,"U",0
1020962,,"Animalia","Chordata","Mammalia","Carnivora","Felidae","Felis catus","cat",1056,"Linnaeus, 1758",,,False,"II","NatureSearch 1","NatureSearch Records","09-09-1992","09-09-1992","09-09-1992","No locality provided, Caboolture",-27.090058,153.176067,"GDA2020",1300,1,"A",,"U",0
1002823,,"Animalia","Chordata","Mammalia","Carnivora","Felidae","Felis catus","cat",1056,"Linnaeus, 1758",,,False,"II","NatureSearch 1","NatureSearch Records","08-07-1993","27-12-1993","08-07-1993","Emu Mountain (Mt Peregian)",-26.506726,153.092730,"GDA2020",1300,6,"E",,"U",0
1022435,,"Animalia","Chordata","Mammalia","Carnivora","Felidae","Felis catus","cat",1056,"Linnaeus, 1758",,,False,"II","NatureSearch 1","NatureSearch Records","29-02-1992","29-02-1992","29-02-1992","Tangalooma Bypass Track, Moreton Island",-27.173389,153.392730,"GDA2020",1300,,,,"C",0
1043652,,"Animalia","Chordata","Mammalia","Carnivora","Felidae","Felis catus","cat",1056,"Linnaeus, 1758",,,False,"II","NatureSearch 1","NatureSearch Records","28-03-1992","28-03-1992","28-03-1992","No locality provided, Pine Rivers",-27.273392,152.992738,"GDA2020",1300,,,,"C",0
1046376,,"Animalia","Chordata","Mammalia","Carnivora","Felidae","Felis catus","cat",1056,"Linnaeus, 1758",,,False,"II","NatureSearch 1","NatureSearch Records","23-06-1992","23-06-1992","23-06-1992","No locality provided, Caboolture",-27.090058,153.176067,"GDA2020",1300,2,"A",,"C",0
1099335,,"Animalia","Chordata","Mammalia","Carnivora","Felidae","Felis catus","cat",1056,"Linnaeus, 1758",,,False,"II","NatureSearch 1","NatureSearch Records","08-09-1993","08-09-1993","08-09-1993","No locality provided, Caboolture",-27.073391,153.176067,"GDA2020",1300,1,"A",,"U",0
998896,,"Animalia","Chordata","Mammalia","Carnivora","Felidae","Felis catus","cat",1056,"Linnaeus, 1758",,,False,"II","NatureSearch 1","NatureSearch Records","20-03-1993","31-05-1993","20-03-1993","MOUNT GLORIOUS.",-27.306727,152.759409,"GDA2020",1300,,,,"U",0
1057633,,"Animalia","Chordata","Mammalia","Carnivora","Felidae","Felis catus","cat",1056,"Linnaeus, 1758",,,False,"II","NatureSearch 1","NatureSearch Records","23-05-1992","23-05-1992","23-05-1992","Buderim",-26.673393,153.026066,"GDA2020",1300,2,"A",,"C",0
1061383,,"Animalia","Chordata","Mammalia","Carnivora","Felidae","Felis catus","cat",1056,"Linnaeus, 1758",,,False,"II","NatureSearch 1","NatureSearch Records","12-06-1992","12-06-1992","12-06-1992","Edge of Mooloolah River",-26.706726,153.109398,"GDA2020",1300,,,,"C",0
1084530,,"Animalia","Chordata","Mammalia","Carnivora","Felidae","Felis catus","cat",1056,"Linnaeus, 1758",,,False,"II","NatureSearch 1","NatureSearch Records","26-08-1992","26-08-1992","26-08-1992","Bells Creek",-26.840059,153.092733,"GDA2020",1300,,,,"U",0
1061106,,"Animalia","Chordata","Mammalia","Carnivora","Felidae","Felis catus","cat",1056,"Linnaeus, 1758",,,False,"II","NatureSearch 1","NatureSearch Records","12-06-1992","12-06-1992","12-06-1992","Area adjacent to Mooloolah River, Kawana Downs.",-26.706725,153.126064,"GDA2020",1300,,,,"C",0
1057184,,"Animalia","Chordata","Mammalia","Carnivora","Felidae","Felis catus","cat",1056,"Linnaeus, 1758",,,False,"II","NatureSearch 1","NatureSearch Records","15-08-1993","16-08-1993","15-08-1993","No locality provided, Beaudesert",-27.806724,152.992742,"GDA2020",1300,1,"A",,"U",0
1100924,,"Animalia","Chordata","Mammalia","Carnivora","Felidae","Felis catus","cat",1056,"Linnaeus, 1758",,,False,"II","NatureSearch 1","NatureSearch Records","01-09-1993","01-09-1993","01-09-1993","Sheepstation Creek Environmental Park",-27.123393,152.892738,"GDA2020",1300,,,,"U",0
1086616,,"Animalia","Chordata","Mammalia","Carnivora","Felidae","Felis catus","cat",1056,"Linnaeus, 1758",,,False,"II","NatureSearch 1","NatureSearch Records","24-11-1992","26-11-1992","24-11-1992","Woogaroo Creek",-27.698392,152.876077,"GDA2020",500,,,,"U",0
1102847,,"Animalia","Chordata","Mammalia","Carnivora","Felidae","Felis catus","cat",1056,"Linnaeus, 1758",,,False,"II","NatureSearch 1","NatureSearch Records","01-05-1993","01-05-1993","01-05-1993","No locality provided, Maroochy",-26.523394,152.942732,"GDA2020",1300,1,"A",,"U",0
1066470,,"Animalia","Chordata","Mammalia","Carnivora","Felidae","Felis catus","cat",1056,"Linnaeus, 1758",,,False,"II","NatureSearch 1","NatureSearch Records","07-08-1992","07-08-1992","07-08-1992","Boondall wetlands",-27.340058,153.076070,"GDA2020",1300,,,,"C",0
1086840,,"Animalia","Chordata","Mammalia","Carnivora","Felidae","Felis catus","cat",1056,"Linnaeus, 1758",,,False,"II","NatureSearch 1","NatureSearch Records","24-11-1992","26-11-1992","24-11-1992","Woogaroo Creek",-27.690059,152.876077,"GDA2020",1300,1,"A",,"U",0
1086607,,"Animalia","Chordata","Mammalia","Carnivora","Felidae","Felis catus","cat",1056,"Linnaeus, 1758",,,False,"II","NatureSearch 1","NatureSearch Records","24-11-1992","26-11-1992","24-11-1992","Woogaroo Ck (where several bends occur N of power lines)",-27.690059,152.876077,"GDA2020",1300,1,"A",,"U",0
1097323,,"Animalia","Chordata","Mammalia","Carnivora","Felidae","Felis catus","cat",1056,"Linnaeus, 1758",,,False,"II","NatureSearch 1","NatureSearch Records","09-03-1993","23-04-1993","09-03-1993","Springfield Estate, Camira.",-27.656725,152.909409,"GDA2020",1300,,,,"U",0
1094242,,"Animalia","Chordata","Mammalia","Carnivora","Felidae","Felis catus","cat",1056,"Linnaeus, 1758",,,False,"II","NatureSearch 1","NatureSearch Records","25-08-1993","25-08-1993","25-08-1993","No locality provided, Beaudesert",-27.723391,152.942743,"GDA2020",1300,1,"A",,"U",0
1101056,,"Animalia","Chordata","Mammalia","Carnivora","Felidae","Felis catus","cat",1056,"Linnaeus, 1758",,,False,"II","NatureSearch 1","NatureSearch Records","01-09-1993","01-09-1993","01-09-1993","Sheepstation Creek Environmental Park",-27.123393,152.909405,"GDA2020",1300,,,,"U",0
1573568,,"Animalia","Chordata","Mammalia","Carnivora","Felidae","Felis catus","cat",1056,"Linnaeus, 1758",,,False,"II","Integrated Biological Information System (IBIS)","General Check Lists                                         ","31-07-1987","31-07-1987","31-07-1987","Kroombit Tops - SF General",-24.397974,150.958857,"GDA2020",500,,,,"U",0
1101188,,"Animalia","Chordata","Mammalia","Carnivora","Felidae","Felis catus","cat",1056,"Linnaeus, 1758",,,False,"II","NatureSearch 1","NatureSearch Records","01-09-1993","01-09-1993","01-09-1993","Sheepstation Creek Environmental Park",-27.140060,152.892738,"GDA2020",1300,,,,"U",0
1101320,,"Animalia","Chordata","Mammalia","Carnivora","Felidae","Felis catus","cat",1056,"Linnaeus, 1758",,,False,"II","NatureSearch 1","NatureSearch Records","01-09-1993","01-09-1993","01-09-1993","Sheepstation Creek Environmental Park",-27.140060,152.909405,"GDA2020",1300,,,,"U",0
1573714,,"Animalia","Chordata","Mammalia","Carnivora","Felidae","Felis catus","cat",1056,"Linnaeus, 1758",,,False,"II","Integrated Biological Information System (IBIS)","General Check Lists                                         ","06-07-1998","06-07-1998","06-07-1998","Byfield NP",-22.881743,150.717748,"GDA2020",20000,,,,"C",0
1573150,,"Animalia","Chordata","Mammalia","Carnivora","Felidae","Felis catus","cat",1056,"Linnaeus, 1758",,,False,"II","Integrated Biological Information System (IBIS)","General Check Lists                                         ","01-10-1996","01-10-1996","01-10-1996","Theodore Area",-24.923958,150.030818,"GDA2020",500,,,,"U",0
1573260,,"Animalia","Chordata","Mammalia","Carnivora","Felidae","Felis catus","cat",1056,"Linnaeus, 1758",,,False,"II","Integrated Biological Information System (IBIS)","General Check Lists                                         ","22-03-1997","22-03-1997","22-03-1997","Clermont",-22.739261,147.634171,"GDA2020",500,,,,"U",0
1573935,,"Animalia","Chordata","Mammalia","Carnivora","Felidae","Felis catus","cat",1056,"Linnaeus, 1758",,,False,"II","Integrated Biological Information System (IBIS)","General Check Lists                                         ","06-07-1998","06-07-1998","06-07-1998","Eurimbula NP - Eurimbula Section",-24.181740,151.801065,"GDA2020",2000,,,,"C",0
1574249,,"Animalia","Chordata","Mammalia","Carnivora","Felidae","Felis catus","cat",1056,"Linnaeus, 1758",,,False,"II","Integrated Biological Information System (IBIS)","General Check Lists                                         ","06-07-1998","06-07-1998","06-07-1998","Deepwater NP",-24.281739,151.917731,"GDA2020",20000,,,,"C",0
1068664,,"Animalia","Chordata","Mammalia","Carnivora","Felidae","Felis catus","cat",1056,"Linnaeus, 1758",,,False,"II","NatureSearch 1","NatureSearch Records","08-03-1992","08-03-1992","08-03-1992","Tullarwallal Circuit, Binna Burra.",-28.223388,153.192743,"GDA2020",1300,1,"A",,"C",0
1067244,,"Animalia","Chordata","Mammalia","Carnivora","Felidae","Felis catus","cat",1056,"Linnaeus, 1758",,,False,"II","NatureSearch 1","NatureSearch Records","07-03-1992","08-03-1992","07-03-1992","Canungra-Beechmont Rd, 5.1 km Canungra Side of Windabout Road",-28.073389,153.209408,"GDA2020",1300,1,"A",,"C",0
1068829,,"Animalia","Chordata","Mammalia","Carnivora","Felidae","Felis catus","cat",1056,"Linnaeus, 1758",,,False,"II","NatureSearch 1","NatureSearch Records","23-07-1992","23-07-1992","23-07-1992","Caves and rock face on north side of Pine Hill, adjacent to Wivenhoe Dam.",-27.373395,152.592745,"GDA2020",1300,,,,"C",0
1084165,,"Animalia","Chordata","Mammalia","Carnivora","Felidae","Felis catus","cat",1056,"Linnaeus, 1758",,,False,"II","NatureSearch 1","NatureSearch Records","28-09-1992","29-09-1992","28-09-1992","Rosicrucians property N of Scrubby Creek",-27.656724,153.076073,"GDA2020",1300,,,,"U",0
1068248,,"Animalia","Chordata","Mammalia","Carnivora","Felidae","Felis catus","cat",1056,"Linnaeus, 1758",,,False,"II","NatureSearch 1","NatureSearch Records","12-06-1992","12-06-1992","12-06-1992","Edge of Mooloolah River",-26.706725,153.126064,"GDA2020",1300,,,,"C",0
1569728,,"Animalia","Chordata","Mammalia","Carnivora","Felidae","Felis catus","cat",1056,"Linnaeus, 1758",,,False,"II","Integrated Biological Information System (IBIS)","General Check Lists                                         ","01-04-1992","01-04-1992","01-04-1992","Eurimbula NP - Eurimbula Section",-24.181739,151.826065,"GDA2020",1000,,,,"C",0
1570802,,"Animalia","Chordata","Mammalia","Carnivora","Felidae","Felis catus","cat",1056,"Linnaeus, 1758",,,False,"II","Integrated Biological Information System (IBIS)","General Check Lists                                         ","01-03-1993","01-03-1993","01-03-1993","Broome Head: Lot 33 on Ps 135 Parish of Torilla",-22.248412,150.167751,"GDA2020",2000,,,,"C",0
1569006,,"Animalia","Chordata","Mammalia","Carnivora","Felidae","Felis catus","cat",1056,"Linnaeus, 1758",,,False,"II","Integrated Biological Information System (IBIS)","General Check Lists                                         ","01-11-1995","01-11-1995","01-11-1995","Taunton NP",-23.515081,149.267768,"GDA2020",20000,,,,"U",0
1569544,,"Animalia","Chordata","Mammalia","Carnivora","Felidae","Felis catus","cat",1056,"Linnaeus, 1758",,,False,"II","Integrated Biological Information System (IBIS)","General Check Lists                                         ","01-03-1992","01-03-1992","01-03-1992","Dan Dan Scrub",-24.160908,151.085798,"GDA2020",1000,,,,"C",0
1571295,,"Animalia","Chordata","Mammalia","Carnivora","Felidae","Felis catus","cat",1056,"Linnaeus, 1758",,,False,"II","Integrated Biological Information System (IBIS)","General Check Lists                                         ","18-04-1995","18-04-1995","18-04-1995","Walla Weir",-25.065071,152.001067,"GDA2020",2000,,,,"U",0
1571628,,"Animalia","Chordata","Mammalia","Carnivora","Felidae","Felis catus","cat",1056,"Linnaeus, 1758",,,False,"II","Integrated Biological Information System (IBIS)","General Check Lists                                         ","01-12-1983","01-12-1983","01-12-1983","Kroombit Tops",-24.397849,150.958857,"GDA2020",20000,,,,"C",0
1572839,,"Animalia","Chordata","Mammalia","Carnivora","Felidae","Felis catus","cat",1056,"Linnaeus, 1758",,,False,"II","Integrated Biological Information System (IBIS)","General Check Lists                                         ","08-02-1995","08-02-1995","08-02-1995","Epping Forest NP",-22.348431,146.701130,"GDA2020",20000,,,,"C",0
1578968,,"Animalia","Chordata","Mammalia","Carnivora","Felidae","Felis catus","cat",1056,"Linnaeus, 1758",,,False,"II","Integrated Biological Information System (IBIS)","National Park sites and projects within Central             ","04-12-1998","04-12-1998","04-12-1998","Narrien Range NP: Block C - western boundary",-22.927875,146.900851,"GDA2020",500,1,"E",,"C",0
1580493,,"Animalia","Chordata","Mammalia","Carnivora","Felidae","Felis catus","cat",1056,"Linnaeus, 1758",,,False,"II","Integrated Biological Information System (IBIS)","Central Coast Wildlife Atlas - Great Sandy                  ","28-09-1996","28-09-1996","28-09-1996","Adj. Cooloola NP",-25.915616,153.073558,"GDA2020",500,1,"A",,"C",0
1581248,,"Animalia","Chordata","Mammalia","Carnivora","Felidae","Felis catus","cat",1056,"Linnaeus, 1758",,,False,"II","Integrated Biological Information System (IBIS)","Central Coast Wildlife Atlas - Great Sandy                  ","14-08-1997","14-08-1997","14-08-1997","Great Sandy NP - Fraser Island",-25.211005,153.039766,"GDA2020",500,1,"A",,"C",0
1581249,,"Animalia","Chordata","Mammalia","Carnivora","Felidae","Felis catus","cat",1056,"Linnaeus, 1758",,,False,"II","Integrated Biological Information System (IBIS)","Central Coast Wildlife Atlas - Great Sandy                  ","14-08-1997","14-08-1997","14-08-1997","Great Sandy NP - Fraser Island",-25.211005,153.039766,"GDA2020",500,1,"A",,"C",0
1564113,,"Animalia","Chordata","Mammalia","Carnivora","Felidae","Felis catus","cat",1056,"Linnaeus, 1758",,,False,"II","Integrated Biological Information System (IBIS)","Off Park Site surveys for acquisitions                      ","06-08-1997","06-08-1997","06-08-1997","Stoodleigh - Stoodleigh",-22.723691,149.850261,"GDA2020",200,1,"A",,"C",0
1581177,,"Animalia","Chordata","Mammalia","Carnivora","Felidae","Felis catus","cat",1056,"Linnaeus, 1758",,,False,"II","Integrated Biological Information System (IBIS)","Central Coast Wildlife Atlas - Great Sandy                  ","27-07-1998","27-07-1998","27-07-1998","Great Sandy NP - Fraser Island",-25.466568,153.048804,"GDA2020",500,1,"A",,"C",0
1565580,,"Animalia","Chordata","Mammalia","Carnivora","Felidae","Felis catus","cat",1056,"Linnaeus, 1758",,,False,"II","Integrated Biological Information System (IBIS)","General Check Lists                                         ","06-07-1998","06-07-1998","06-07-1998","Burrum Coast NP - Kinkuna",-25.115067,152.534392,"GDA2020",20000,,,,"C",0
1563856,,"Animalia","Chordata","Mammalia","Carnivora","Felidae","Felis catus","cat",1056,"Linnaeus, 1758",,,False,"II","Integrated Biological Information System (IBIS)","Off Park Site surveys for acquisitions                      ","26-03-1994","26-03-1994","26-03-1994","Stanwell",-23.481741,150.334421,"GDA2020",20000,,,,"C",0
1564278,,"Animalia","Chordata","Mammalia","Carnivora","Felidae","Felis catus","cat",1056,"Linnaeus, 1758",,,False,"II","Integrated Biological Information System (IBIS)","Central Coast Wildlife Atlas - Emerald                      ","21-03-1998","21-03-1998","21-03-1998","Lake Dunn",-22.586216,145.658926,"GDA2020",500,1,"A",,"C",0
1563319,,"Animalia","Chordata","Mammalia","Carnivora","Felidae","Felis catus","cat",1056,"Linnaeus, 1758",,,False,"II","Integrated Biological Information System (IBIS)","Off Park Site surveys for acquisitions                      ","30-11-1995","30-11-1995","30-11-1995","Comet River",-23.898417,148.484447,"GDA2020",2000,,,,"C",0
1581797,,"Animalia","Chordata","Mammalia","Carnivora","Felidae","Felis catus","cat",1056,"Linnaeus, 1758",,,False,"II","Integrated Biological Information System (IBIS)","Central Coast Wildlife Atlas - Rockhampton                  ","01-04-1997","01-04-1997","01-04-1997","Epping Forest NP",-22.377598,146.705296,"GDA2020",500,1,"A",,"C",0
1582073,,"Animalia","Chordata","Mammalia","Carnivora","Felidae","Felis catus","cat",1056,"Linnaeus, 1758",,,False,"II","Integrated Biological Information System (IBIS)","Central Coast Wildlife Atlas - Rockhampton                  ","03-12-1996","03-12-1996","03-12-1996","Broadsound General",-22.535639,149.514427,"GDA2020",500,1,"A",,"C",0
1582736,,"Animalia","Chordata","Mammalia","Carnivora","Felidae","Felis catus","cat",1056,"Linnaeus, 1758",,,False,"II","Integrated Biological Information System (IBIS)","Central Coast Wildlife Atlas - Rockhampton                  ","18-06-1996","18-06-1996","18-06-1996","Goodedulla National Park",-23.326745,149.763039,"GDA2020",500,1,"A",,"C",0
1581953,,"Animalia","Chordata","Mammalia","Carnivora","Felidae","Felis catus","cat",1056,"Linnaeus, 1758",,,False,"II","Integrated Biological Information System (IBIS)","Central Coast Wildlife Atlas - Rockhampton                  ","12-11-1996","12-11-1996","12-11-1996","Burrum Coast NP - Kinkuna",-25.087290,152.489671,"GDA2020",500,2,"A",,"C",0
1581952,,"Animalia","Chordata","Mammalia","Carnivora","Felidae","Felis catus","cat",1056,"Linnaeus, 1758",,,False,"II","Integrated Biological Information System (IBIS)","Central Coast Wildlife Atlas - Rockhampton                  ","12-11-1996","12-11-1996","12-11-1996","Burrum Coast NP - Kinkuna",-25.087290,152.489671,"GDA2020",500,1,"A",,"C",0
1585735,,"Animalia","Chordata","Mammalia","Carnivora","Felidae","Felis catus","cat",1056,"Linnaeus, 1758",,,False,"II","Integrated Biological Information System (IBIS)","Central Coast Wildlife Atlas - Fitzroy                      ","24-07-1996","24-07-1996","24-07-1996","Epping Forest NP",-22.324856,146.690402,"GDA2020",500,1,"A",,"C",0
1581984,,"Animalia","Chordata","Mammalia","Carnivora","Felidae","Felis catus","cat",1056,"Linnaeus, 1758",,,False,"II","Integrated Biological Information System (IBIS)","Central Coast Wildlife Atlas - Rockhampton                  ","01-05-1997","01-05-1997","01-05-1997","Burrum Coast NP - Kinkuna",-25.091457,152.493004,"GDA2020",200,1,"A",,"V",0
1581949,,"Animalia","Chordata","Mammalia","Carnivora","Felidae","Felis catus","cat",1056,"Linnaeus, 1758",,,False,"II","Integrated Biological Information System (IBIS)","Central Coast Wildlife Atlas - Rockhampton                  ","01-05-1997","01-05-1997","01-05-1997","Woodgate General Area",-25.103956,152.535503,"GDA2020",500,7,"A",,"C",0
1620067,"656299","Animalia","Chordata","Mammalia","Carnivora","Felidae","Felis catus","cat",1056,"Linnaeus, 1758",,,False,"II","Queensland Historical Fauna Database","Liddy (1987)","01-04-1985","01-04-1985","01-04-1985","Chermside West, Brisbane",-27.381725,153.009405,"GDA2020",900,,,,"U",0
1618900,"655132","Animalia","Chordata","Mammalia","Carnivora","Felidae","Felis catus","cat",1056,"Linnaeus, 1758",,,False,"II","Queensland Historical Fauna Database","Environmental Solutions & Investigations (1994)","10-04-1994","10-04-1994","10-04-1994","Proposed Bell's Ck Arterial Rd, Caloundra",-26.827559,153.059400,"GDA2020",6000,,,,"U",0
1619257,"655489","Animalia","Chordata","Mammalia","Carnivora","Felidae","Felis catus","cat",1056,"Linnaeus, 1758",,,False,"II","Queensland Historical Fauna Database","Kinhill Cameron McNamara (1995)","01-09-1994","30-09-1994","01-09-1994","Wallaville Bridge area",-25.106737,151.996901,"GDA2020",4000,,,,"U",0
1620613,"656845","Animalia","Chordata","Mammalia","Carnivora","Felidae","Felis catus","cat",1056,"Linnaeus, 1758",,,False,"II","Queensland Historical Fauna Database","Kinhill Cameron McNamara (1994)","12-04-1994","12-04-1994","12-04-1994","Proposed Golf Course, Cooroy-Noosa Rd",-26.408116,152.978286,"GDA2020",600,,,,"U",0
1601694,"637911","Animalia","Chordata","Mammalia","Carnivora","Felidae","Felis catus","cat",1056,"Linnaeus, 1758",,,False,"II","Queensland Historical Fauna Database","Brannock Humphreys (1995)","01-01-1994","31-12-1994","01-01-1994","Pelican Waters, Bell's Ck, Caloundra",-26.840059,153.098288,"GDA2020",1500,,,,"U",0
1602084,"638301","Animalia","Chordata","Mammalia","Carnivora","Felidae","Felis catus","cat",1056,"Linnaeus, 1758",,,False,"II","Queensland Historical Fauna Database","Gutteridge Haskins & Davey (1992)","01-01-1992","31-12-1992","01-01-1992","Little Liverpool Range NW of Rosewood",-27.606728,152.534415,"GDA2020",900,,,,"U",0
1602596,"638813","Animalia","Chordata","Mammalia","Carnivora","Felidae","Felis catus","cat",1056,"Linnaeus, 1758",,,False,"II","Queensland Historical Fauna Database","Environmental Research & Education (1995)","01-07-1995","31-07-1995","01-07-1995","Tarong Mining Lease",-26.781734,151.909417,"GDA2020",1800,,,,"U",0
1601841,"638058","Animalia","Chordata","Mammalia","Carnivora","Felidae","Felis catus","cat",1056,"Linnaeus, 1758",,,False,"II","Queensland Historical Fauna Database","Environmental Research & Education (1995)","10-02-1995","10-02-1995","10-02-1995","Tarong area",-26.778957,151.909417,"GDA2020",3000,,,,"U",0
1599950,"636166","Animalia","Chordata","Mammalia","Carnivora","Felidae","Felis catus","cat",1056,"Linnaeus, 1758",,,False,"II","Queensland Historical Fauna Database","Keilar Fox & McGhie (1993)","01-01-1992","31-12-1992","01-01-1992","8km SE of Jimboomba on Mundoolun Rd",-27.869223,153.076075,"GDA2020",1800,,,,"U",0
1600990,"637206","Animalia","Chordata","Mammalia","Carnivora","Felidae","Felis catus","cat",1056,"Linnaeus, 1758",,,False,"II","Queensland Historical Fauna Database","Kinhill (1999)","01-02-1999","28-02-1999","01-02-1999","Gravel Creek area, S of Aldoga",-23.898408,151.080243,"GDA2020",3600,,,,"U",0
1615750,"651980","Animalia","Chordata","Mammalia","Carnivora","Felidae","Felis catus","cat",1056,"Linnaeus, 1758",,,False,"II","Queensland Historical Fauna Database","Holmes & Associates (1993)","01-01-1990","31-12-1990","01-01-1990","Greenbank Training Area",-27.669225,152.967742,"GDA2020",4500,,,,"U",0
1617394,"653625","Animalia","Chordata","Mammalia","Carnivora","Felidae","Felis catus","cat",1056,"Linnaeus, 1758",,,False,"II","Queensland Historical Fauna Database","Bill Carter & Associates (1989)","29-05-1989","29-05-1989","29-05-1989","Maroochy North Shore Reserve",-26.627559,153.096898,"GDA2020",1200,,,,"U",0
1615632,"651862","Animalia","Chordata","Mammalia","Carnivora","Felidae","Felis catus","cat",1056,"Linnaeus, 1758",,,False,"II","Queensland Historical Fauna Database","Holmes & Associates (1993)","01-01-1990","31-12-1990","01-01-1990","Goodna/Redbank Plains area",-27.640059,152.892743,"GDA2020",3600,,,,"U",0
1609577,"645806","Animalia","Chordata","Mammalia","Carnivora","Felidae","Felis catus","cat",1056,"Linnaeus, 1758",,,False,"II","Queensland Historical Fauna Database","Rankine & Hill (1992)","01-01-1984","31-12-1984","01-01-1984","Lot 403, Western Cornubia, Brisbane",-27.656723,153.256626,"GDA2020",450,,,,"U",0
2446548,"93701","Animalia","Chordata","Mammalia","Carnivora","Felidae","Felis catus","cat",1056,"Linnaeus, 1758",,,False,"II","Queensland Historical Fauna Database","Nature Refuge Area Assessment","03-08-1992","03-08-1992","03-08-1992","Ranges Bridge Fauna Sanctuary",-27.115072,151.084434,"GDA2020",900,,,,"U",0
2446586,"93740","Animalia","Chordata","Mammalia","Carnivora","Felidae","Felis catus","cat",1056,"Linnaeus, 1758",,,False,"II","Queensland Historical Fauna Database","DEH CO File 300193","01-08-1993","31-08-1993","01-08-1993","Cania Gorge NP",-24.685904,150.988579,"GDA2020",5500,,,,"U",0
1609242,"645471","Animalia","Chordata","Mammalia","Carnivora","Felidae","Felis catus","cat",1056,"Linnaeus, 1758",,,False,"II","Queensland Historical Fauna Database","Rankine & Hill (1992)","01-01-1984","31-12-1984","01-01-1984","Eastern Carbrook, Brisbane",-27.673389,153.242737,"GDA2020",1800,,,,"U",0
1609116,"645345","Animalia","Chordata","Mammalia","Carnivora","Felidae","Felis catus","cat",1056,"Linnaeus, 1758",,,False,"II","Queensland Historical Fauna Database","WBM Oceanics (1993)","01-01-1993","31-01-1993","01-01-1993","Bellbird Forest, Brisbane",-27.647003,152.885798,"GDA2020",1500,,,,"U",0
3030949,"21762","Animalia","Chordata","Mammalia","Carnivora","Felidae","Felis catus","cat",1056,"Linnaeus, 1758",,,False,"II","SEQ Comprehensive Regional Assessment Fauna Survey Database","SEQ Comprehensive Regional Assessment Fauna Survey","18-09-1997","19-09-1997","18-09-1997","Cherbourg State Forest",-26.399791,151.955048,"GDA2020",500,,,,"C",0
2453907,"102022","Animalia","Chordata","Mammalia","Carnivora","Felidae","Felis catus","cat",1056,"Linnaeus, 1758",,,False,"II","Queensland Historical Fauna Database","Watt (1993)","15-06-1992","15-06-1992","15-06-1992","Eukey",-28.773396,151.976103,"GDA2020",900,,,,"U",0
2441864,"88289","Animalia","Chordata","Mammalia","Carnivora","Felidae","Felis catus","cat",1056,"Linnaeus, 1758",,,False,"II","Queensland Historical Fauna Database","Woodall (1986)","10-12-1983","10-12-1983","10-12-1983","Kroombit Tops SF316",-24.406739,151.042745,"GDA2020",900,,,,"U",0
2453659,"101747","Animalia","Chordata","Mammalia","Carnivora","Felidae","Felis catus","cat",1056,"Linnaeus, 1758",,,False,"II","Queensland Historical Fauna Database","Watt (1993)","01-06-1992","01-06-1992","01-06-1992","Bald Rock Ck camp, Girraween NP",-28.831730,151.934438,"GDA2020",450,,,,"U",0
3013162,"5073","Animalia","Chordata","Mammalia","Carnivora","Felidae","Felis catus","cat",1056,"Linnaeus, 1758",,,False,"II","SEQ Comprehensive Regional Assessment Fauna Survey Database","SEQ Comprehensive Regional Assessment Fauna Survey","26-05-1997","29-05-1997","26-05-1997","SITE 7, LOCKYER SF; TOP OF REDBANK CK",-27.444195,152.256329,"GDA2020",500,1,"A",,"C",0
2453906,"102021","Animalia","Chordata","Mammalia","Carnivora","Felidae","Felis catus","cat",1056,"Linnaeus, 1758",,,False,"II","Queensland Historical Fauna Database","Watt (1993)","20-01-1992","20-01-1992","20-01-1992","Repeater Stn Rd, Springbrook",-28.235888,153.267742,"GDA2020",900,,,,"U",0
2450286,"97955","Animalia","Chordata","Mammalia","Carnivora","Felidae","Felis catus","cat",1056,"Linnaeus, 1758",,,False,"II","Queensland Historical Fauna Database","Hartley & Kikkawa (1994)","01-11-1993","30-11-1993","01-11-1993","Spicers Gap study area",-28.073394,152.396922,"GDA2020",1800,,,,"U",0
2452000,"99862","Animalia","Chordata","Mammalia","Carnivora","Felidae","Felis catus","cat",1056,"Linnaeus, 1758",,,False,"II","Queensland Historical Fauna Database","Pavey et al. (1994)","01-01-1989","31-12-1989","01-01-1989","J.C. Slaughter Falls area, BFP",-27.473392,152.967740,"GDA2020",900,,,,"U",0
2442499,"88968","Animalia","Chordata","Mammalia","Carnivora","Felidae","Felis catus","cat",1056,"Linnaeus, 1758",,,False,"II","Queensland Historical Fauna Database","Mandala Pty Ltd (1989)","01-01-1988","31-12-1988","01-01-1988","Mandala-portion 50, nr Maryvale",-28.023395,152.284423,"GDA2020",900,,,,"U",0
2453943,"102069","Animalia","Chordata","Mammalia","Carnivora","Felidae","Felis catus","cat",1056,"Linnaeus, 1758",,,False,"II","Queensland Historical Fauna Database","Watt (1993)","17-08-1992","17-08-1992","17-08-1992","Top of Landershute Rd, Palmwoods",-26.702560,152.946901,"GDA2020",900,,,,"U",0
2459600,"109944","Animalia","Chordata","Mammalia","Carnivora","Felidae","Felis catus","cat",1056,"Linnaeus, 1758",,,False,"II","Queensland Historical Fauna Database","DEH CO File 300802","16-04-1980","16-04-1980","16-04-1980","Burleigh Knoll EP, NW Burleigh Head",-28.081720,153.442737,"GDA2020",450,,,,"U",0
2439624,"85724","Animalia","Chordata","Mammalia","Carnivora","Felidae","Felis catus","cat",1056,"Linnaeus, 1758",,,False,"II","Queensland Historical Fauna Database","WBM (1990)","20-08-1990","20-08-1990","20-08-1990","Mooloolah River NP, western edge",-26.719226,153.076065,"GDA2020",900,,,,"U",0
2455036,"103300","Animalia","Chordata","Mammalia","Carnivora","Felidae","Felis catus","cat",1056,"Linnaeus, 1758",,,False,"II","Queensland Historical Fauna Database","Pulsford (1984)","09-06-1982","09-06-1982","09-06-1982","CSR",-24.423405,151.980231,"GDA2020",900,,,,"U",0
2455924,"104254","Animalia","Chordata","Mammalia","Carnivora","Felidae","Felis catus","cat",1056,"Linnaeus, 1758",,,False,"II","Queensland Historical Fauna Database","Pulsford (1984)","08-10-1983","08-10-1983","08-10-1983","Middle-Worthington Creek area",-24.123407,151.709399,"GDA2020",4500,,,,"U",0
2445169,"92157","Animalia","Chordata","Mammalia","Carnivora","Felidae","Felis catus","cat",1056,"Linnaeus, 1758",,,False,"II","Queensland Historical Fauna Database","Horsup et al. (1993)","01-01-1992","31-12-1992","01-01-1992","Dan Dan Scrub SF53",-24.160908,151.085798,"GDA2020",450,,,,"U",0
2418159,"109954","Animalia","Chordata","Mammalia","Carnivora","Felidae","Felis catus","cat",1056,"Linnaeus, 1758",,,False,"II","Queensland Historical Fauna Database","DEH CO File 300804","01-01-1980","31-12-1980","01-01-1980","Springbrook, W 1/3 S on Repeater Stn Rd",-28.223388,153.259408,"GDA2020",900,,,,"U",0
2457220,"105629","Animalia","Chordata","Mammalia","Carnivora","Felidae","Felis catus","cat",1056,"Linnaeus, 1758",,,False,"II","Queensland Historical Fauna Database","Pulsford (1984)","15-08-1981","15-08-1981","15-08-1981","Wreck Rock",-24.315072,151.955230,"GDA2020",900,,,,"U",0
2457583,"106056","Animalia","Chordata","Mammalia","Carnivora","Felidae","Felis catus","cat",1056,"Linnaeus, 1758",,,False,"II","Queensland Historical Fauna Database","Pulsford (1984)","08-06-1982","08-06-1982","08-06-1982","1770 dump",-24.169239,151.888564,"GDA2020",450,,,,"U",0
2470522,"122549","Animalia","Chordata","Mammalia","Carnivora","Felidae","Felis catus","cat",1056,"Linnaeus, 1758",,,False,"II","Queensland Historical Fauna Database","Horsup et al. (1993)","01-01-1992","31-12-1992","01-01-1992","Eurimbula NP",-24.181740,151.826065,"GDA2020",450,,,,"U",0
2576331,"484252","Animalia","Chordata","Mammalia","Carnivora","Felidae","Felis catus","cat",1056,"Linnaeus, 1758",,,False,"II","Queensland Historical Fauna Database","Young (1993)","19-01-1993","19-01-1993","19-01-1993","20km N Augathella (to Tambo)",-25.615095,146.601158,"GDA2020",1800,,,,"U",0
2577937,"485942","Animalia","Chordata","Mammalia","Carnivora","Felidae","Felis catus","cat",1056,"Linnaeus, 1758",,,False,"II","Queensland Historical Fauna Database","Gynther & Caneris (1995)","11-04-1995","11-04-1995","11-04-1995","Kooralbyn Hotel Resort area",-28.073391,152.842747,"GDA2020",900,,,,"U",0
2629020,"539403","Animalia","Chordata","Mammalia","Carnivora","Felidae","Felis catus","cat",1056,"Linnaeus, 1758",,,False,"II","Queensland Historical Fauna Database","DEH SEQ Database","06-01-1997","06-01-1997","06-01-1997","653 CAROLE PARK INDUSTRIAL EIS SITE",-27.615058,152.930242,"GDA2020",450,,,,"U",0
2632436,"124746","Animalia","Chordata","Mammalia","Carnivora","Felidae","Felis catus","cat",1056,"Linnaeus, 1758",,,False,"II","Queensland Historical Fauna Database","Hannah (1994b)","24-03-1994","24-03-1994","24-03-1994","Comp. 5A, Twin Plantation Area, SF589",-26.948394,152.884404,"GDA2020",100,,,,"U",0
2632474,"124784","Animalia","Chordata","Mammalia","Carnivora","Felidae","Felis catus","cat",1056,"Linnaeus, 1758",,,False,"II","Queensland Historical Fauna Database","Hannah (1994b)","07-04-1994","07-04-1994","07-04-1994","Twin Plantation Area, SF589",-26.965060,152.888570,"GDA2020",1800,,,,"U",0
2632765,"125093","Animalia","Chordata","Mammalia","Carnivora","Felidae","Felis catus","cat",1056,"Linnaeus, 1758",,,False,"II","Queensland Historical Fauna Database","Schulz (1994)","21-05-1994","21-05-1994","21-05-1994","Fw WPZ <50m wide, Beerburrum SF611",-26.940060,152.980235,"GDA2020",4500,,,,"U",0
2632592,"124912","Animalia","Chordata","Mammalia","Carnivora","Felidae","Felis catus","cat",1056,"Linnaeus, 1758",,,False,"II","Queensland Historical Fauna Database","Schulz (1994)","21-05-1994","21-05-1994","21-05-1994","Fw WPZ >50m wide, Beerburrum SF611",-26.931726,152.992735,"GDA2020",7000,,,,"U",0
2632830,"125159","Animalia","Chordata","Mammalia","Carnivora","Felidae","Felis catus","cat",1056,"Linnaeus, 1758",,,False,"II","Queensland Historical Fauna Database","Schulz (1994)","21-05-1994","21-05-1994","21-05-1994","Pine plantation, Beerburrum SF611",-26.935893,153.001068,"GDA2020",7000,,,,"U",0
2633265,"125605","Animalia","Chordata","Mammalia","Carnivora","Felidae","Felis catus","cat",1056,"Linnaeus, 1758",,,False,"II","Queensland Historical Fauna Database","Baxter (1995)","01-02-1994","28-02-1994","01-02-1994","Murphy's Creek",-27.460898,152.055256,"GDA2020",1800,,,,"U",0
2632703,"125027","Animalia","Chordata","Mammalia","Carnivora","Felidae","Felis catus","cat",1056,"Linnaeus, 1758",,,False,"II","Queensland Historical Fauna Database","Schulz (1994)","21-05-1994","21-05-1994","21-05-1994","Tidal WPZ, >50m wide, Beerburrum SF611",-26.906726,153.038568,"GDA2020",2500,,,,"U",0
2634454,"126864","Animalia","Chordata","Mammalia","Carnivora","Felidae","Felis catus","cat",1056,"Linnaeus, 1758",,,False,"II","Queensland Historical Fauna Database","Schulz (1994)","01-03-1994","31-03-1994","01-03-1994","Dawes Range Rd, Kroombit Tops SF",-24.394239,151.001078,"GDA2020",5000,,,,"U",0
2644692,"137186","Animalia","Chordata","Mammalia","Carnivora","Felidae","Felis catus","cat",1056,"Linnaeus, 1758",,,False,"II","Queensland Historical Fauna Database","Ison Environmental Planners (1991)","24-04-1991","24-04-1991","24-04-1991","Yandan mine site, Suttor R",-21.281761,146.992787,"GDA2020",3000,,,,"U",0
2634360,"126733","Animalia","Chordata","Mammalia","Carnivora","Felidae","Felis catus","cat",1056,"Linnaeus, 1758",,,False,"II","Queensland Historical Fauna Database","Schulz (1994)","01-03-1994","31-03-1994","01-03-1994","Kroombit Tops SF316",-24.381739,150.951079,"GDA2020",13500,,,,"U",0
2634453,"126863","Animalia","Chordata","Mammalia","Carnivora","Felidae","Felis catus","cat",1056,"Linnaeus, 1758",,,False,"II","Queensland Historical Fauna Database","Schulz (1994)","01-01-1981","31-12-1981","01-01-1981","Beech SA, Kroombit Tops SF",-24.415072,151.042745,"GDA2020",1500,,,,"U",0
2648006,"140607","Animalia","Chordata","Mammalia","Carnivora","Felidae","Felis catus","cat",1056,"Linnaeus, 1758",,,False,"II","Queensland Historical Fauna Database","Lavery & Pollitt (1990)","18-09-1982","18-09-1982","18-09-1982","Northern area, Moreton Island",-27.173390,153.326065,"GDA2020",7000,,,,"U",0
2648031,"140633","Animalia","Chordata","Mammalia","Carnivora","Felidae","Felis catus","cat",1056,"Linnaeus, 1758",,,False,"II","Queensland Historical Fauna Database","Lavery & Pollitt (1990)","03-12-1988","03-12-1988","03-12-1988","Northern area, Moreton Island",-27.173390,153.326065,"GDA2020",7000,,,,"U",0
2649240,"141931","Animalia","Chordata","Mammalia","Carnivora","Felidae","Felis catus","cat",1056,"Linnaeus, 1758",,,False,"II","Queensland Historical Fauna Database","Whittle (1994)","30-07-1993","30-07-1993","30-07-1993","Kingfisher Park, Julatten",-16.594846,145.340835,"GDA2020",300,,,,"U",0
2645718,"138257","Animalia","Chordata","Mammalia","Carnivora","Felidae","Felis catus","cat",1056,"Linnaeus, 1758",,,False,"II","Queensland Historical Fauna Database","Harrison & Lewis (1997)","01-10-1994","31-10-1994","01-10-1994","Mt St John sewage farm, Townsville",-19.256773,146.742779,"GDA2020",450,,,,"U",0
2665099,"158361","Animalia","Chordata","Mammalia","Carnivora","Felidae","Felis catus","cat",1056,"Linnaeus, 1758",,,False,"II","Queensland Historical Fauna Database","Gynther (1994)","11-12-1994","11-12-1994","11-12-1994","Duck Ck Rd",-28.203111,153.106911,"GDA2020",300,,,,"U",0
2665411,"158681","Animalia","Chordata","Mammalia","Carnivora","Felidae","Felis catus","cat",1056,"Linnaeus, 1758",,,False,"II","Queensland Historical Fauna Database","Hannah (1995)","09-10-1995","09-10-1995","09-10-1995","Watalgan SF898",-24.656738,151.984398,"GDA2020",4000,,,,"U",0
2656299,"149039","Animalia","Chordata","Mammalia","Carnivora","Felidae","Felis catus","cat",1056,"Linnaeus, 1758",,,False,"II","Queensland Historical Fauna Database","Kinhill Cameron McNamara (1995)","01-10-1994","31-10-1994","01-10-1994","Johnsons Rocks, Burnett R",-25.048403,152.096899,"GDA2020",500,,,,"U",0
2656872,"149642","Animalia","Chordata","Mammalia","Carnivora","Felidae","Felis catus","cat",1056,"Linnaeus, 1758",,,False,"II","Queensland Historical Fauna Database","Barlow Gregg Abercromby (1993)","01-01-1990","31-12-1990","01-01-1990","Eli Waters Estate, W of Pialba",-25.273398,152.805223,"GDA2020",2000,,,,"U",0
2656980,"149753","Animalia","Chordata","Mammalia","Carnivora","Felidae","Felis catus","cat",1056,"Linnaeus, 1758",,,False,"II","Queensland Historical Fauna Database","Templeton (1986-1994)","01-01-1992","31-12-1992","01-01-1992","East Nanango Fauna Sanctuary",-26.665067,152.026081,"GDA2020",450,,,,"U",0
2668107,"161540","Animalia","Chordata","Mammalia","Carnivora","Felidae","Felis catus","cat",1056,"Linnaeus, 1758",,,False,"II","Queensland Historical Fauna Database","Plowman (1985)","01-01-1984","31-12-1984","01-01-1984","Joyner's Ridge Rd, BFP",-27.332560,152.756353,"GDA2020",300,,,,"U",0
2667967,"161394","Animalia","Chordata","Mammalia","Carnivora","Felidae","Felis catus","cat",1056,"Linnaeus, 1758",,,False,"II","Queensland Historical Fauna Database","Plowman (1985)","01-01-1984","31-12-1984","01-01-1984","Scrub Rd SPA, BFP",-27.422004,152.842186,"GDA2020",300,,,,"U",0
2974058,"550760","Animalia","Chordata","Mammalia","Carnivora","Felidae","Felis catus","cat",1056,"Linnaeus, 1758",,,False,"II","Queensland Historical Fauna Database","DEH SW Fauna Database","11-10-1995","11-10-1995","11-10-1995","Currajong Park Stn",-27.506712,149.773326,"GDA2020",150,,,,"U",0
2973850,"550262","Animalia","Chordata","Mammalia","Carnivora","Felidae","Felis catus","cat",1056,"Linnaeus, 1758",,,False,"II","Queensland Historical Fauna Database","DEH SW Fauna Database","28-09-1995","28-09-1995","28-09-1995","Wollambi Stn",-27.475311,149.795525,"GDA2020",400,,,,"U",0
2974319,"551026","Animalia","Chordata","Mammalia","Carnivora","Felidae","Felis catus","cat",1056,"Linnaeus, 1758",,,False,"II","Queensland Historical Fauna Database","DEH SW Fauna Database","15-10-1995","15-10-1995","15-10-1995","Klendah Stn",-27.530912,149.700527,"GDA2020",150,,,,"U",0
2682936,"177389","Animalia","Chordata","Mammalia","Carnivora","Felidae","Felis catus","cat",1056,"Linnaeus, 1758",,,False,"II","Queensland Historical Fauna Database","DPI Scientifc Area File -R. Russell","10-01-1982","10-01-1982","10-01-1982","SA 44 within SF 754 Herberton",-17.473453,145.453895,"GDA2020",900,,,,"U",0
2977193,"554396","Animalia","Chordata","Mammalia","Carnivora","Felidae","Felis catus","cat",1056,"Linnaeus, 1758",,,False,"II","Queensland Historical Fauna Database","DEH SW Fauna Database","01-11-1994","01-11-1994","01-11-1994","Dandabah campground, Bunya Mt NP",-26.881459,151.597479,"GDA2020",150,,,,"U",0
2975461,"552472","Animalia","Chordata","Mammalia","Carnivora","Felidae","Felis catus","cat",1056,"Linnaeus, 1758",,,False,"II","Queensland Historical Fauna Database","DEH SW Fauna Database","14-12-1995","14-12-1995","14-12-1995","Warrema Stn",-26.865113,149.867818,"GDA2020",400,,,,"U",0
2967122,"542705","Animalia","Chordata","Mammalia","Carnivora","Felidae","Felis catus","cat",1056,"Linnaeus, 1758",,,False,"II","Queensland Historical Fauna Database","DEH SEQ Database","20-10-1995","20-10-1995","20-10-1995","SITE 2, IPSWICH AREA",-27.606727,152.567748,"GDA2020",5000,,,,"U",0
2972743,"549044","Animalia","Chordata","Mammalia","Carnivora","Felidae","Felis catus","cat",1056,"Linnaeus, 1758",,,False,"II","Queensland Historical Fauna Database","DEH SW Fauna Database","26-08-1994","26-08-1994","26-08-1994","Noccundra waterhole",-27.820163,142.595129,"GDA2020",1000,,,,"U",0
2974353,"551060","Animalia","Chordata","Mammalia","Carnivora","Felidae","Felis catus","cat",1056,"Linnaeus, 1758",,,False,"II","Queensland Historical Fauna Database","DEH SW Fauna Database","26-09-1995","26-09-1995","26-09-1995","Currajong Park Stn",-27.531712,149.751126,"GDA2020",400,,,,"U",0
2974794,"551508","Animalia","Chordata","Mammalia","Carnivora","Felidae","Felis catus","cat",1056,"Linnaeus, 1758",,,False,"II","Queensland Historical Fauna Database","DEH SW Fauna Database","06-11-1995","06-11-1995","06-11-1995","Lagoons Stn",-26.831713,149.817818,"GDA2020",400,,,,"U",0
2975376,"552387","Animalia","Chordata","Mammalia","Carnivora","Felidae","Felis catus","cat",1056,"Linnaeus, 1758",,,False,"II","Queensland Historical Fauna Database","DEH SW Fauna Database","13-12-1995","13-12-1995","13-12-1995","Warrema Stn",-26.865113,149.867818,"GDA2020",400,,,,"U",0
2978342,"555841","Animalia","Chordata","Mammalia","Carnivora","Felidae","Felis catus","cat",1056,"Linnaeus, 1758",,,False,"II","Queensland Historical Fauna Database","Horsup & Evans (1993)","01-11-1991","30-11-1991","01-11-1991","Taunton NP(Scientific)",-23.527581,149.221935,"GDA2020",7000,,,,"U",0
2979277,"556780","Animalia","Chordata","Mammalia","Carnivora","Felidae","Felis catus","cat",1056,"Linnaeus, 1758",,,False,"II","Queensland Historical Fauna Database","Wood & Allison (1988)","01-01-1988","31-12-1988","01-01-1988","Lake Broadwater District",-27.365071,151.101103,"GDA2020",10000,,,,"U",0
2979248,"556751","Animalia","Chordata","Mammalia","Carnivora","Felidae","Felis catus","cat",1056,"Linnaeus, 1758",,,False,"II","Queensland Historical Fauna Database","Wood & Allison (1988)","01-01-1988","31-12-1988","01-01-1988","Darling Downs (Central)",-27.331739,150.834440,"GDA2020",54000,,,,"U",0
3003129,"550522","Animalia","Chordata","Mammalia","Carnivora","Felidae","Felis catus","cat",1056,"Linnaeus, 1758",,,False,"II","Queensland Historical Fauna Database","DEH SW Fauna Database","09-10-1995","09-10-1995","09-10-1995","Currajong Park Stn",-27.531712,149.751126,"GDA2020",400,,,,"U",0
2988821,"566863","Animalia","Chordata","Mammalia","Carnivora","Felidae","Felis catus","cat",1056,"Linnaeus, 1758",,,False,"II","Queensland Historical Fauna Database","Crossman (1988)","01-01-1987","31-12-1987","01-01-1987","Epping Forest NP",-22.352598,146.709463,"GDA2020",3500,,,,"U",0
2997774,"578510","Animalia","Chordata","Mammalia","Carnivora","Felidae","Felis catus","cat",1056,"Linnaeus, 1758",,,False,"II","Queensland Historical Fauna Database","Ingram & Stanisic (1997)","01-01-1996","31-12-1996","01-01-1996","Boggomoss Site 21",-25.450905,150.043048,"GDA2020",100,,,,"U",0
2999346,"580522","Animalia","Chordata","Mammalia","Carnivora","Felidae","Felis catus","cat",1056,"Linnaeus, 1758",,,False,"II","Queensland Historical Fauna Database","McCosker (1990)","18-05-1990","18-05-1990","18-05-1990","Etonvale to 10km N of Rubyvale",-23.206761,147.584453,"GDA2020",20000,,,,"U",0
2999353,"580529","Animalia","Chordata","Mammalia","Carnivora","Felidae","Felis catus","cat",1056,"Linnaeus, 1758",,,False,"II","Queensland Historical Fauna Database","McCosker (1990)","20-05-1990","20-05-1990","20-05-1990","Cremone Stn",-23.040097,146.984462,"GDA2020",3600,,,,"U",0
3004304,"568265","Animalia","Chordata","Mammalia","Carnivora","Felidae","Felis catus","cat",1056,"Linnaeus, 1758",,,False,"II","Queensland Historical Fauna Database","ISON Environmental Planners (1996)","22-01-1996","22-01-1996","22-01-1996","Area between Taroom & Nathan Gorge",-25.560906,150.001107,"GDA2020",20000,,,,"U",0
3003235,"551906","Animalia","Chordata","Mammalia","Carnivora","Felidae","Felis catus","cat",1056,"Linnaeus, 1758",,,False,"II","Queensland Historical Fauna Database","DEH SW Fauna Database","09-11-1995","09-11-1995","09-11-1995","Lagoons Stn",-26.828713,149.804718,"GDA2020",150,,,,"U",0
3013169,"5084","Animalia","Chordata","Mammalia","Carnivora","Felidae","Felis catus","cat",1056,"Linnaeus, 1758",,,False,"II","SEQ Comprehensive Regional Assessment Fauna Survey Database","SEQ Comprehensive Regional Assessment Fauna Survey","10-06-1997","14-06-1997","10-06-1997","MARODIAN SF RIDGE ON T-INTERSECTION OFF THUNDER RD",-25.943804,152.234937,"GDA2020",500,1,"A",,"U",0
3003237,"551908","Animalia","Chordata","Mammalia","Carnivora","Felidae","Felis catus","cat",1056,"Linnaeus, 1758",,,False,"II","Queensland Historical Fauna Database","DEH SW Fauna Database","09-11-1995","09-11-1995","09-11-1995","Lagoons Stn",-26.831713,149.817818,"GDA2020",400,,,,"U",0
2994100,"573660","Animalia","Chordata","Mammalia","Carnivora","Felidae","Felis catus","cat",1056,"Linnaeus, 1758",,,False,"II","Queensland Historical Fauna Database","Russell et al. (1992)","01-04-1991","30-04-1991","01-04-1991","Green Hills nr Meandarra (caves t)",-27.556744,149.867791,"GDA2020",900,,,,"U",0
2994101,"573661","Animalia","Chordata","Mammalia","Carnivora","Felidae","Felis catus","cat",1056,"Linnaeus, 1758",,,False,"II","Queensland Historical Fauna Database","Russell et al. (1992)","01-03-1991","31-03-1991","01-03-1991","Bimbadeen (Verbena Park?) nr Taroom",-25.465074,149.684445,"GDA2020",900,,,,"U",0
3000794,"582513","Animalia","Chordata","Mammalia","Carnivora","Felidae","Felis catus","cat",1056,"Linnaeus, 1758",,,False,"II","Queensland Historical Fauna Database","Queensland Electricity Commission (1985)","31-01-1983","31-01-1983","31-01-1983","Western end Black Mountain-Kalapa Rd",-23.487297,150.162201,"GDA2020",450,,,,"U",0
3003014,"550404","Animalia","Chordata","Mammalia","Carnivora","Felidae","Felis catus","cat",1056,"Linnaeus, 1758",,,False,"II","Queensland Historical Fauna Database","DEH SW Fauna Database","25-09-1995","25-09-1995","25-09-1995","Wollambi Stn",-27.481712,149.784425,"GDA2020",400,,,,"U",0
3012088,"3922","Animalia","Chordata","Mammalia","Carnivora","Felidae","Felis catus","cat",1056,"Linnaeus, 1758",,,False,"II","SEQ Comprehensive Regional Assessment Fauna Survey Database","SEQ Comprehensive Regional Assessment Fauna Survey","08-07-1997","11-07-1997","08-07-1997","MANY PEAKS TIMBER RESERVE - ROAD AT TOP OF RANGE",-24.534730,151.266698,"GDA2020",500,1,"A",,"U",0
3014827,"7020","Animalia","Chordata","Mammalia","Carnivora","Felidae","Felis catus","cat",1056,"Linnaeus, 1758",,,False,"II","SEQ Comprehensive Regional Assessment Fauna Survey Database","SEQ Comprehensive Regional Assessment Fauna Survey","25-08-1997","30-08-1997","25-08-1997","ANNIES CK CROSSING, KROOMBIT",-24.467059,150.925954,"GDA2020",500,1,"A",,"U",0
3015366,"7603","Animalia","Chordata","Mammalia","Carnivora","Felidae","Felis catus","cat",1056,"Linnaeus, 1758",,,False,"II","SEQ Comprehensive Regional Assessment Fauna Survey Database","SEQ Comprehensive Regional Assessment Fauna Survey","21-07-1997","26-07-1997","21-07-1997","EURIMBULA NATIONAL PARK - CROSSING OF EURIMBULA CREEK AND MAIN ACCESS TRACK TO MIDDLE CREEK ROAD",-24.200136,151.793717,"GDA2020",500,1,"A",,"C",0
3016449,"8873","Animalia","Chordata","Mammalia","Carnivora","Felidae","Felis catus","cat",1056,"Linnaeus, 1758",,,False,"II","SEQ Comprehensive Regional Assessment Fauna Survey Database","SEQ Comprehensive Regional Assessment Fauna Survey","22-09-1997","26-09-1997","22-09-1997","YARRAMAN STATE FOREST - DRY FOREST GULLY IN MEANDU LOGGING AREA",-26.860940,151.878815,"GDA2020",500,1,"A",,"U",0
3016463,"8887","Animalia","Chordata","Mammalia","Carnivora","Felidae","Felis catus","cat",1056,"Linnaeus, 1758",,,False,"II","SEQ Comprehensive Regional Assessment Fauna Survey Database","SEQ Comprehensive Regional Assessment Fauna Survey","22-09-1997","26-09-1997","22-09-1997","YARRAMAN STATE FOREST - DRY FOREST GULLY IN MEANDU LOGGING AREA",-26.860940,151.878815,"GDA2020",500,1,"A",,"U",0
3005184,"573557","Animalia","Chordata","Mammalia","Carnivora","Felidae","Felis catus","cat",1056,"Linnaeus, 1758",,,False,"II","Queensland Historical Fauna Database","Russell et al. (1992)","01-09-1990","30-09-1990","01-09-1990","Green Hills nr Meandarra (caves t)",-27.556744,149.867791,"GDA2020",900,,,,"U",0
3005911,"580561","Animalia","Chordata","Mammalia","Carnivora","Felidae","Felis catus","cat",1056,"Linnaeus, 1758",,,False,"II","Queensland Historical Fauna Database","McCosker (1990)","16-05-1990","16-05-1990","16-05-1990","Lou Lou Pk to Laglan rd",-22.427600,146.409468,"GDA2020",27000,,,,"U",0
3005931,"580582","Animalia","Chordata","Mammalia","Carnivora","Felidae","Felis catus","cat",1056,"Linnaeus, 1758",,,False,"II","Queensland Historical Fauna Database","Evans (1992)","01-01-1991","31-12-1991","01-01-1991","Taunton Scientific NP",-23.527581,149.221935,"GDA2020",7000,,,,"U",0
3006028,"580679","Animalia","Chordata","Mammalia","Carnivora","Felidae","Felis catus","cat",1056,"Linnaeus, 1758",,,False,"II","Queensland Historical Fauna Database","McCosker (1990)","21-05-1990","21-05-1990","21-05-1990","Clermont-Alpha rd betw Craven & Tango turnoffs",-23.281763,147.001131,"GDA2020",12000,,,,"U",0
3022906,"1294","Animalia","Chordata","Mammalia","Carnivora","Felidae","Felis catus","cat",1056,"Linnaeus, 1758",,,False,"II","SEQ Comprehensive Regional Assessment Fauna Survey Database","SEQ CRA Fauna Survey Incidental Records","01-01-1997","30-06-1998","01-01-1997","KROOMBIT SF - VARIOUS LOCATIONS",-24.409906,151.037578,"GDA2020",500,,,,"U",0
3022630,"854","Animalia","Chordata","Mammalia","Carnivora","Felidae","Felis catus","cat",1056,"Linnaeus, 1758",,,False,"II","SEQ Comprehensive Regional Assessment Fauna Survey Database","SEQ CRA Fauna Survey Incidental Records","01-01-1997","30-06-1998","01-01-1997","Various Incidental Sightings within Mothar Mountain State Forest",-26.261375,152.822705,"GDA2020",500,,,,"U",0
3602114,,"Animalia","Chordata","Mammalia","Carnivora","Felidae","Felis catus","cat",1056,"Linnaeus, 1758",,,False,"II","NatureSearch - South Coast","Couran Cove","12-06-2000","18-06-2000","12-06-2000","Couran Cove South Stradbroke Island",-27.822210,153.416395,"GDA2020",250,,,,"C",0
3599541,,"Animalia","Chordata","Mammalia","Carnivora","Felidae","Felis catus","cat",1056,"Linnaeus, 1758",,,False,"II","Fauna/flora inventory","Community Nature Conservation","16-09-2001",,"16-09-2001","Windorah",-25.369153,142.745674,"GDA2020",100,51,"A",,"C",0
3602828,,"Animalia","Chordata","Mammalia","Carnivora","Felidae","Felis catus","cat",1056,"Linnaeus, 1758",,,False,"II","NatureSearch - South Coast","Damian White Masters Project","30-11-2000",,"30-11-2000","Grassy Park, Runawaybay",-27.900543,153.383061,"GDA2020",250,,,,"C",0
3022755,"1143","Animalia","Chordata","Mammalia","Carnivora","Felidae","Felis catus","cat",1056,"Linnaeus, 1758",,,False,"II","SEQ Comprehensive Regional Assessment Fauna Survey Database","SEQ CRA Fauna Survey Incidental Records","01-01-1997","30-06-1998","01-01-1997","Various locations in Squirrel Creek State Forest",-26.696218,152.315919,"GDA2020",500,,,,"U",0
3588103,,"Animalia","Chordata","Mammalia","Carnivora","Felidae","Felis catus","cat",1056,"Linnaeus, 1758",,,False,"II","Incidental Records","Incidental NatureSearch Records - Cairns/Tablelands","03-05-2000","05-05-2000","03-05-2000","Lakeland to Boggy Creek",-15.843928,144.876835,"GDA2020",8000,,,,"C",0
3597150,,"Animalia","Chordata","Mammalia","Carnivora","Felidae","Felis catus","cat",1056,"Linnaeus, 1758",,,False,"II","Incidental Records","General NatureSearch Townsville Records","16-04-2001","30-04-2001","16-04-2001","Alice River - upstream Herveys Range Road bridge",-19.341653,146.591674,"GDA2020",10,,,,"C",0
3602921,,"Animalia","Chordata","Mammalia","Carnivora","Felidae","Felis catus","cat",1056,"Linnaeus, 1758",,,False,"II","NatureSearch - South Coast","Damian White Masters Project","28-10-2000",,"28-10-2000","Endeavour Foundation Bushland 2",-27.971932,153.391950,"GDA2020",250,,,,"C",0
3034521,"433","Animalia","Chordata","Mammalia","Carnivora","Felidae","Felis catus","cat",1056,"Linnaeus, 1758",,,False,"II","SEQ Comprehensive Regional Assessment Fauna Survey Database","SEQ CRA Fauna Survey Incidental Records","15-09-1997","19-09-1997","15-09-1997","NEAR TEEWAH CREEK CROSSING ON THE COOLOOLA WAY",-26.023732,153.026045,"GDA2020",500,1,"A",,"U",0
3034772,"686","Animalia","Chordata","Mammalia","Carnivora","Felidae","Felis catus","cat",1056,"Linnaeus, 1758",,,False,"II","SEQ Comprehensive Regional Assessment Fauna Survey Database","SEQ CRA Fauna Survey Incidental Records","27-10-1997","31-10-1997","27-10-1997","GOOMBURRA SF",-27.983691,152.359623,"GDA2020",500,1,"A",,"U",0
3586053,,"Animalia","Chordata","Mammalia","Carnivora","Felidae","Felis catus","cat",1056,"Linnaeus, 1758",,,False,"II","Incidental Records","Rogers - Crows Nest","22-03-2001",,"22-03-2001","Crows Nest",-27.276376,152.068895,"GDA2020",100,,,,"C",0
3034819,"916","Animalia","Chordata","Mammalia","Carnivora","Felidae","Felis catus","cat",1056,"Linnaeus, 1758",,,False,"II","SEQ Comprehensive Regional Assessment Fauna Survey Database","SEQ CRA Fauna Survey Incidental Records","13-07-1997","18-07-1997","13-07-1997","Various locations within Bulburin State Forest",-24.626644,151.567441,"GDA2020",500,1,"A",,"U",0
3034864,"965","Animalia","Chordata","Mammalia","Carnivora","Felidae","Felis catus","cat",1056,"Linnaeus, 1758",,,False,"II","SEQ Comprehensive Regional Assessment Fauna Survey Database","SEQ CRA Fauna Survey Incidental Records","30-06-1997",,"30-06-1997","Various location within Wongi State Forest",-25.373681,152.442925,"GDA2020",500,1,"A",,"U",0
3605302,,"Animalia","Chordata","Mammalia","Carnivora","Felidae","Felis catus","cat",1056,"Linnaeus, 1758",,,False,"II","Harry Hines fauna data","Harry Hines incidental records","17-12-2001",,"17-12-2001","Old Coomirth Road, south of Meandarra, SCQ.",-27.411458,149.860289,"GDA2020",50,1,"A",,"C",0
3603252,,"Animalia","Chordata","Mammalia","Carnivora","Felidae","Felis catus","cat",1056,"Linnaeus, 1758",,,False,"II","NatureSearch - South Coast","Damian White Masters Project","30-11-2000",,"30-11-2000","Coombabah Lakelands",-27.899154,153.374173,"GDA2020",250,,,,"C",0
3605089,,"Animalia","Chordata","Mammalia","Carnivora","Felidae","Felis catus","cat",1056,"Linnaeus, 1758",,,False,"II","Harry Hines fauna data","Harry Hines incidental records","17-10-2001",,"17-10-2001","Byron Creek Road, Mt. Mee State Forest, SEQ.",-27.132985,152.731729,"GDA2020",50,1,"A",,"C",0
3604319,,"Animalia","Chordata","Mammalia","Carnivora","Felidae","Felis catus","cat",1056,"Linnaeus, 1758",,,False,"II","Harry Hines fauna data","Harry Hines incidental records","19-10-2000",,"19-10-2000","Queen Mary Falls to The Head road near Killarney, SEQ.",-28.280882,152.444424,"GDA2020",100,,,,"C",0
3606110,,"Animalia","Chordata","Mammalia","Carnivora","Felidae","Felis catus","cat",1056,"Linnaeus, 1758",,,False,"II","Moggill QPWS fauna data","Girraween National Park fauna survey","16-04-2002","16-04-2002","16-04-2002","Main road along boundary of Girraween National Park, SEQ.",-28.823950,151.977696,"GDA2020",100,1,"A",,"V",0
3608496,"1650","Animalia","Chordata","Mammalia","Carnivora","Felidae","Felis catus","cat",1056,"Linnaeus, 1758",,,False,"II","Cape York Peninsula Land Use Study","NR03 NRAP project","30-05-1993","30-05-1993","30-05-1993","KIMBA-PINNACLES ROAD",-15.681299,143.546130,"GDA2020",100,1,"A",,"U",0
3606538,,"Animalia","Chordata","Mammalia","Carnivora","Felidae","Felis catus","cat",1056,"Linnaeus, 1758",,,False,"II","Moggill QPWS fauna data","Girraween National Park fauna survey","18-04-2002","18-04-2002","18-04-2002","Approximately 1.2km east of Billy Goat Hill, south-eastern section of Girraween National Park, SEQ.",-28.858652,151.999265,"GDA2020",100,1,"A",,"V",0
3606868,"110","Animalia","Chordata","Mammalia","Carnivora","Felidae","Felis catus","cat",1056,"Linnaeus, 1758",,,False,"II","Cape York Peninsula Land Use Study","NR03 NRAP project","09-02-1993","09-02-1993","09-02-1993","EMU LAGOON, MITCHELL AND ALICE RIVERS NATIONAL PARK",-15.460640,142.173977,"GDA2020",100,1,"A",,"U",0
3607038,"192","Animalia","Chordata","Mammalia","Carnivora","Felidae","Felis catus","cat",1056,"Linnaeus, 1758",,,False,"II","Cape York Peninsula Land Use Study","NR03 NRAP project","10-02-1993","10-02-1993","10-02-1993","EMU LAGOON, MITCHELL AND ALICE RIVERS NATIONAL PARK",-15.459307,142.165644,"GDA2020",100,1,"A",,"U",0
3607039,"193","Animalia","Chordata","Mammalia","Carnivora","Felidae","Felis catus","cat",1056,"Linnaeus, 1758",,,False,"II","Cape York Peninsula Land Use Study","NR03 NRAP project","10-02-1993","10-02-1993","10-02-1993","EMU LAGOON, MITCHELL AND ALICE RIVERS NATIONAL PARK",-15.461307,142.170977,"GDA2020",100,1,"A",,"U",0
3607117,"271","Animalia","Chordata","Mammalia","Carnivora","Felidae","Felis catus","cat",1056,"Linnaeus, 1758",,,False,"II","Cape York Peninsula Land Use Study","NR03 NRAP project","12-02-1993","12-02-1993","12-02-1993","EMU LAGOON, MITCHELL AND ALICE RIVERS NATIONAL PARK",-15.461307,142.170977,"GDA2020",100,1,"A",,"U",0
3608388,"1542","Animalia","Chordata","Mammalia","Carnivora","Felidae","Felis catus","cat",1056,"Linnaeus, 1758",,,False,"II","Cape York Peninsula Land Use Study","NR03 NRAP project","28-05-1993","28-05-1993","28-05-1993","2.5KM NNE OF PINNACLES HOMESTEAD",-15.669466,143.556463,"GDA2020",100,1,"A",,"U",0
3605860,,"Animalia","Chordata","Mammalia","Carnivora","Felidae","Felis catus","cat",1056,"Linnaeus, 1758",,,False,"II","Harry Hines fauna data","Harry Hines incidental records","08-01-2002",,"08-01-2002","Warrego Highway, west of Mungallala, SCQ.",-26.443983,147.430305,"GDA2020",50,1,"A",,"C",0
3608405,"1559","Animalia","Chordata","Mammalia","Carnivora","Felidae","Felis catus","cat",1056,"Linnaeus, 1758",,,False,"II","Cape York Peninsula Land Use Study","NR03 NRAP project","28-05-1993","28-05-1993","28-05-1993","KIMBA-PINNACLES ROAD",-15.669800,143.524630,"GDA2020",300,1,"A",,"U",0
3608492,"1646","Animalia","Chordata","Mammalia","Carnivora","Felidae","Felis catus","cat",1056,"Linnaeus, 1758",,,False,"II","Cape York Peninsula Land Use Study","NR03 NRAP project","30-05-1993","30-05-1993","30-05-1993","2.5KM NNE OF PINNACLES HOMESTEAD",-15.669466,143.556463,"GDA2020",100,1,"A",,"U",0
3608491,"1645","Animalia","Chordata","Mammalia","Carnivora","Felidae","Felis catus","cat",1056,"Linnaeus, 1758",,,False,"II","Cape York Peninsula Land Use Study","NR03 NRAP project","30-05-1993","30-05-1993","30-05-1993","2.5KM NNE OF PINNACLES HOMESTEAD",-15.669466,143.556463,"GDA2020",100,1,"A",,"U",0
3608711,"1865","Animalia","Chordata","Mammalia","Carnivora","Felidae","Felis catus","cat",1056,"Linnaeus, 1758",,,False,"II","Cape York Peninsula Land Use Study","NR03 NRAP project","03-06-1993","03-06-1993","03-06-1993","PALMER RIVER, 3.5KM WEST OF KING JUNCTION HOMESTEAD",-15.885632,143.479465,"GDA2020",100,1,"A",,"U",0
3608747,"1902","Animalia","Chordata","Mammalia","Carnivora","Felidae","Felis catus","cat",1056,"Linnaeus, 1758",,,False,"II","Cape York Peninsula Land Use Study","NR03 NRAP project","17-06-1993","17-06-1993","17-06-1993","1.5K WNW MELON YD, STRATHG. ST",-14.687310,142.280973,"GDA2020",100,1,"A",,"U",0
3609089,"2244","Animalia","Chordata","Mammalia","Carnivora","Felidae","Felis catus","cat",1056,"Linnaeus, 1758",,,False,"II","Cape York Peninsula Land Use Study","NR03 NRAP project","06-07-1993","06-07-1993","06-07-1993","MAYTOWN-MAITLAND DOWNS ROAD, 7.7KM SE OF MAYTOWN",-16.099294,144.339791,"GDA2020",100,1,"A",,"U",0
3609860,"3016","Animalia","Chordata","Mammalia","Carnivora","Felidae","Felis catus","cat",1056,"Linnaeus, 1758",,,False,"II","Cape York Peninsula Land Use Study","NR03 NRAP project","30-07-1993","30-07-1993","30-07-1993","ROAD TO NW OF RANKIN'S WELL",-15.616644,141.557983,"GDA2020",100,2,"A",,"U",0
3610730,"3888","Animalia","Chordata","Mammalia","Carnivora","Felidae","Felis catus","cat",1056,"Linnaeus, 1758",,,False,"II","Cape York Peninsula Land Use Study","NR03 NRAP project","25-10-1993","25-10-1993","25-10-1993","ROKEBY HOMESTEAD - ERIC YARD ROAD, ROKEBY N.P.",-13.616145,142.748964,"GDA2020",100,1,"A",,"U",0
3608886,"2041","Animalia","Chordata","Mammalia","Carnivora","Felidae","Felis catus","cat",1056,"Linnaeus, 1758",,,False,"II","Cape York Peninsula Land Use Study","NR03 NRAP project","18-06-1993","18-06-1993","18-06-1993","5.5KM S OF MELON YARD, EDWARD RIVER, STRATHGORDON STATION",-14.741643,142.292973,"GDA2020",100,1,"A",,"U",0
3608944,"2099","Animalia","Chordata","Mammalia","Carnivora","Felidae","Felis catus","cat",1056,"Linnaeus, 1758",,,False,"II","Cape York Peninsula Land Use Study","NR03 NRAP project","19-06-1993","19-06-1993","19-06-1993","3.3KM SSE OF MELON YARD, EDWARD RIVER, STRATHGORDON STATION",-14.715809,142.303306,"GDA2020",100,1,"A",,"U",0
3610136,"3293","Animalia","Chordata","Mammalia","Carnivora","Felidae","Felis catus","cat",1056,"Linnaeus, 1758",,,False,"II","Cape York Peninsula Land Use Study","NR03 NRAP project","04-08-1993","04-08-1993","04-08-1993","EMU LAGOON, MITCHELL AND ALICE RIVERS NATIONAL PARK",-15.459307,142.165644,"GDA2020",100,2,"A",,"U",0
3610238,"3395","Animalia","Chordata","Mammalia","Carnivora","Felidae","Felis catus","cat",1056,"Linnaeus, 1758",,,False,"II","Cape York Peninsula Land Use Study","NR03 NRAP project","05-08-1993","05-08-1993","05-08-1993","8 MILE CREEK, 2K WEST OF ORINERS OUTSTATION",-15.410803,142.932802,"GDA2020",100,1,"A",,"U",0
3610404,"3561","Animalia","Chordata","Mammalia","Carnivora","Felidae","Felis catus","cat",1056,"Linnaeus, 1758",,,False,"II","Cape York Peninsula Land Use Study","NR03 NRAP project","08-08-1993","08-08-1993","08-08-1993","4.5K EAST OF ORINERS OUTSTATION",-15.413303,142.978968,"GDA2020",100,1,"A",,"U",0
3610727,"3885","Animalia","Chordata","Mammalia","Carnivora","Felidae","Felis catus","cat",1056,"Linnaeus, 1758",,,False,"II","Cape York Peninsula Land Use Study","NR03 NRAP project","25-10-1993","25-10-1993","25-10-1993","IRONBARK DAM, 14.5K ENE OF ROKEBY HOMESTEAD, ROKEBY N.P.",-13.610645,142.790131,"GDA2020",100,1,"A",,"U",0
3610923,"4081","Animalia","Chordata","Mammalia","Carnivora","Felidae","Felis catus","cat",1056,"Linnaeus, 1758",,,False,"II","Cape York Peninsula Land Use Study","National Rainforest Conservation Program","05-04-1993","05-04-1993","05-04-1993","PORTLAND ROAD, 5.0KM NE OF LAMOND HILL, IRON RANGE",-12.696147,143.332957,"GDA2020",100,1,"A",,"U",0
3610029,"3186","Animalia","Chordata","Mammalia","Carnivora","Felidae","Felis catus","cat",1056,"Linnaeus, 1758",,,False,"II","Cape York Peninsula Land Use Study","NR03 NRAP project","02-08-1993","02-08-1993","02-08-1993","SHELFER XING-MIDDLE CREEK ROAD",-15.401141,142.000312,"GDA2020",100,1,"A",,"U",0
3613564,"6723","Animalia","Chordata","Mammalia","Carnivora","Felidae","Felis catus","cat",1056,"Linnaeus, 1758",,,False,"II","Cape York Peninsula Land Use Study","NR03 NRAP project","11-09-1993","11-09-1993","11-09-1993","STONE CROSSING - WENLOCK RIVER",-12.395153,142.180464,"GDA2020",100,1,"A",,"U",0
3613565,"6724","Animalia","Chordata","Mammalia","Carnivora","Felidae","Felis catus","cat",1056,"Linnaeus, 1758",,,False,"II","Cape York Peninsula Land Use Study","NR03 NRAP project","11-09-1993","11-09-1993","11-09-1993","STONE CROSSING - WENLOCK RIVER",-12.395153,142.180464,"GDA2020",100,1,"A",,"U",0
3613568,"6727","Animalia","Chordata","Mammalia","Carnivora","Felidae","Felis catus","cat",1056,"Linnaeus, 1758",,,False,"II","Cape York Peninsula Land Use Study","NR03 NRAP project","11-09-1993","11-09-1993","11-09-1993","STONE CROSSING, WENLOCK RIVER",-12.387986,142.173964,"GDA2020",200,1,"A",,"U",0
3611865,"5023","Animalia","Chordata","Mammalia","Carnivora","Felidae","Felis catus","cat",1056,"Linnaeus, 1758",,,False,"II","Cape York Peninsula Land Use Study","National Rainforest Conservation Program","12-07-1993","12-07-1993","12-07-1993","CLAUDIE RIVER, 0.3KM WEST OF KING PARK RANGER STATION",-12.769480,143.283625,"GDA2020",100,1,"A",,"U",0
3617605,"10765","Animalia","Chordata","Mammalia","Carnivora","Felidae","Felis catus","cat",1056,"Linnaeus, 1758",,,False,"II","Cape York Peninsula Land Use Study","QDEH D. Storch's incidental observations","23-05-1993","23-05-1993","23-05-1993","Artemis Stn., bullock paddock dam",-14.933469,143.537295,"GDA2020",100,1,"A",,"U",0
3617599,"10759","Animalia","Chordata","Mammalia","Carnivora","Felidae","Felis catus","cat",1056,"Linnaeus, 1758",,,False,"II","Cape York Peninsula Land Use Study","QDEH D. Storch's incidental observations","22-05-1993","22-05-1993","22-05-1993","Artemis Stn., Pen. Dev. Rd.",-14.950635,143.561628,"GDA2020",100,1,"A",,"U",0
3617606,"10766","Animalia","Chordata","Mammalia","Carnivora","Felidae","Felis catus","cat",1056,"Linnaeus, 1758",,,False,"II","Cape York Peninsula Land Use Study","QDEH D. Storch's incidental observations","23-05-1993","23-05-1993","23-05-1993","Artemis/Dixie Track",-15.019302,143.483962,"GDA2020",100,1,"A",,"U",0
3617614,"10774","Animalia","Chordata","Mammalia","Carnivora","Felidae","Felis catus","cat",1056,"Linnaeus, 1758",,,False,"II","Cape York Peninsula Land Use Study","QDEH D. Storch's incidental observations","24-05-1993","24-05-1993","24-05-1993","Artemis/Dixie Track",-15.004635,143.519795,"GDA2020",100,1,"A",,"U",0
3617615,"10775","Animalia","Chordata","Mammalia","Carnivora","Felidae","Felis catus","cat",1056,"Linnaeus, 1758",,,False,"II","Cape York Peninsula Land Use Study","QDEH D. Storch's incidental observations","24-05-1993","24-05-1993","24-05-1993","Artemis/Dixie Track",-15.004802,143.515795,"GDA2020",100,1,"A",,"U",0
3617604,"10764","Animalia","Chordata","Mammalia","Carnivora","Felidae","Felis catus","cat",1056,"Linnaeus, 1758",,,False,"II","Cape York Peninsula Land Use Study","QDEH D. Storch's incidental observations","23-05-1993","23-05-1993","23-05-1993","Artemis Stn., Pen. Dev. Rd.",-15.005969,143.512295,"GDA2020",100,1,"A",,"U",0
3616437,"9597","Animalia","Chordata","Mammalia","Carnivora","Felidae","Felis catus","cat",1056,"Linnaeus, 1758",,,False,"II","Cape York Peninsula Land Use Study","QDEH miscellaneous records","13-10-1991","13-10-1991","13-10-1991","BATAVIA DOWNS RD, 8.5KM SW OF BATAVIA DOWNS",-12.706651,142.605462,"GDA2020",300,1,"A",,"U",0
3617556,"10716","Animalia","Chordata","Mammalia","Carnivora","Felidae","Felis catus","cat",1056,"Linnaeus, 1758",,,False,"II","Cape York Peninsula Land Use Study","QDEH D. Storch's incidental observations","20-05-1993","20-05-1993","20-05-1993","Mary Valley Stn., Moorehead River, Pen.",-15.018468,143.658294,"GDA2020",100,1,"A",,"U",0
3617589,"10749","Animalia","Chordata","Mammalia","Carnivora","Felidae","Felis catus","cat",1056,"Linnaeus, 1758",,,False,"II","Cape York Peninsula Land Use Study","QDEH D. Storch's incidental observations","22-05-1993","22-05-1993","22-05-1993","Not Supplied",-14.993135,143.546961,"GDA2020",100,1,"A",,"U",0
3617622,"10782","Animalia","Chordata","Mammalia","Carnivora","Felidae","Felis catus","cat",1056,"Linnaeus, 1758",,,False,"II","Cape York Peninsula Land Use Study","QDEH D. Storch's incidental observations","25-05-1993","25-05-1993","25-05-1993","Dixie Stn., Old Dixie out-station",-15.038136,143.467462,"GDA2020",100,1,"A",,"U",0
3617657,"10817","Animalia","Chordata","Mammalia","Carnivora","Felidae","Felis catus","cat",1056,"Linnaeus, 1758",,,False,"II","Cape York Peninsula Land Use Study","QDEH D. Storch's incidental observations","24-02-1994","24-02-1994","24-02-1994","Artemis Station, Peninsula Development R",-14.996301,143.624794,"GDA2020",100,1,"A",,"U",0
3617675,"10835","Animalia","Chordata","Mammalia","Carnivora","Felidae","Felis catus","cat",1056,"Linnaeus, 1758",,,False,"II","Cape York Peninsula Land Use Study","QDEH D. Storch's incidental observations","23-04-1994","23-04-1994","23-04-1994","Dixie Stn., Uptons Paddock Dam",-15.017969,143.489795,"GDA2020",100,1,"A",,"U",0
3612450,"5608","Animalia","Chordata","Mammalia","Carnivora","Felidae","Felis catus","cat",1056,"Linnaeus, 1758",,,False,"II","Cape York Peninsula Land Use Study","National Rainforest Conservation Program","20-08-1993","20-08-1993","20-08-1993","9.5KM SSW OF BOLT HEAD, TEMPLE BAY",-12.340648,143.076793,"GDA2020",100,1,"A",,"U",0
3616391,"9551","Animalia","Chordata","Mammalia","Carnivora","Felidae","Felis catus","cat",1056,"Linnaeus, 1758",,,False,"II","Cape York Peninsula Land Use Study","QDEH incidental records","16-06-1985","16-06-1985","16-06-1985","EMBLEY RANGE, 5.5 KM NE OF YORK DOWNS",-12.726819,142.373462,"GDA2020",500,1,"A",,"U",0
3628774,"33424","Animalia","Chordata","Mammalia","Carnivora","Felidae","Felis catus","cat",1056,"Linnaeus, 1758",,,False,"II","Cape York Peninsula Land Use Study","QDEH Weipa Fauna Survey","23-02-1981","23-02-1981","23-02-1981","WEIPA AIRPORT AND EMBLEY RIVER",-12.706819,141.959462,"GDA2020",4500,1,"A",,"U",0
3628779,"33429","Animalia","Chordata","Mammalia","Carnivora","Felidae","Felis catus","cat",1056,"Linnaeus, 1758",,,False,"II","Cape York Peninsula Land Use Study","QDEH Weipa Fauna Survey","24-09-1980","24-09-1980","24-09-1980","ANDOOM CREEK",-12.540153,141.876130,"GDA2020",4500,3,"A",,"U",0
3628780,"33430","Animalia","Chordata","Mammalia","Carnivora","Felidae","Felis catus","cat",1056,"Linnaeus, 1758",,,False,"II","Cape York Peninsula Land Use Study","QDEH Weipa Fauna Survey","25-09-1980","25-09-1980","25-09-1980","TELEGRAPH LINE ROAD, RUNNING CREEK",-12.706819,142.042795,"GDA2020",4500,2,"A",,"U",0
3628781,"33431","Animalia","Chordata","Mammalia","Carnivora","Felidae","Felis catus","cat",1056,"Linnaeus, 1758",,,False,"II","Cape York Peninsula Land Use Study","QDEH Weipa Fauna Survey","13-05-1981","13-05-1981","13-05-1981","""JUMP UP', 11KM WNW OF YORK DOWNS",-12.723152,142.207796,"GDA2020",900,1,"A",,"U",0
3628782,"33432","Animalia","Chordata","Mammalia","Carnivora","Felidae","Felis catus","cat",1056,"Linnaeus, 1758",,,False,"II","Cape York Peninsula Land Use Study","QDEH Weipa Fauna Survey","15-05-1981","15-05-1981","15-05-1981","""JUMP UP', 11KM WNW OF YORK DOWNS",-12.723152,142.207796,"GDA2020",900,1,"A",,"U",0
3628783,"33433","Animalia","Chordata","Mammalia","Carnivora","Felidae","Felis catus","cat",1056,"Linnaeus, 1758",,,False,"II","Cape York Peninsula Land Use Study","QDEH Weipa Fauna Survey","22-05-1981","22-05-1981","22-05-1981","PERA HEAD",-12.956820,141.626135,"GDA2020",4500,2,"A",,"U",0
3628784,"33434","Animalia","Chordata","Mammalia","Carnivora","Felidae","Felis catus","cat",1056,"Linnaeus, 1758",,,False,"II","Cape York Peninsula Land Use Study","QDEH Weipa Fauna Survey","26-05-1981","26-05-1981","26-05-1981","PERA HEAD",-12.956820,141.626135,"GDA2020",4500,1,"A",,"U",0
3628775,"33425","Animalia","Chordata","Mammalia","Carnivora","Felidae","Felis catus","cat",1056,"Linnaeus, 1758",,,False,"II","Cape York Peninsula Land Use Study","QDEH Weipa Fauna Survey","27-02-1981","27-02-1981","27-02-1981","WEIPA",-12.643153,141.875963,"GDA2020",2500,1,"A",,"U",0
3628776,"33426","Animalia","Chordata","Mammalia","Carnivora","Felidae","Felis catus","cat",1056,"Linnaeus, 1758",,,False,"II","Cape York Peninsula Land Use Study","QDEH Weipa Fauna Survey","18-09-1980","18-09-1980","18-09-1980","STONE CROSSING, WENLOCK RIVER",-12.387986,142.173964,"GDA2020",900,1,"A",,"U",0
3628768,"33418","Animalia","Chordata","Mammalia","Carnivora","Felidae","Felis catus","cat",1056,"Linnaeus, 1758",,,False,"II","Cape York Peninsula Land Use Study","QDEH Weipa Fauna Survey","01-09-1981","01-09-1981","01-09-1981","ANDOOM CREEK",-12.540153,141.876130,"GDA2020",4500,1,"A",,"U",0
3628769,"33419","Animalia","Chordata","Mammalia","Carnivora","Felidae","Felis catus","cat",1056,"Linnaeus, 1758",,,False,"II","Cape York Peninsula Land Use Study","QDEH Weipa Fauna Survey","09-09-1981","09-09-1981","09-09-1981","BERTIEHAUGH CREEK",-12.706819,142.376129,"GDA2020",4500,1,"A",,"U",0
3628777,"33427","Animalia","Chordata","Mammalia","Carnivora","Felidae","Felis catus","cat",1056,"Linnaeus, 1758",,,False,"II","Cape York Peninsula Land Use Study","QDEH Weipa Fauna Survey","18-09-1980","18-09-1980","18-09-1980","MYERFIELD-STONE CROSSING ROAD",-12.956818,142.126131,"GDA2020",4500,1,"A",,"U",0
3628770,"33420","Animalia","Chordata","Mammalia","Carnivora","Felidae","Felis catus","cat",1056,"Linnaeus, 1758",,,False,"II","Cape York Peninsula Land Use Study","QDEH Weipa Fauna Survey","11-02-1981","11-02-1981","11-02-1981","BETTERIDGE LANDING, PINE RIVER",-12.456820,141.792798,"GDA2020",4500,1,"A",,"U",0
3628778,"33428","Animalia","Chordata","Mammalia","Carnivora","Felidae","Felis catus","cat",1056,"Linnaeus, 1758",,,False,"II","Cape York Peninsula Land Use Study","QDEH Weipa Fauna Survey","21-09-1980","21-09-1980","21-09-1980","HEY POINT, EMLEY RIVER",-12.732652,141.890963,"GDA2020",900,1,"A",,"U",0
3628771,"33421","Animalia","Chordata","Mammalia","Carnivora","Felidae","Felis catus","cat",1056,"Linnaeus, 1758",,,False,"II","Cape York Peninsula Land Use Study","QDEH Weipa Fauna Survey","13-02-1981","13-02-1981","13-02-1981","WEIPA AIRPORT AND EMBLEY RIVER",-12.706819,141.959462,"GDA2020",4500,1,"A",,"U",0
3628772,"33422","Animalia","Chordata","Mammalia","Carnivora","Felidae","Felis catus","cat",1056,"Linnaeus, 1758",,,False,"II","Cape York Peninsula Land Use Study","QDEH Weipa Fauna Survey","13-02-1981","13-02-1981","13-02-1981","TELEGRAPH LINE ROAD, RUNNING CREEK",-12.706819,142.042795,"GDA2020",4500,1,"A",,"U",0
3628773,"33423","Animalia","Chordata","Mammalia","Carnivora","Felidae","Felis catus","cat",1056,"Linnaeus, 1758",,,False,"II","Cape York Peninsula Land Use Study","QDEH Weipa Fauna Survey","22-02-1981","22-02-1981","22-02-1981","WEIPA AIRPORT AND EMBLEY RIVER",-12.706819,141.959462,"GDA2020",4500,2,"A",,"U",0
3629597,"3563","Animalia","Chordata","Mammalia","Carnivora","Felidae","Felis catus","cat",1056,"Linnaeus, 1758",,,False,"II","Cape York Peninsula Land Use Study","NR03 NRAP project","09-08-1993","09-08-1993","09-08-1993","8 MILE CREEK, 2K WEST OF ORINERS OUTSTATION",-15.409970,142.931135,"GDA2020",100,1,"A",,"K",0
3678221,"722425","Animalia","Chordata","Mammalia","Carnivora","Felidae","Felis catus","cat",1056,"Linnaeus, 1758",,,False,"II","Queensland Historical Fauna Database","EPA-BBS Fauna Survey (1999)","26-05-1999","26-05-1999","26-05-1999","On the 4wd track to base of Mount Ka Ka Mundi; 5.2 km from junction with main track Site=S051, Ka Ka Mundi NPW490",-24.812042,147.475636,"GDA2020",300,,,,"U",0
3639434,,"Animalia","Chordata","Mammalia","Carnivora","Felidae","Felis catus","cat",1056,"Linnaeus, 1758",,,False,"II","NatureSearch Moggill","2001 Marsupial Nightstalk","09-05-2001","09-05-2001","09-05-2001","Hawksbury Road, Anstead",-27.548321,152.860006,"GDA2020",200,1,"A",,"U",0
3641476,,"Animalia","Chordata","Mammalia","Carnivora","Felidae","Felis catus","cat",1056,"Linnaeus, 1758",,,False,"II","NatureSearch Moggill","Volunteer Incidental Records","28-01-2002","28-01-2002","28-01-2002","Woorim Suburb",-27.069987,153.194451,"GDA2020",100,,,,"C",0
3657151,"700581","Animalia","Chordata","Mammalia","Carnivora","Felidae","Felis catus","cat",1056,"Linnaeus, 1758",,,False,"II","Queensland Historical Fauna Database","Aland & Taylor (1994)","01-11-1993","01-11-1993","01-11-1993","Wooroolin Swamp, 16km N of Kingaroy",-26.415069,151.834415,"GDA2020",900,,,,"U",0
3661652,"705101","Animalia","Chordata","Mammalia","Carnivora","Felidae","Felis catus","cat",1056,"Linnaeus, 1758",,,False,"II","Queensland Historical Fauna Database","Green et al. (1993)","01-01-1991","31-12-1991","01-01-1991","Wivenhoe Park, SEQ",-27.368395,152.576357,"GDA2020",4000,,,,"U",0
3663034,"706485","Animalia","Chordata","Mammalia","Carnivora","Felidae","Felis catus","cat",1056,"Linnaeus, 1758",,,False,"II","Queensland Historical Fauna Database","Giese & Jones (1996)","01-12-1989","31-12-1989","01-12-1989","UQ Vet farm, 12km W of Brisbane",-27.531725,152.921908,"GDA2020",1200,,,,"U",0
3665979,"709453","Animalia","Chordata","Mammalia","Carnivora","Felidae","Felis catus","cat",1056,"Linnaeus, 1758",,,False,"II","Queensland Historical Fauna Database","Erbacher & Pitt (1982)","01-01-1980","31-12-1980","01-01-1980","Portion 19 IV, Urangan",-25.298397,152.901055,"GDA2020",900,,,,"U",0
3673194,"716797","Animalia","Chordata","Mammalia","Carnivora","Felidae","Felis catus","cat",1056,"Linnaeus, 1758",,,False,"II","Queensland Historical Fauna Database","EPA-BBS Fauna Survey (1999)","13-09-1998","13-09-1998","13-09-1998","Incidental/Target site Site=L005, Barakula SF302",-26.256441,150.550799,"GDA2020",300,,,,"U",0
3674026,"717648","Animalia","Chordata","Mammalia","Carnivora","Felidae","Felis catus","cat",1056,"Linnaeus, 1758",,,False,"II","Queensland Historical Fauna Database","EPA-BBS Fauna Survey (1999)","01-10-1998","01-10-1998","01-10-1998","On the W side of the road that traverses Western Creek SF S-N, 2-3 km from S boundary Site=S008, Western Creek SF189",-28.067065,150.992702,"GDA2020",300,,,,"U",0
3677953,"722123","Animalia","Chordata","Mammalia","Carnivora","Felidae","Felis catus","cat",1056,"Linnaeus, 1758",,,False,"II","Queensland Historical Fauna Database","EPA-BBS Fauna Survey (1999)","26-05-1999","26-05-1999","26-05-1999","In the dense scrub 100 metres north of the Goongangannie spring road Site=S049, Ka Ka Mundi NPW490",-24.854508,147.410966,"GDA2020",300,,,,"U",0
3660347,"703795","Animalia","Chordata","Mammalia","Carnivora","Felidae","Felis catus","cat",1056,"Linnaeus, 1758",,,False,"II","Queensland Historical Fauna Database","Catterall & Wallace (1987)","01-01-1986","31-12-1986","01-01-1986","Toohey Forest, Brisbane",-27.540058,153.051073,"GDA2020",1800,,,,"U",0
3678435,"722718","Animalia","Chordata","Mammalia","Carnivora","Felidae","Felis catus","cat",1056,"Linnaeus, 1758",,,False,"II","Queensland Historical Fauna Database","EPA-BBS Fauna Survey (1999)","26-05-1999","26-05-1999","26-05-1999","Adjacent to the main access road 200-300m S of junction to the Bottom Scrubby Ck track Site=S048, Ka Ka Mundi NPW490",-24.827481,147.426018,"GDA2020",300,,,,"U",0
3678451,"722734","Animalia","Chordata","Mammalia","Carnivora","Felidae","Felis catus","cat",1056,"Linnaeus, 1758",,,False,"II","Queensland Historical Fauna Database","EPA-BBS Fauna Survey (1999)","26-05-1999","26-05-1999","26-05-1999","Carnarvon Development Road south of Rolleston Site=L480, various locations in BBS",-24.733852,148.534528,"GDA2020",300,,,,"U",0
3678505,"722821","Animalia","Chordata","Mammalia","Carnivora","Felidae","Felis catus","cat",1056,"Linnaeus, 1758",,,False,"II","Queensland Historical Fauna Database","EPA-BBS Fauna Survey (1999)","05-05-1999","05-05-1999","05-05-1999","Incidental/Target site Site=L389, Salvator Rosa NPW490",-24.845689,147.195827,"GDA2020",300,,,,"U",0
3743212,"813752","Animalia","Chordata","Mammalia","Carnivora","Felidae","Felis catus","cat",1056,"Linnaeus, 1758",,,False,"II","Queensland Historical Fauna Database","Lundie-Jenkins (1998)","01-01-1996","31-12-1996","01-01-1996","Taunton NP (See map-5)-cat",-23.512303,149.267768,"GDA2020",450,,,,"U",0
3743215,"813755","Animalia","Chordata","Mammalia","Carnivora","Felidae","Felis catus","cat",1056,"Linnaeus, 1758",,,False,"II","Queensland Historical Fauna Database","Lundie-Jenkins (1998)","01-01-1995","31-12-1995","01-01-1995","Taunton NP (See map-8)-cat",-23.481748,149.180269,"GDA2020",450,,,,"U",0
3743216,"813756","Animalia","Chordata","Mammalia","Carnivora","Felidae","Felis catus","cat",1056,"Linnaeus, 1758",,,False,"II","Queensland Historical Fauna Database","Lundie-Jenkins (1998)","01-01-1995","31-12-1995","01-01-1995","Taunton NP (See map-9)-cat",-23.503970,149.171936,"GDA2020",450,,,,"U",0
3743217,"813757","Animalia","Chordata","Mammalia","Carnivora","Felidae","Felis catus","cat",1056,"Linnaeus, 1758",,,False,"II","Queensland Historical Fauna Database","Lundie-Jenkins (1998)","01-01-1995","31-12-1995","01-01-1995","Taunton NP (See map-10)-cat",-23.516470,149.169158,"GDA2020",450,,,,"U",0
3743218,"813758","Animalia","Chordata","Mammalia","Carnivora","Felidae","Felis catus","cat",1056,"Linnaeus, 1758",,,False,"II","Queensland Historical Fauna Database","Lundie-Jenkins (1998)","01-01-1995","31-12-1995","01-01-1995","Taunton NP (See map-11)-cat",-23.585914,149.234435,"GDA2020",450,,,,"U",0
3743219,"813759","Animalia","Chordata","Mammalia","Carnivora","Felidae","Felis catus","cat",1056,"Linnaeus, 1758",,,False,"II","Queensland Historical Fauna Database","Lundie-Jenkins (1998)","01-01-1994","31-12-1994","01-01-1994","Taunton NP (See map-12)-cat",-23.570636,149.262213,"GDA2020",450,,,,"U",0
3743220,"813760","Animalia","Chordata","Mammalia","Carnivora","Felidae","Felis catus","cat",1056,"Linnaeus, 1758",,,False,"II","Queensland Historical Fauna Database","Lundie-Jenkins (1998)","01-01-1994","31-12-1994","01-01-1994","Taunton NP (See map-13)-cat",-23.531748,149.217768,"GDA2020",450,,,,"U",0
3743221,"813761","Animalia","Chordata","Mammalia","Carnivora","Felidae","Felis catus","cat",1056,"Linnaeus, 1758",,,False,"II","Queensland Historical Fauna Database","Lundie-Jenkins (1998)","01-01-1994","31-12-1994","01-01-1994","Taunton NP (See map-14)-cat",-23.502581,149.202491,"GDA2020",450,,,,"U",0
3743222,"813762","Animalia","Chordata","Mammalia","Carnivora","Felidae","Felis catus","cat",1056,"Linnaeus, 1758",,,False,"II","Queensland Historical Fauna Database","Lundie-Jenkins (1998)","01-01-1994","31-12-1994","01-01-1994","Taunton NP (See map-15)-cat",-23.503970,149.226102,"GDA2020",450,,,,"U",0
3743223,"813763","Animalia","Chordata","Mammalia","Carnivora","Felidae","Felis catus","cat",1056,"Linnaeus, 1758",,,False,"II","Queensland Historical Fauna Database","Lundie-Jenkins (1998)","01-01-1994","31-12-1994","01-01-1994","Taunton NP (See map-16)-cat",-23.498414,149.274712,"GDA2020",450,,,,"U",0
3743213,"813753","Animalia","Chordata","Mammalia","Carnivora","Felidae","Felis catus","cat",1056,"Linnaeus, 1758",,,False,"II","Queensland Historical Fauna Database","Lundie-Jenkins (1998)","01-01-1996","31-12-1996","01-01-1996","Taunton NP (See map-6)-cat",-23.517859,149.184435,"GDA2020",450,,,,"U",0
3743214,"813754","Animalia","Chordata","Mammalia","Carnivora","Felidae","Felis catus","cat",1056,"Linnaeus, 1758",,,False,"II","Queensland Historical Fauna Database","Lundie-Jenkins (1998)","01-01-1996","31-12-1996","01-01-1996","Taunton NP (See map-7)-cat",-23.537303,149.194158,"GDA2020",450,,,,"U",0
3679273,"723695","Animalia","Chordata","Mammalia","Carnivora","Felidae","Felis catus","cat",1056,"Linnaeus, 1758",,,False,"II","Queensland Historical Fauna Database","EPA-BBS Fauna Survey (1999)","05-05-1999","05-05-1999","05-05-1999","1.9 km along the Nogoa River Campground Rd, from the northern boundary of Salvator Rosa Site=T077, Salvator Rosa NPW490",-24.792070,147.202935,"GDA2020",300,,,,"U",0
3743211,"813751","Animalia","Chordata","Mammalia","Carnivora","Felidae","Felis catus","cat",1056,"Linnaeus, 1758",,,False,"II","Queensland Historical Fauna Database","Lundie-Jenkins (1998)","01-01-1998","31-12-1998","01-01-1998","Taunton NP (See map-4)-cat",-23.531747,149.259435,"GDA2020",450,,,,"U",0
3699666,"744381","Animalia","Chordata","Mammalia","Carnivora","Felidae","Felis catus","cat",1056,"Linnaeus, 1758",,,False,"II","Queensland Historical Fauna Database","Davies (1993)","01-01-1980","31-12-1980","01-01-1980","Brisbane Statistical Division",-27.431724,153.101071,"GDA2020",40000,,,,"U",0
3743190,"813730","Animalia","Chordata","Mammalia","Carnivora","Felidae","Felis catus","cat",1056,"Linnaeus, 1758",,,False,"II","Queensland Historical Fauna Database","Lundie-Jenkins (1998)","01-03-1998","31-03-1998","01-03-1998","Taunton NP (general)",-23.527581,149.221935,"GDA2020",7000,,,,"U",0
3743208,"813748","Animalia","Chordata","Mammalia","Carnivora","Felidae","Felis catus","cat",1056,"Linnaeus, 1758",,,False,"II","Queensland Historical Fauna Database","Lundie-Jenkins (1998)","01-01-1998","31-12-1998","01-01-1998","Taunton NP (See map-1)-cat",-23.483137,149.209435,"GDA2020",450,,,,"U",0
3743209,"813749","Animalia","Chordata","Mammalia","Carnivora","Felidae","Felis catus","cat",1056,"Linnaeus, 1758",,,False,"II","Queensland Historical Fauna Database","Lundie-Jenkins (1998)","01-01-1998","31-12-1998","01-01-1998","Taunton NP (See map-2)-cat",-23.491470,149.251101,"GDA2020",450,,,,"U",0
3743210,"813750","Animalia","Chordata","Mammalia","Carnivora","Felidae","Felis catus","cat",1056,"Linnaeus, 1758",,,False,"II","Queensland Historical Fauna Database","Lundie-Jenkins (1998)","01-01-1998","31-12-1998","01-01-1998","Taunton NP (See map-3)-cat",-23.530359,149.205269,"GDA2020",450,,,,"U",0
3743266,"813806","Animalia","Chordata","Mammalia","Carnivora","Felidae","Felis catus","cat",1056,"Linnaeus, 1758",,,False,"II","Queensland Historical Fauna Database","Cremasco & Hopkins (1998)","01-06-1996","30-06-1996","01-06-1996","Store Paddock, Astrebla NP",-24.116250,140.522331,"GDA2020",300,,,,"U",0
3743267,"813807","Animalia","Chordata","Mammalia","Carnivora","Felidae","Felis catus","cat",1056,"Linnaeus, 1758",,,False,"II","Queensland Historical Fauna Database","Cremasco & Hopkins (1998)","01-11-1996","30-11-1996","01-11-1996","Girraween NP",-28.830341,151.944715,"GDA2020",300,,,,"U",0
3743268,"813808","Animalia","Chordata","Mammalia","Carnivora","Felidae","Felis catus","cat",1056,"Linnaeus, 1758",,,False,"II","Queensland Historical Fauna Database","Cremasco & Hopkins (1998)","01-01-1996","31-12-1996","01-01-1996","Diamantina NP",-23.763467,141.142048,"GDA2020",300,,,,"U",0
3743269,"813809","Animalia","Chordata","Mammalia","Carnivora","Felidae","Felis catus","cat",1056,"Linnaeus, 1758",,,False,"II","Queensland Historical Fauna Database","Cremasco & Hopkins (1998)","01-01-1996","31-12-1996","01-01-1996","Taunton NP",-23.482303,149.206657,"GDA2020",300,,,,"U",0
3743270,"813810","Animalia","Chordata","Mammalia","Carnivora","Felidae","Felis catus","cat",1056,"Linnaeus, 1758",,,False,"II","Queensland Historical Fauna Database","Cremasco & Hopkins (1998)","01-01-1996","31-12-1996","01-01-1996","Halls Poultry Farm, 6km E of Millmerran",-27.846458,151.328326,"GDA2020",300,,,,"U",0
3743271,"813811","Animalia","Chordata","Mammalia","Carnivora","Felidae","Felis catus","cat",1056,"Linnaeus, 1758",,,False,"II","Queensland Historical Fauna Database","Cremasco & Hopkins (1998)","01-01-1996","31-12-1996","01-01-1996","Muncoonie Lakes, Adria Downs Stn",-25.264322,138.662082,"GDA2020",300,,,,"U",0
3701711,"746938","Animalia","Chordata","Mammalia","Carnivora","Felidae","Felis catus","cat",1056,"Linnaeus, 1758",,,False,"II","Queensland Historical Fauna Database","Haselgrove (1994)","01-01-1988","31-12-1988","01-01-1988","Christie Target area, Roberts Range proposal",-28.915064,151.826107,"GDA2020",5000,,,,"U",0
3743272,"813812","Animalia","Chordata","Mammalia","Carnivora","Felidae","Felis catus","cat",1056,"Linnaeus, 1758",,,False,"II","Queensland Historical Fauna Database","Cremasco & Hopkins (1998)","01-01-1996","31-12-1996","01-01-1996","Millmerran rubbish tip",-27.873403,151.267772,"GDA2020",1800,,,,"U",0
3743273,"813813","Animalia","Chordata","Mammalia","Carnivora","Felidae","Felis catus","cat",1056,"Linnaeus, 1758",,,False,"II","Queensland Historical Fauna Database","Cremasco & Hopkins (1998)","01-01-1996","31-12-1996","01-01-1996","Inglewood rubbish tip",-28.415070,151.084447,"GDA2020",1800,,,,"U",0
3743274,"813814","Animalia","Chordata","Mammalia","Carnivora","Felidae","Felis catus","cat",1056,"Linnaeus, 1758",,,False,"II","Queensland Historical Fauna Database","Cremasco & Hopkins (1998)","01-01-1996","31-12-1996","01-01-1996","Yelarbon rubbish tip",-28.573405,150.751121,"GDA2020",1800,,,,"U",0
3746194,"816753","Animalia","Chordata","Mammalia","Carnivora","Felidae","Felis catus","cat",1056,"Linnaeus, 1758",,,False,"II","Queensland Historical Fauna Database","Casey (1991)","01-03-1991","31-03-1991","01-03-1991","VCL west of Townsville Town Common, western side of Bohle River",-19.215107,146.703334,"GDA2020",1500,,,,"U",0
3746435,"816994","Animalia","Chordata","Mammalia","Carnivora","Felidae","Felis catus","cat",1056,"Linnaeus, 1758",,,False,"II","Queensland Historical Fauna Database","Evans (2000)","01-01-1998","31-12-1998","01-01-1998","Epping Forest National Park",-22.365098,146.701130,"GDA2020",900,,,,"U",0
3748523,"819099","Animalia","Chordata","Mammalia","Carnivora","Felidae","Felis catus","cat",1056,"Linnaeus, 1758",,,False,"II","Queensland Historical Fauna Database","Brown & Lundie-Jenkins (1995)","01-08-1995","31-08-1995","01-08-1995","Jimbour area",-26.919239,151.084432,"GDA2020",15000,,,,"U",0
3748615,"819191","Animalia","Chordata","Mammalia","Carnivora","Felidae","Felis catus","cat",1056,"Linnaeus, 1758",,,False,"II","Queensland Historical Fauna Database","Brown & Lundie-Jenkins (1995)","01-09-1995","30-09-1995","01-09-1995","Kappunn area",-27.231738,151.109435,"GDA2020",10000,,,,"U",0
3748616,"819192","Animalia","Chordata","Mammalia","Carnivora","Felidae","Felis catus","cat",1056,"Linnaeus, 1758",,,False,"II","Queensland Historical Fauna Database","Brown & Lundie-Jenkins (1995)","01-09-1995","30-09-1995","01-09-1995","Waggamba area",-28.206741,150.434455,"GDA2020",9000,,,,"U",0
3749030,"819606","Animalia","Chordata","Mammalia","Carnivora","Felidae","Felis catus","cat",1056,"Linnaeus, 1758",,,False,"II","Queensland Historical Fauna Database","Barry & James (1991)","01-09-1991","30-09-1991","01-09-1991","Key are 11/1, 30km N of Alpha",-23.281765,146.617804,"GDA2020",13000,,,,"U",0
3749846,"820428","Animalia","Chordata","Mammalia","Carnivora","Felidae","Felis catus","cat",1056,"Linnaeus, 1758",,,False,"II","Queensland Historical Fauna Database","Dames & Moore (1990)","01-11-1989","30-11-1989","01-11-1989","Manifold Hills area, Port Clinton area",-22.723409,150.784412,"GDA2020",1800,,,,"U",0
3750183,"820766","Animalia","Chordata","Mammalia","Carnivora","Felidae","Felis catus","cat",1056,"Linnaeus, 1758",,,False,"II","Queensland Historical Fauna Database","Smith (1996)","19-02-1996","19-02-1996","19-02-1996","German Creek coal area, nr Middlemount",-22.915090,148.601102,"GDA2020",5000,,,,"U",0
3750545,"821129","Animalia","Chordata","Mammalia","Carnivora","Felidae","Felis catus","cat",1056,"Linnaeus, 1758",,,False,"II","Queensland Historical Fauna Database","Smith (1996)","24-09-1996","24-09-1996","24-09-1996","Theodore prospect area, N & S of Theodore",-24.957235,150.017763,"GDA2020",15000,,,,"U",0
3744724,"815272","Animalia","Chordata","Mammalia","Carnivora","Felidae","Felis catus","cat",1056,"Linnaeus, 1758",,,False,"II","Queensland Historical Fauna Database","ACTFR (1994)","01-01-1993","31-12-1993","01-01-1993","Burdekin River Irrigation area",-19.781768,147.284440,"GDA2020",40000,,,,"U",0
3753101,"878302","Animalia","Chordata","Mammalia","Carnivora","Felidae","Felis catus","cat",1056,"Linnaeus, 1758",,,False,"II","Queensland Historical Fauna Database","Elson et al. (1997)","01-07-1997","31-07-1997","01-07-1997","Lorna Vale Stn, 10km N of Marlborough",-22.740080,149.851094,"GDA2020",2000,,,,"U",0
3753964,"879514","Animalia","Chordata","Mammalia","Carnivora","Felidae","Felis catus","cat",1056,"Linnaeus, 1758",,,False,"II","Queensland Historical Fauna Database","Thomas (1993)","01-01-1993","31-12-1993","01-01-1993","Idalia NP study site",-24.877610,144.759509,"GDA2020",6000,,,,"U",0
3754268,"879964","Animalia","Chordata","Mammalia","Carnivora","Felidae","Felis catus","cat",1056,"Linnaeus, 1758",,,False,"II","Queensland Historical Fauna Database","Sinclair Knight Merz (1998)","01-07-1998","31-07-1998","01-07-1998","Proposed power stn, Stoney Ck W of Ross River Dam, Townsville",-19.405384,146.676113,"GDA2020",2000,,,,"U",0
3755121,"879082","Animalia","Chordata","Mammalia","Carnivora","Felidae","Felis catus","cat",1056,"Linnaeus, 1758",,,False,"II","Queensland Historical Fauna Database","Lowry (1998)","01-01-1998","31-12-1998","01-01-1998","Yarra Heritage Block, 24km NW Gogango",-23.548410,149.834428,"GDA2020",2000,,,,"U",0
3755242,"879751","Animalia","Chordata","Mammalia","Carnivora","Felidae","Felis catus","cat",1056,"Linnaeus, 1758",,,False,"II","Queensland Historical Fauna Database","Environmental Research & Education (1996)","20-04-1996","20-04-1996","20-04-1996","Site 2, Hail Creek mining lease",-21.490092,148.367766,"GDA2020",450,,,,"U",0
3755480,"880686","Animalia","Chordata","Mammalia","Carnivora","Felidae","Felis catus","cat",1056,"Linnaeus, 1758",,,False,"II","Queensland Historical Fauna Database","ISON Environmental Planners (1994)","01-07-1992","31-07-1992","01-07-1992","Proposed power stn nr Brigalow",-26.906741,150.742770,"GDA2020",1800,,,,"U",0
3755617,"880823","Animalia","Chordata","Mammalia","Carnivora","Felidae","Felis catus","cat",1056,"Linnaeus, 1758",,,False,"II","Queensland Historical Fauna Database","Department of Environment (1997)","01-12-1996","31-12-1996","01-12-1996","Emerald Rifle Range area",-23.556760,148.159441,"GDA2020",900,,,,"U",0
3755740,"880947","Animalia","Chordata","Mammalia","Carnivora","Felidae","Felis catus","cat",1056,"Linnaeus, 1758",,,False,"II","Queensland Historical Fauna Database","ERM Mitchell McCotter (1998)","01-12-1997","01-12-1997","01-12-1997","Proposed Tarong-Armidale transmission line",-27.731739,150.834444,"GDA2020",54000,,,,"U",0
3762420,"887632","Animalia","Chordata","Mammalia","Carnivora","Felidae","Felis catus","cat",1056,"Linnaeus, 1758",,,False,"II","Queensland Historical Fauna Database","Hyder Environmental (1999)","01-12-1998","01-12-1998","01-12-1998","Proposed Mt Bridget dam, Connors River",-22.031753,149.134430,"GDA2020",1800,,,,"U",0
3759657,"884958","Animalia","Chordata","Mammalia","Carnivora","Felidae","Felis catus","cat",1056,"Linnaeus, 1758",,,False,"II","Queensland Historical Fauna Database","Fisher (1998)","01-01-1993","31-12-1993","01-01-1993","Taunton NP",-23.548414,149.217769,"GDA2020",1800,,,,"U",0
3759875,"885084","Animalia","Chordata","Mammalia","Carnivora","Felidae","Felis catus","cat",1056,"Linnaeus, 1758",,,False,"II","Queensland Historical Fauna Database","Morgan (1997)","01-01-1994","31-12-1994","01-01-1994","Proposed Bolger Bay NR, Magnetic Island",-19.144273,146.805277,"GDA2020",500,,,,"U",0
3761666,"886877","Animalia","Chordata","Mammalia","Carnivora","Felidae","Felis catus","cat",1056,"Linnaeus, 1758",,,False,"II","Queensland Historical Fauna Database","Fisher (2000)","01-01-1996","31-12-1996","01-01-1996","Taunton NP",-23.548414,149.217769,"GDA2020",1800,,,,"U",0
3761579,"886790","Animalia","Chordata","Mammalia","Carnivora","Felidae","Felis catus","cat",1056,"Linnaeus, 1758",,,False,"II","Queensland Historical Fauna Database","Houston etal. (2001)","19-03-2001","19-03-2001","19-03-2001","Incidental record, Albinia NP",-24.465079,148.484453,"GDA2020",5000,,,,"U",0
3765328,"890730","Animalia","Chordata","Mammalia","Carnivora","Felidae","Felis catus","cat",1056,"Linnaeus, 1758",,,False,"II","Queensland Historical Fauna Database","Woodward-Clyde (1996)","01-07-1996","31-07-1996","01-07-1996","Burnett River d/s S of Mt Goondicum crater",-24.915066,151.433011,"GDA2020",3600,,,,"U",0
3763609,"888834","Animalia","Chordata","Mammalia","Carnivora","Felidae","Felis catus","cat",1056,"Linnaeus, 1758",,,False,"II","Queensland Historical Fauna Database","James (1998)","01-01-1995","31-12-1995","01-01-1995","Anderson Park, Townsville",-19.292884,146.785834,"GDA2020",500,,,,"U",0
3764514,"889909","Animalia","Chordata","Mammalia","Carnivora","Felidae","Felis catus","cat",1056,"Linnaeus, 1758",,,False,"II","Queensland Historical Fauna Database","Dames & Moore (1998)","01-12-1997","31-12-1997","01-12-1997","Aldoga - south",-23.869793,151.079674,"GDA2020",300,,,,"U",0
3764515,"889910","Animalia","Chordata","Mammalia","Carnivora","Felidae","Felis catus","cat",1056,"Linnaeus, 1758",,,False,"II","Queensland Historical Fauna Database","Dames & Moore (1998)","01-12-1997","31-12-1997","01-12-1997","Pipeline corridor nr Yarwun",-23.841738,151.113840,"GDA2020",300,,,,"U",0
3764516,"889911","Animalia","Chordata","Mammalia","Carnivora","Felidae","Felis catus","cat",1056,"Linnaeus, 1758",,,False,"II","Queensland Historical Fauna Database","Dames & Moore (1998)","01-12-1997","31-12-1997","01-12-1997","Gravel Creek area",-23.894793,151.086619,"GDA2020",300,,,,"U",0
3765520,"890922","Animalia","Chordata","Mammalia","Carnivora","Felidae","Felis catus","cat",1056,"Linnaeus, 1758",,,False,"II","Queensland Historical Fauna Database","ERM Mitchell McCotter (1999)","01-08-1999","31-08-1999","01-08-1999","Kogan-Braemer powerline corridor",-27.031734,150.817761,"GDA2020",13500,,,,"U",0
3765671,"891078","Animalia","Chordata","Mammalia","Carnivora","Felidae","Felis catus","cat",1056,"Linnaeus, 1758",,,False,"II","Queensland Historical Fauna Database","Sinclair Knight Merz (1998)","22-04-1998","22-04-1998","22-04-1998","Millmerran-proposed power stn & mine",-27.940063,151.271930,"GDA2020",2500,,,,"U",0
3766261,"891512","Animalia","Chordata","Mammalia","Carnivora","Felidae","Felis catus","cat",1056,"Linnaeus, 1758",,,False,"II","Queensland Historical Fauna Database","Sinclair Knight Merz (1999)","01-01-1999","31-12-1999","01-01-1999","Fauna incidental, Stuart Stage 2 area, NW of Gladstone",-23.790071,151.134395,"GDA2020",3500,,,,"U",0
3764031,"889418","Animalia","Chordata","Mammalia","Carnivora","Felidae","Felis catus","cat",1056,"Linnaeus, 1758",,,False,"II","Queensland Historical Fauna Database","Dames & Moore (1998)","01-12-1997","31-12-1997","01-12-1997","Comalco port site",-23.809515,151.160783,"GDA2020",300,,,,"U",0
3767342,"892604","Animalia","Chordata","Mammalia","Carnivora","Felidae","Felis catus","cat",1056,"Linnaeus, 1758",,,False,"II","Queensland Historical Fauna Database","Anon (1990)","02-11-1990","02-11-1990","02-11-1990","Cudmore Stn",-22.965106,146.367789,"GDA2020",5400,,,,"U",0
3765021,"890416","Animalia","Chordata","Mammalia","Carnivora","Felidae","Felis catus","cat",1056,"Linnaeus, 1758",,,False,"II","Queensland Historical Fauna Database","PPK Environment & Infrastructure (1999)","01-01-1998","31-12-1998","01-01-1998","Proposed Barlil Weir area, Barambah Creek",-26.206727,151.873293,"GDA2020",900,,,,"U",0
3765397,"890799","Animalia","Chordata","Mammalia","Carnivora","Felidae","Felis catus","cat",1056,"Linnaeus, 1758",,,False,"II","Queensland Historical Fauna Database","Goldizen & Sigg (1997-2000)","01-01-1997","31-12-1997","01-01-1997","Taunton NP - NE corner",-23.490085,149.234420,"GDA2020",3600,,,,"U",0
3765417,"890819","Animalia","Chordata","Mammalia","Carnivora","Felidae","Felis catus","cat",1056,"Linnaeus, 1758",,,False,"II","Queensland Historical Fauna Database","Goldizen & Sigg (1997-2000)","01-01-1998","31-12-1998","01-01-1998","Taunton NP - NE corner",-23.490085,149.234420,"GDA2020",3600,,,,"U",0
3765424,"890826","Animalia","Chordata","Mammalia","Carnivora","Felidae","Felis catus","cat",1056,"Linnaeus, 1758",,,False,"II","Queensland Historical Fauna Database","Goldizen & Sigg (1997-2000)","01-01-1999","31-12-1999","01-01-1999","Taunton NP - NE corner",-23.490085,149.234420,"GDA2020",3600,,,,"U",0
3767057,"892310","Animalia","Chordata","Mammalia","Carnivora","Felidae","Felis catus","cat",1056,"Linnaeus, 1758",,,False,"II","Queensland Historical Fauna Database","Cameron McNamara (1981)","01-10-1980","31-10-1980","01-10-1980","Theodore Coal Project area nr Theodore",-25.031742,150.059421,"GDA2020",24000,,,,"U",0
3770559,"895873","Animalia","Chordata","Mammalia","Carnivora","Felidae","Felis catus","cat",1056,"Linnaeus, 1758",,,False,"II","Queensland Historical Fauna Database","Dames & Moore (1999)","01-08-1998","31-08-1998","01-08-1998","Slurry pipeline, Stanwell Magnesium Plant Area",-23.190078,150.284403,"GDA2020",34000,,,,"U",0
3770560,"895874","Animalia","Chordata","Mammalia","Carnivora","Felidae","Felis catus","cat",1056,"Linnaeus, 1758",,,False,"II","Queensland Historical Fauna Database","Dames & Moore (1999)","01-06-1999","30-06-1999","01-06-1999","Treated water pipeline, Stanwell Magnesium Plant Area",-23.465077,150.459402,"GDA2020",12500,,,,"U",0
3770561,"895875","Animalia","Chordata","Mammalia","Carnivora","Felidae","Felis catus","cat",1056,"Linnaeus, 1758",,,False,"II","Queensland Historical Fauna Database","Dames & Moore (1999)","01-08-1998","31-08-1998","01-08-1998","Site 3, Stanwell Magnesium Plant Area",-23.508133,150.331627,"GDA2020",450,,,,"U",0
3770562,"895876","Animalia","Chordata","Mammalia","Carnivora","Felidae","Felis catus","cat",1056,"Linnaeus, 1758",,,False,"II","Queensland Historical Fauna Database","Dames & Moore (1999)","01-08-1998","31-08-1998","01-08-1998","Site N1, Stanwell Magnesium Plant Area",-23.495633,150.301071,"GDA2020",450,,,,"U",0
3770558,"895872","Animalia","Chordata","Mammalia","Carnivora","Felidae","Felis catus","cat",1056,"Linnaeus, 1758",,,False,"II","Queensland Historical Fauna Database","Dames & Moore (1999)","01-08-1998","31-08-1998","01-08-1998","Site G1, Stanwell Magnesium Plant Area",-23.498411,150.306627,"GDA2020",450,,,,"U",0
3770119,"895433","Animalia","Chordata","Mammalia","Carnivora","Felidae","Felis catus","cat",1056,"Linnaeus, 1758",,,False,"II","Queensland Historical Fauna Database","Dames & Moore (1999)","01-08-1998","31-08-1998","01-08-1998","Site P1, Stanwell Magnesium Plant Area",-23.502577,150.317738,"GDA2020",450,,,,"U",0
3797105,"924150","Animalia","Chordata","Mammalia","Carnivora","Felidae","Felis catus","cat",1056,"Linnaeus, 1758",,,False,"II","Queensland Historical Fauna Database","Woolley (1996)","01-01-1995","31-12-1995","01-01-1995","Laneway site, Lyrian Stn",-19.356813,141.176158,"GDA2020",900,,,,"U",0
3797575,"924624","Animalia","Chordata","Mammalia","Carnivora","Felidae","Felis catus","cat",1056,"Linnaeus, 1758",,,False,"II","Queensland Historical Fauna Database","Hannah & Thurgate (1998)","13-07-1998","13-07-1998","13-07-1998","Monklands-Oakleigh Stns, Jericho Shire",-23.515104,146.501125,"GDA2020",8000,,,,"U",0
3799107,"925892","Animalia","Chordata","Mammalia","Carnivora","Felidae","Felis catus","cat",1056,"Linnaeus, 1758",,,False,"II","Queensland Historical Fauna Database","Dollery (1997)","01-01-1990","31-12-1990","01-01-1990","Mariala NP (general)",-26.031780,145.034500,"GDA2020",14000,,,,"U",0
3797094,"924139","Animalia","Chordata","Mammalia","Carnivora","Felidae","Felis catus","cat",1056,"Linnaeus, 1758",,,False,"II","Queensland Historical Fauna Database","Woolley (1996)","01-03-1996","31-03-1996","01-03-1996","Proa Stn",-20.898471,142.151158,"GDA2020",3600,,,,"U",0
3799294,"926079","Animalia","Chordata","Mammalia","Carnivora","Felidae","Felis catus","cat",1056,"Linnaeus, 1758",,,False,"II","Queensland Historical Fauna Database","Lapidge & Henshall (2001)","01-01-1999","31-12-1999","01-01-1999","Lambert-Acton-Caranna Stns",-25.448443,145.401157,"GDA2020",17000,,,,"U",0
3796552,"923594","Animalia","Chordata","Mammalia","Carnivora","Felidae","Felis catus","cat",1056,"Linnaeus, 1758",,,False,"II","Queensland Historical Fauna Database","Addicott (1994)","01-01-1992","31-12-1992","01-01-1992","Forest Den NP",-22.123448,145.201131,"GDA2020",4500,,,,"U",0
3796619,"923661","Animalia","Chordata","Mammalia","Carnivora","Felidae","Felis catus","cat",1056,"Linnaeus, 1758",,,False,"II","Queensland Historical Fauna Database","Munks (1993)","01-01-1992","31-12-1992","01-01-1992","Strathroy Stn, Desert Uplands",-22.390120,144.459475,"GDA2020",3600,,,,"U",0
3799647,"926432","Animalia","Chordata","Mammalia","Carnivora","Felidae","Felis catus","cat",1056,"Linnaeus, 1758",,,False,"II","Queensland Historical Fauna Database","Eddie (2000)","01-01-1980","31-12-1980","01-01-1980","Thruston NP (general)",-27.748425,147.667815,"GDA2020",15000,,,,"U",0
3796245,"923285","Animalia","Chordata","Mammalia","Carnivora","Felidae","Felis catus","cat",1056,"Linnaeus, 1758",,,False,"II","Queensland Historical Fauna Database","CSIRO (1992)","01-01-1990","31-12-1990","01-01-1990","Noonbah Stn - receiver stn area",-24.198461,143.201173,"GDA2020",10000,,,,"U",0
3796304,"923346","Animalia","Chordata","Mammalia","Carnivora","Felidae","Felis catus","cat",1056,"Linnaeus, 1758",,,False,"II","Queensland Historical Fauna Database","CSIRO (1992)","01-01-1990","31-12-1990","01-01-1990","10-30km S of Longreach",-23.631787,144.217822,"GDA2020",10000,,,,"U",0
3799430,"926215","Animalia","Chordata","Mammalia","Carnivora","Felidae","Felis catus","cat",1056,"Linnaeus, 1758",,,False,"II","Queensland Historical Fauna Database","Dollery (1997)","01-01-1990","31-12-1990","01-01-1990","Hell Hole NP (general)",-25.531787,144.155340,"GDA2020",9000,,,,"U",0
3800216,"927001","Animalia","Chordata","Mammalia","Carnivora","Felidae","Felis catus","cat",1056,"Linnaeus, 1758",,,False,"II","Queensland Historical Fauna Database","Dollery (1997)","01-01-1990","31-12-1990","01-01-1990","Charleville region",-26.398445,145.251168,"GDA2020",54000,,,,"U",0
3800591,"927376","Animalia","Chordata","Mammalia","Carnivora","Felidae","Felis catus","cat",1056,"Linnaeus, 1758",,,False,"II","Queensland Historical Fauna Database","Dollery (1997)","01-01-1990","31-12-1990","01-01-1990","Chesterton NP (general)",-26.198428,147.417803,"GDA2020",12000,,,,"U",0
3800872,"927657","Animalia","Chordata","Mammalia","Carnivora","Felidae","Felis catus","cat",1056,"Linnaeus, 1758",,,False,"II","Queensland Historical Fauna Database","Dollery (1997)","01-01-1990","31-12-1990","01-01-1990","Currawinya NP (general)",-28.815119,144.534536,"GDA2020",40000,,,,"U",0
3826086,"969600","Animalia","Chordata","Mammalia","Carnivora","Felidae","Felis catus","cat",1056,"Linnaeus, 1758",,,False,"II","Queensland Historical Fauna Database","Muths (1995)","01-01-1993","31-12-1993","01-01-1993","Idalia NP study site",-24.881776,144.767842,"GDA2020",1500,,,,"U",0
3801432,"928217","Animalia","Chordata","Mammalia","Carnivora","Felidae","Felis catus","cat",1056,"Linnaeus, 1758",,,False,"II","Queensland Historical Fauna Database","Dollery (1997)","01-01-1990","31-12-1990","01-01-1990","Lake Bindegolly NP (general)",-28.060955,144.172033,"GDA2020",6000,,,,"U",0
3822216,"965473","Animalia","Chordata","Mammalia","Carnivora","Felidae","Felis catus","cat",1056,"Linnaeus, 1758",,,False,"II","Queensland Historical Fauna Database","Mahon & Dickman (1995)","01-01-1995","31-12-1995","01-01-1995","Carlo Stn, western Qld",-23.448496,138.601219,"GDA2020",7200,,,,"U",0
3822500,"965757","Animalia","Chordata","Mammalia","Carnivora","Felidae","Felis catus","cat",1056,"Linnaeus, 1758",,,False,"II","Queensland Historical Fauna Database","Bielewicz (1991)","01-09-1991","30-09-1991","01-09-1991","Arcoona Stn, 40km SSW Mitchell",-26.806757,147.867803,"GDA2020",5400,,,,"U",0
3822212,"965469","Animalia","Chordata","Mammalia","Carnivora","Felidae","Felis catus","cat",1056,"Linnaeus, 1758",,,False,"II","Queensland Historical Fauna Database","Mahon & Dickman (1995)","01-01-1995","31-12-1995","01-01-1995","Cravens Peak Stn, western Qld",-23.265163,138.517885,"GDA2020",7200,,,,"U",0
3822214,"965471","Animalia","Chordata","Mammalia","Carnivora","Felidae","Felis catus","cat",1056,"Linnaeus, 1758",,,False,"II","Queensland Historical Fauna Database","Mahon & Dickman (1995)","01-01-1995","31-12-1995","01-01-1995","Ethabuka Stn, western Qld",-23.831831,138.451224,"GDA2020",7200,,,,"U",0
3820350,"963607","Animalia","Chordata","Mammalia","Carnivora","Felidae","Felis catus","cat",1056,"Linnaeus, 1758",,,False,"II","Queensland Historical Fauna Database","Barry (1984)","01-01-1984","31-01-1984","01-01-1984","Newington Stn, Portion 2",-27.065082,148.926123,"GDA2020",4500,,,,"U",0
3823199,"966685","Animalia","Chordata","Mammalia","Carnivora","Felidae","Felis catus","cat",1056,"Linnaeus, 1758",,,False,"II","Queensland Historical Fauna Database","Geeves & Thomas (1992b)","02-10-1991","02-10-1991","02-10-1991","Lake Wyara area (water+adj land), Currawinya NP",-28.748455,144.234539,"GDA2020",3600,,,,"U",0
3823201,"966687","Animalia","Chordata","Mammalia","Carnivora","Felidae","Felis catus","cat",1056,"Linnaeus, 1758",,,False,"II","Queensland Historical Fauna Database","Geeves & Thomas (1992b)","02-10-1991","02-10-1991","02-10-1991","Lake Numalla area (water+adj land), Currawinya NP",-28.752621,144.297039,"GDA2020",3600,,,,"U",0
3832758,,"Animalia","Chordata","Mammalia","Carnivora","Felidae","Felis catus","cat",1056,"Linnaeus, 1758",,,False,"II","Harry Hines fauna data","QNC Princess Hills fauna survey","10-09-2002",,"10-09-2002","Dam at Rangers Station, Princess Hills section, Lumholtz National Park, NEQ.",-18.292619,145.481109,"GDA2020",50,1,"A",,"C",0
3828238,"971759","Animalia","Chordata","Mammalia","Carnivora","Felidae","Felis catus","cat",1056,"Linnaeus, 1758",,,False,"II","Queensland Historical Fauna Database","Hobson (2002)","29-11-2001","29-11-2001","29-11-2001","Erringibba NP (general)",-27.288598,149.705006,"GDA2020",900,,,,"U",0
3828326,"971847","Animalia","Chordata","Mammalia","Carnivora","Felidae","Felis catus","cat",1056,"Linnaeus, 1758",,,False,"II","Queensland Historical Fauna Database","McCosker (1997)","01-01-1992","31-12-1992","01-01-1992","Mount Mica study area (Peakvale land system)",-23.298428,147.501121,"GDA2020",7200,,,,"U",0
3836996,,"Animalia","Chordata","Mammalia","Carnivora","Felidae","Felis catus","cat",1056,"Linnaeus, 1758",,,False,"II","Rod Hobson's wildlife data","Darling Downs Grassland Fauna Survey","18-07-2001","20-07-2001","18-07-2001","Bowenville Stock Route, Bowenville, SEQ.",-27.307835,151.490263,"GDA2020",150,,,,"C",0
3844827,,"Animalia","Chordata","Mammalia","Carnivora","Felidae","Felis catus","cat",1056,"Linnaeus, 1758",,,False,"II","Mackay District","Reliance Creek Nature Refuge","17-06-1999","17-06-1999","17-06-1999","Reliance Creek Nature Refuge",-21.064530,149.047928,"GDA2020",250,,,,"C",0
3837983,,"Animalia","Chordata","Mammalia","Carnivora","Felidae","Felis catus","cat",1056,"Linnaeus, 1758",,,False,"II","Rod Hobson's wildlife data","Southern Brigalow Belt Fauna Survey","17-03-2003","23-03-2003","17-03-2003","Bendidee National Park, SEQ.",-28.310605,150.502470,"GDA2020",1000,,,,"C",0
3840972,,"Animalia","Chordata","Mammalia","Carnivora","Felidae","Felis catus","cat",1056,"Linnaeus, 1758",,,False,"II","Rod Hobson's wildlife data","Rod Hobson's incidental records","28-08-1999","31-08-1999","28-08-1999","Flaggy Creek and surrounding area, Princess Hills, Lumholtz National Park, NQ.",-18.289291,145.501933,"GDA2020",5000,,,,"C",0
3841339,,"Animalia","Chordata","Mammalia","Carnivora","Felidae","Felis catus","cat",1056,"Linnaeus, 1758",,,False,"II","Rod Hobson's wildlife data","Rod Hobson's incidental records","29-11-2001","03-12-2001","29-11-2001","Erringibba National Park, SEQ.",-27.287104,149.706623,"GDA2020",1000,,,,"C",0
3843863,,"Animalia","Chordata","Mammalia","Carnivora","Felidae","Felis catus","cat",1056,"Linnaeus, 1758",,,False,"II","Mackay District","Kemmis Creek Nature Refuge (Proposed)","01-01-2002","30-11-2002","01-01-2002","Kemmis Creek Nature Refuge - Fauna",-21.479398,148.324605,"GDA2020",5000,,,,"C",0
3847049,,"Animalia","Chordata","Mammalia","Carnivora","Felidae","Felis catus","cat",1056,"Linnaeus, 1758",,,False,"II","Central Region Natural Resource Management Unit","Central Highlands Bluegrass Biodiversity Conservation Proj.","16-12-2001",,"16-12-2001","Rolleston/ Albinia NP",-24.288610,148.321468,"GDA2020",15,2,"A",,"C",0
3848072,,"Animalia","Chordata","Mammalia","Carnivora","Felidae","Felis catus","cat",1056,"Linnaeus, 1758",,,False,"II","Central Region Natural Resource Management Unit","Nairana Fauna Survey","04-11-2002",,"04-11-2002","Nairana National Park",-21.708946,146.830173,"GDA2020",100,,,,"C",0
3849225,,"Animalia","Chordata","Mammalia","Carnivora","Felidae","Felis catus","cat",1056,"Linnaeus, 1758",,,False,"II","Central Region Natural Resource Management Unit","Conway State Forest Great Walks Fauna Survey","12-12-2002",,"12-12-2002","Whitsundays/ Conway State Forest",-20.341566,148.695783,"GDA2020",600,,,,"C",0
3846560,,"Animalia","Chordata","Mammalia","Carnivora","Felidae","Felis catus","cat",1056,"Linnaeus, 1758",,,False,"II","Central Region Natural Resource Management Unit","Central Highlands Bluegrass Biodiversity Conservation Proj.","16-12-2001",,"16-12-2001","Rolleston/ Albinia NP",-24.314488,148.320803,"GDA2020",1500,,,,"C",0
3848531,,"Animalia","Chordata","Mammalia","Carnivora","Felidae","Felis catus","cat",1056,"Linnaeus, 1758",,,False,"II","Central Region Natural Resource Management Unit","Nairana Fauna Survey","04-11-2002",,"04-11-2002","Nairana National Park",-21.623642,146.843424,"GDA2020",2300,2,"A",,"C",0
3848559,,"Animalia","Chordata","Mammalia","Carnivora","Felidae","Felis catus","cat",1056,"Linnaeus, 1758",,,False,"II","Central Region Natural Resource Management Unit","Nairana Fauna Survey","04-11-2002",,"04-11-2002","Nairana National Park",-21.636776,146.896598,"GDA2020",3100,,,,"C",0
3849907,,"Animalia","Chordata","Mammalia","Carnivora","Felidae","Felis catus","cat",1056,"Linnaeus, 1758",,,False,"II","Harry Hines fauna data","Harry Hines incidental records","17-02-2003",,"17-02-2003","Near Paddys Knob, Killarney Section of Main Range National Park, SEQ.",-28.283382,152.393592,"GDA2020",50,1,"A",,"C",0
3850996,"608","Animalia","Chordata","Mammalia","Carnivora","Felidae","Felis catus","cat",1056,"Linnaeus, 1758",,,False,"II","Harry Hines fauna data","South-east Queensland frog survey and monitoring database","04-02-1997","04-02-1997","04-02-1997","Dalrymple Creek, upstream from Manna Gum campground to first major junction (and falls), Main Range National Park (formerly Goomburra Forest Reserve), south-east Queensland.",-27.984137,152.358911,"GDA2020",1000,1,"A",,"C",0
3852154,"1542","Animalia","Chordata","Mammalia","Carnivora","Felidae","Felis catus","cat",1056,"Linnaeus, 1758",,,False,"II","Harry Hines fauna data","South-east Queensland frog survey and monitoring database","29-01-1997","29-01-1997","29-01-1997","Mellum Creek at Roys Road crossing, east of Bruce Hwy, Beerwah State Forest, south-east Queensland.",-26.863453,153.017880,"GDA2020",250,1,"A",,"C",0
3852155,"1618","Animalia","Chordata","Mammalia","Carnivora","Felidae","Felis catus","cat",1056,"Linnaeus, 1758",,,False,"II","Harry Hines fauna data","South-east Queensland frog survey and monitoring database","30-01-1997","31-01-1997","30-01-1997","Neurum Creek at Neurum Creek Conservation Park, near Kilcoy, south-east Queensland.",-26.970538,152.682655,"GDA2020",250,1,"A",,"C",0
3864781,"15361","Animalia","Chordata","Mammalia","Carnivora","Felidae","Felis catus","cat",1056,"Linnaeus, 1758",,,False,"II","Harry Hines fauna data","South-east Queensland frog survey and monitoring database","13-11-2002","13-11-2002","13-11-2002","Wararba Creek at Campbells Pocket Road crossing, Wamuran, south-east Queensland.",-27.044397,152.857951,"GDA2020",750,1,"A",,"C",0
3865725,"16172","Animalia","Chordata","Mammalia","Carnivora","Felidae","Felis catus","cat",1056,"Linnaeus, 1758",,,False,"II","Harry Hines fauna data","South-east Queensland frog survey and monitoring database","06-02-2003","06-02-2003","06-02-2003","Gap Creek West, at the picnic ground, Cunninghams Gap, Main Range National Park, south-east Queensland.",-28.053750,152.381390,"GDA2020",250,1,"A",,"C",0
3853908,"3069","Animalia","Chordata","Mammalia","Carnivora","Felidae","Felis catus","cat",1056,"Linnaeus, 1758",,,False,"II","Harry Hines fauna data","South-east Queensland frog survey and monitoring database","24-04-1997","24-04-1997","24-04-1997","Gap Creek West, at the Kamp Stacey Road crossing, Cunninghams Gap, Main Range National Park, south-east Queensland.",-28.060013,152.369143,"GDA2020",250,1,"A",,"C",0
3862983,"13336","Animalia","Chordata","Mammalia","Carnivora","Felidae","Felis catus","cat",1056,"Linnaeus, 1758",,,False,"II","Harry Hines fauna data","South-east Queensland frog survey and monitoring database","05-02-2002","05-02-2002","05-02-2002","Gap Creek West, at the old campground opposite Fisher Park, Cunninghams Gap, Main Range National Park, south-east Queensland.",-28.061795,152.364045,"GDA2020",250,1,"A",,"C",0
3867864,,"Animalia","Chordata","Mammalia","Carnivora","Felidae","Felis catus","cat",1056,"Linnaeus, 1758",,,False,"II","Incidental Records","Accord Station Incidental Sightings","05-09-1999","09-09-1999","05-09-1999","accord station",-23.508320,144.857785,"GDA2020",1000,1,"C",,"C",0
3858446,"8387","Animalia","Chordata","Mammalia","Carnivora","Felidae","Felis catus","cat",1056,"Linnaeus, 1758",,,False,"II","Harry Hines fauna data","South-east Queensland frog survey and monitoring database","25-09-2000","25-09-2000","25-09-2000","Hoop Pine Gorge, Glen Rock Station, south-east Queensland.",-27.938060,152.260587,"GDA2020",1000,1,"A",,"C",0
3868224,,"Animalia","Chordata","Mammalia","Carnivora","Felidae","Felis catus","cat",1056,"Linnaeus, 1758",,,False,"II","Fauna/flora inventory","Lochern National Park","27-10-1999","27-10-1999","27-10-1999","residence",-24.110181,143.286091,"GDA2020",100,1,"C",,"C",0
3886090,,"Animalia","Chordata","Mammalia","Carnivora","Felidae","Felis catus","cat",1056,"Linnaeus, 1758",,,False,"II","Savanna District","Moorrinya NP Incidental Records","01-10-2002",,"01-10-2002","3km from shearing shed on western side of road",-21.461363,144.995128,"GDA2020",100,2,"A",,"C",0
3886215,"3871","Animalia","Chordata","Mammalia","Carnivora","Felidae","Felis catus","cat",1056,"Linnaeus, 1758",,,False,"II","Incidental Records","Keith R. McDonalds Incidental Records","14-10-2001",,"14-10-2001","BLACKBRAES N.P., AIRSTRIP DAM",-19.545542,144.188897,"GDA2020",33,1,"A",,"C",0
3886421,"2413","Animalia","Chordata","Mammalia","Carnivora","Felidae","Felis catus","cat",1056,"Linnaeus, 1758",,,False,"II","Incidental Records","Keith R. McDonalds Incidental Records","07-01-2000",,"07-01-2000","LAKE MURPHY CONSERVATION PARK",-25.482765,149.656951,"GDA2020",33,1,"A",,"C",0
3886639,"3906","Animalia","Chordata","Mammalia","Carnivora","Felidae","Felis catus","cat",1056,"Linnaeus, 1758",,,False,"II","Incidental Records","Keith R. McDonalds Incidental Records","16-10-2001",,"16-10-2001","BLACKBRAES N.P., BLACK SWAMP SPRING",-19.503876,144.222785,"GDA2020",33,1,"A",,"C",0
3930331,,"Animalia","Chordata","Mammalia","Carnivora","Felidae","Felis catus","cat",1056,"Linnaeus, 1758",,,False,"II","Central Region Natural Resource Management Unit","Welford Fauna Survey","18-02-2002",,"18-02-2002","Welford National Park",-25.168880,143.318097,"GDA2020",100,,,,"C",0
3931005,,"Animalia","Chordata","Mammalia","Carnivora","Felidae","Felis catus","cat",1056,"Linnaeus, 1758",,,False,"II","Wildlife Records System (Central Region) - Incidental","QPWS Estate Incidental & Summarised Records","23-10-2000",,"23-10-2000","Kroombit tops",-24.373154,150.983340,"GDA2020",100,,,,"C",0
3971473,,"Animalia","Chordata","Mammalia","Carnivora","Felidae","Felis catus","cat",1056,"Linnaeus, 1758",,,False,"II","Harry Hines fauna data","Harry Hines incidental records","18-04-2004","18-04-2004","18-04-2004","Deception Creek, south of Many Peaks, SEQ.",-24.545340,151.364129,"GDA2020",50,1,"A",,"C",0
3930193,,"Animalia","Chordata","Mammalia","Carnivora","Felidae","Felis catus","cat",1056,"Linnaeus, 1758",,,False,"II","Central Region Natural Resource Management Unit","Welford Fauna Survey","18-11-2002",,"18-11-2002","Welford National Park",-25.153625,143.316391,"GDA2020",100,1,"A",,"C",0
3930687,,"Animalia","Chordata","Mammalia","Carnivora","Felidae","Felis catus","cat",1056,"Linnaeus, 1758",,,False,"II","Wildlife Records System (Central Region) - Incidental","QPWS Estate Incidental & Summarised Records","13-03-2001","15-03-2001","13-03-2001","Bladensburg National Park",-22.516375,143.036674,"GDA2020",5000,,,,"C",0
3930380,,"Animalia","Chordata","Mammalia","Carnivora","Felidae","Felis catus","cat",1056,"Linnaeus, 1758",,,False,"II","Central Region Natural Resource Management Unit","Welford Fauna Survey","18-11-2002",,"18-11-2002","Welford National Park",-25.171095,143.334495,"GDA2020",100,,,,"C",0
3930160,,"Animalia","Chordata","Mammalia","Carnivora","Felidae","Felis catus","cat",1056,"Linnaeus, 1758",,,False,"II","Central Region Natural Resource Management Unit","Welford Fauna Survey","18-11-2002",,"18-11-2002","Welford National Park",-25.172144,143.136009,"GDA2020",100,1,"A",,"C",0
3969017,,"Animalia","Chordata","Mammalia","Carnivora","Felidae","Felis catus","cat",1056,"Linnaeus, 1758",,,False,"II","Rod Hobson's wildlife data","Rod Hobson's incidental records","26-04-2004","26-04-2004","26-04-2004","Moothandella, Windorah, SWQ.",-25.549847,142.900644,"GDA2020",200,1,"A",,"V",0
3974184,,"Animalia","Chordata","Mammalia","Carnivora","Felidae","Felis catus","cat",1056,"Linnaeus, 1758",,,False,"II","Central Region Natural Resource Management Unit","Eungella Great Walks fauna survey","17-11-2003",,"17-11-2003","Eungella National Park",-21.185299,148.524633,"GDA2020",100,,,,"U",0
3930171,,"Animalia","Chordata","Mammalia","Carnivora","Felidae","Felis catus","cat",1056,"Linnaeus, 1758",,,False,"II","Central Region Natural Resource Management Unit","Welford Fauna Survey","18-11-2002",,"18-11-2002","Welford National Park",-25.128932,143.148504,"GDA2020",100,2,"A",,"C",0
3974424,,"Animalia","Chordata","Mammalia","Carnivora","Felidae","Felis catus","cat",1056,"Linnaeus, 1758",,,False,"II","Central Region Natural Resource Management Unit","Eungella Great Walks fauna survey","17-11-2003",,"17-11-2003","Crediton State Forest",-21.272025,148.540616,"GDA2020",100,,,,"C",0
3995222,,"Animalia","Chordata","Mammalia","Carnivora","Felidae","Felis catus","cat",1056,"Linnaeus, 1758",,,False,"II","Incidental Records","Dr Justin Watson","28-10-2002","30-10-2002","28-10-2002","North of the Sunshine Motorway, Maroochydore",-26.666654,153.075006,"GDA2020",1000,,,,"U",0
3996920,,"Animalia","Chordata","Mammalia","Carnivora","Felidae","Felis catus","cat",1056,"Linnaeus, 1758",,,False,"II","NatureSearch - South Coast","South Coast Incidental Records","15-09-2004",,"15-09-2004","Coleman Road, Coomera",-27.837098,153.364120,"GDA2020",1000,1,"A",,"C",0
3997513,,"Animalia","Chordata","Mammalia","Carnivora","Felidae","Felis catus","cat",1056,"Linnaeus, 1758",,,False,"II","Incidental Records","Al Young Incidental Fauna Data","11-10-1985",,"11-10-1985","Ravensbourne NP",-27.372487,152.178062,"GDA2020",500,1,"A",,"U",0
3997664,,"Animalia","Chordata","Mammalia","Carnivora","Felidae","Felis catus","cat",1056,"Linnaeus, 1758",,,False,"II","Incidental Records","Al Young Incidental Fauna Data","09-09-1996","15-09-1996","09-09-1996","Baryulah Homestead on Cooper Creek, Durham",-27.566653,141.666674,"GDA2020",1500,1,"A",,"U",0
3998195,,"Animalia","Chordata","Mammalia","Carnivora","Felidae","Felis catus","cat",1056,"Linnaeus, 1758",,,False,"II","Incidental Records","Al Young Incidental Fauna Data","25-08-2000",,"25-08-2000","Mt Rascal",-27.626932,151.914173,"GDA2020",100,1,"A",,"C",0
4311434,"53 (fauna)","Animalia","Chordata","Mammalia","Carnivora","Felidae","Felis catus","cat",1056,"Linnaeus, 1758",,,False,"II","Wildlife Ecology (Indooroopilly) survey data","Remnant Vegetation","05-02-1999",,"05-02-1999",".7km east of Jakelwar-Goodooga Rd on Balonne Hwy, 12km west of St George",-28.027491,148.480861,"GDA2020",150,1,"A",,"V",0
4311440,"59 (fauna)","Animalia","Chordata","Mammalia","Carnivora","Felidae","Felis catus","cat",1056,"Linnaeus, 1758",,,False,"II","Wildlife Ecology (Indooroopilly) survey data","Remnant Vegetation","05-02-1999",,"05-02-1999","General area list centred on main road for State Forest 13, NW of St George",-27.766382,148.281685,"GDA2020",3000,1,"A",,"V",0
4316261,"6096 (fauna)","Animalia","Chordata","Mammalia","Carnivora","Felidae","Felis catus","cat",1056,"Linnaeus, 1758",,,False,"II","Wildlife Ecology (Indooroopilly) survey data","General Fauna/Flora","28-11-1996",,"28-11-1996","Rocky Creek SF (Yarraman)",-26.856884,151.900750,"GDA2020",999,1,"A",,"V",0
4316679,"6557 (fauna)","Animalia","Chordata","Mammalia","Carnivora","Felidae","Felis catus","cat",1056,"Linnaeus, 1758",,,False,"II","Wildlife Ecology (Indooroopilly) survey data","General Fauna/Flora","28-11-1996",,"28-11-1996","Googa SF",-26.961811,152.036165,"GDA2020",999,1,"A",,"V",0
4318006,"8342 (fauna)","Animalia","Chordata","Mammalia","Carnivora","Felidae","Felis catus","cat",1056,"Linnaeus, 1758",,,False,"II","Wildlife Ecology (Indooroopilly) survey data","General Fauna/Flora","31-07-1997","01-08-1997","31-07-1997","Ashby LA, Googa SF",-26.950226,152.018836,"GDA2020",150,2,"A",,"V",0
4320942,"11501 (fauna)","Animalia","Chordata","Mammalia","Carnivora","Felidae","Felis catus","cat",1056,"Linnaeus, 1758",,,False,"II","Wildlife Ecology (Indooroopilly) survey data","General Fauna/Flora","04-08-1998","09-08-1998","04-08-1998","St Marys SF",-25.658973,152.447778,"GDA2020",999,1,"A",,"V",0
4323518,"14316 (fauna)","Animalia","Chordata","Mammalia","Carnivora","Felidae","Felis catus","cat",1056,"Linnaeus, 1758",,,False,"II","Wildlife Ecology (Indooroopilly) survey data","Cypress_DH","21-11-1996",,"21-11-1996","Site A, comp 51, Whetstone SF",-28.360698,150.861231,"GDA2020",150,1,"A",,"V",0
4326838,"17703 (fauna)","Animalia","Chordata","Mammalia","Carnivora","Felidae","Felis catus","cat",1056,"Linnaeus, 1758",,,False,"II","Wildlife Ecology (Indooroopilly) survey data","General Fauna/Flora","09-11-1994",,"09-11-1994","YBG site 145, Bundara SF, E of Oak Vale,",-25.630663,147.895033,"GDA2020",150,1,"A",,"V",0
4324633,"15458 (fauna)","Animalia","Chordata","Mammalia","Carnivora","Felidae","Felis catus","cat",1056,"Linnaeus, 1758",,,False,"II","Wildlife Ecology (Indooroopilly) survey data","Western Hardwoods Surveys","19-01-2003",,"19-01-2003","4.24km NE of Ghinghinda, SF44",-25.077446,149.762975,"GDA2020",25,1,"A",,"V",0
4327136,"18001 (fauna)","Animalia","Chordata","Mammalia","Carnivora","Felidae","Felis catus","cat",1056,"Linnaeus, 1758",,,False,"II","Wildlife Ecology (Indooroopilly) survey data","General Fauna/Flora","14-05-1994","15-05-1994","14-05-1994","tribs of Rocky Dam Ck off Captains Crossing rd, Clark Range, Crediton SF",-21.314482,148.566578,"GDA2020",50,1,"A",,"V",0
4327173,"18038 (fauna)","Animalia","Chordata","Mammalia","Carnivora","Felidae","Felis catus","cat",1056,"Linnaeus, 1758",,,False,"II","Wildlife Ecology (Indooroopilly) survey data","General Fauna/Flora","29-07-1994","30-07-1994","29-07-1994","Pandamus Ck at Joxut SFP, Cathu SF N of Mackay",-20.798270,148.543758,"GDA2020",999,1,"A",,"V",0
4324634,"15459 (fauna)","Animalia","Chordata","Mammalia","Carnivora","Felidae","Felis catus","cat",1056,"Linnaeus, 1758",,,False,"II","Wildlife Ecology (Indooroopilly) survey data","Western Hardwoods Surveys","19-01-2003",,"19-01-2003","7.6km NE of Ghinghinda, SF 44",-25.067052,149.794694,"GDA2020",25,1,"A",,"V",0
4327675,"18542 (fauna)","Animalia","Chordata","Mammalia","Carnivora","Felidae","Felis catus","cat",1056,"Linnaeus, 1758",,,False,"II","Wildlife Ecology (Indooroopilly) survey data","General Fauna/Flora","01-06-1995","02-06-1995","01-06-1995","Jowarra Environmental Education Area",-26.770452,153.042308,"GDA2020",50,1,"A",,"V",0
4325614,"16473 (fauna)","Animalia","Chordata","Mammalia","Carnivora","Felidae","Felis catus","cat",1056,"Linnaeus, 1758",,,False,"II","Wildlife Ecology (Indooroopilly) survey data","Yellow-bellied Glider Surveys","11-04-1994","12-04-1994","11-04-1994","Little Sandy Ck crossing unnamed track",-24.723366,151.541730,"GDA2020",50,1,"A",,"V",0
4326500,"17359 (fauna)","Animalia","Chordata","Mammalia","Carnivora","Felidae","Felis catus","cat",1056,"Linnaeus, 1758",,,False,"II","Wildlife Ecology (Indooroopilly) survey data","Western Hardwoods Surveys","20-03-2002",,"20-03-2002","SF197, Diamondy - approx. 68km NE of Chinchilla",-26.489286,151.252114,"GDA2020",150,1,"A",,"V",0
4331404,"21276 (fauna)","Animalia","Chordata","Mammalia","Carnivora","Felidae","Felis catus","cat",1056,"Linnaeus, 1758",,,False,"II","Wildlife Ecology (Indooroopilly) survey data","General Fauna/Flora","21-05-1994","25-05-1994","21-05-1994","pine plantations after 1st thinning",-26.964961,152.951077,"GDA2020",4000,1,"A",,"V",0
4331406,"21278 (fauna)","Animalia","Chordata","Mammalia","Carnivora","Felidae","Felis catus","cat",1056,"Linnaeus, 1758",,,False,"II","Wildlife Ecology (Indooroopilly) survey data","General Fauna/Flora","21-05-1994","25-05-1994","21-05-1994","pine plantations after clearfelling and before planting",-26.964961,152.951077,"GDA2020",4000,1,"A",,"V",0
4331344,"15874 (fauna)","Animalia","Chordata","Mammalia","Carnivora","Felidae","Felis catus","cat",1056,"Linnaeus, 1758",,,False,"II","Wildlife Ecology (Indooroopilly) survey data","Western Hardwoods Surveys","02-03-2001",,"02-03-2001","Not supplied",-26.209842,150.017617,"GDA2020",50,1,"A",,"V",0
4333966,"23929 (fauna)","Animalia","Chordata","Mammalia","Carnivora","Felidae","Felis catus","cat",1056,"Linnaeus, 1758",,,False,"II","Wildlife Ecology (Indooroopilly) survey data","General Fauna/Flora","27-01-1995","01-02-1995","27-01-1995","Comp 20, Bauple SF (unburnt)",-25.874203,152.641728,"GDA2020",750,1,"A",,"V",0
4331310,"13461 (fauna)","Animalia","Chordata","Mammalia","Carnivora","Felidae","Felis catus","cat",1056,"Linnaeus, 1758",,,False,"II","Wildlife Ecology (Indooroopilly) survey data","Western Hardwoods Surveys","25-07-2001",,"25-07-2001","Not supplied",-25.917534,151.089091,"GDA2020",50,1,"A",,"V",0
4341464,"32219 (fauna)","Animalia","Chordata","Mammalia","Carnivora","Felidae","Felis catus","cat",1056,"Linnaeus, 1758",,,False,"II","Wildlife Ecology (Indooroopilly) survey data","Spotted Gum","03-07-1996",,"03-07-1996","Hughenden Spotted Gum Survey",-19.917592,144.270601,"GDA2020",999,1,"A",,"V",0
4341468,"32223 (fauna)","Animalia","Chordata","Mammalia","Carnivora","Felidae","Felis catus","cat",1056,"Linnaeus, 1758",,,False,"II","Wildlife Ecology (Indooroopilly) survey data","Spotted Gum","03-07-1996",,"03-07-1996","Hughenden Spotted Gum Survey",-19.917592,144.270601,"GDA2020",999,1,"A",,"V",0
4335113,"25594 (fauna)","Animalia","Chordata","Mammalia","Carnivora","Felidae","Felis catus","cat",1056,"Linnaeus, 1758",,,False,"II","Wildlife Ecology (Indooroopilly) survey data","General Fauna/Flora","08-03-1994",,"08-03-1994","new logging area on Ubobo Rd",-24.378499,150.994672,"GDA2020",150,1,"A",,"V",0
4337967,"28552 (fauna)","Animalia","Chordata","Mammalia","Carnivora","Felidae","Felis catus","cat",1056,"Linnaeus, 1758",,,False,"II","Wildlife Ecology (Indooroopilly) survey data","Spotted Gum","19-09-1995",,"19-09-1995","Water hole in Diamondy SF",-26.568501,151.253403,"GDA2020",150,1,"A",,"V",0
4339292,"29943 (fauna)","Animalia","Chordata","Mammalia","Carnivora","Felidae","Felis catus","cat",1056,"Linnaeus, 1758",,,False,"II","Wildlife Ecology (Indooroopilly) survey data","General Fauna/Flora","12-12-1995",,"12-12-1995","Ravenshoe",-17.751436,145.507999,"GDA2020",999,1,"A",,"V",0
4341576,"32331 (fauna)","Animalia","Chordata","Mammalia","Carnivora","Felidae","Felis catus","cat",1056,"Linnaeus, 1758",,,False,"II","Wildlife Ecology (Indooroopilly) survey data","General Fauna/Flora","15-06-1996","27-06-1996","15-06-1996","Headwaters of Walsh River",-17.297269,145.425164,"GDA2020",750,1,"A",,"V",0
4339310,"29961 (fauna)","Animalia","Chordata","Mammalia","Carnivora","Felidae","Felis catus","cat",1056,"Linnaeus, 1758",,,False,"II","Wildlife Ecology (Indooroopilly) survey data","General Fauna/Flora","11-12-1995","22-12-1995","11-12-1995","Mt Baldy",-17.297814,145.425536,"GDA2020",999,1,"A",,"V",0
4345701,"36524 (fauna)","Animalia","Chordata","Mammalia","Carnivora","Felidae","Felis catus","cat",1056,"Linnaeus, 1758",,,False,"II","Wildlife Ecology (Indooroopilly) survey data","Land and Water Australia - Remnant Vegetation","23-09-2003","23-09-2003","23-09-2003","approx 35km North on Waronga road (north of Mitchell)",-26.267030,148.180248,"GDA2020",50,1,"A",,"V",0
4337457,"27956 (fauna)","Animalia","Chordata","Mammalia","Carnivora","Felidae","Felis catus","cat",1056,"Linnaeus, 1758",,,False,"II","Wildlife Ecology (Indooroopilly) survey data","Spotted Gum","19-09-1995","23-09-1995","19-09-1995","Diamondy SF",-26.566623,151.271851,"GDA2020",999,1,"A",,"V",0
4340204,"30875 (fauna)","Animalia","Chordata","Mammalia","Carnivora","Felidae","Felis catus","cat",1056,"Linnaeus, 1758",,,False,"II","Wildlife Ecology (Indooroopilly) survey data","General Fauna/Flora","23-04-1996",,"23-04-1996","Middle Ck Rd, SF 132, south of Allies Ck",-26.246611,151.138723,"GDA2020",50,1,"A",,"V",0
4352502,"42993 (fauna)","Animalia","Chordata","Mammalia","Carnivora","Felidae","Felis catus","cat",1056,"Linnaeus, 1758",,,False,"II","Wildlife Ecology (Indooroopilly) survey data","Dawson River Floodplain Surveys","11-03-2000","12-03-2000","11-03-2000","Alberta C+W Reserve, Coominglah",-24.083566,149.778106,"GDA2020",999,1,"A",,"V",0
5638756,,"Animalia","Chordata","Mammalia","Carnivora","Felidae","Felis catus","cat",1056,"Linnaeus, 1758",,,False,"II","Central Region Natural Resource Management Unit","Cudmore Fauna Survey","17-09-2001",,"17-09-2001","Cudmore National Park",-23.019468,146.383903,"GDA2020",10000,,,,"C",0
4331401,"21273 (fauna)","Animalia","Chordata","Mammalia","Carnivora","Felidae","Felis catus","cat",1056,"Linnaeus, 1758",,,False,"II","Wildlife Ecology (Indooroopilly) survey data","General Fauna/Flora","21-05-1994","25-05-1994","21-05-1994","tidal WPZ >50m wide",-26.964961,152.951077,"GDA2020",4000,1,"A",,"V",0
4331402,"21274 (fauna)","Animalia","Chordata","Mammalia","Carnivora","Felidae","Felis catus","cat",1056,"Linnaeus, 1758",,,False,"II","Wildlife Ecology (Indooroopilly) survey data","General Fauna/Flora","21-05-1994","25-05-1994","21-05-1994","freshwater Watercourse Protection Zone >50m wide",-27.075086,153.037213,"GDA2020",999,1,"A",,"V",0
4331403,"21275 (fauna)","Animalia","Chordata","Mammalia","Carnivora","Felidae","Felis catus","cat",1056,"Linnaeus, 1758",,,False,"II","Wildlife Ecology (Indooroopilly) survey data","General Fauna/Flora","21-05-1994","25-05-1994","21-05-1994","freshwater WPZ <50m wide",-26.964961,152.951077,"GDA2020",4000,1,"A",,"V",0
4331405,"21277 (fauna)","Animalia","Chordata","Mammalia","Carnivora","Felidae","Felis catus","cat",1056,"Linnaeus, 1758",,,False,"II","Wildlife Ecology (Indooroopilly) survey data","General Fauna/Flora","21-05-1994","25-05-1994","21-05-1994","pine plantations before 1st thinning",-26.964961,152.951077,"GDA2020",4000,1,"A",,"V",0
6560999,,"Animalia","Chordata","Mammalia","Carnivora","Felidae","Felis catus","cat",1056,"Linnaeus, 1758",,,False,"II","Central Region Natural Resource Management Unit","Central Highlands Bluegrass Biodiversity Conservation Proj.","16-12-2001",,"16-12-2001","Rolleston/ Albinia NP",-24.467818,148.617400,"GDA2020",3000,,,,"C",0
5655565,,"Animalia","Chordata","Mammalia","Carnivora","Felidae","Felis catus","cat",1056,"Linnaeus, 1758",,,False,"II","Fauna/flora inventory","Diamantina National Park","30-06-1999",,"30-06-1999","Diam NP, middle creek road crossing",-23.873042,141.193896,"GDA2020",200,1,"A",,"C",0
5655587,,"Animalia","Chordata","Mammalia","Carnivora","Felidae","Felis catus","cat",1056,"Linnaeus, 1758",,,False,"II","Fauna/flora inventory","Diamantina National Park","10-08-1999",,"10-08-1999","Diam NP, Behind dumps",-23.764153,141.133341,"GDA2020",200,1,"A",,"C",0
5655694,,"Animalia","Chordata","Mammalia","Carnivora","Felidae","Felis catus","cat",1056,"Linnaeus, 1758",,,False,"II","Fauna/flora inventory","Diamantina National Park","19-08-1999",,"19-08-1999","Diam NP, Mayne River channels",-23.571098,141.297785,"GDA2020",200,1,"A",,"C",0
4351216,"25197 (fauna)","Animalia","Chordata","Mammalia","Carnivora","Felidae","Felis catus","cat",1056,"Linnaeus, 1758",,,False,"II","Wildlife Ecology (Indooroopilly) survey data","General Fauna/Flora","08-03-1994",,"08-03-1994","dam yards on Ubobo Rd",-24.433264,151.040154,"GDA2020",150,1,"A",,"V",0
6560950,,"Animalia","Chordata","Mammalia","Carnivora","Felidae","Felis catus","cat",1056,"Linnaeus, 1758",,,False,"II","Central Region Natural Resource Management Unit","Central Highlands Bluegrass Biodiversity Conservation Proj.","16-12-2001",,"16-12-2001","Rolleston/ Albinia NP",-24.467818,148.617400,"GDA2020",3000,,,,"C",0
6560975,,"Animalia","Chordata","Mammalia","Carnivora","Felidae","Felis catus","cat",1056,"Linnaeus, 1758",,,False,"II","Central Region Natural Resource Management Unit","Central Highlands Bluegrass Biodiversity Conservation Proj.","16-12-2001",,"16-12-2001","Rolleston/ Albinia NP",-24.467818,148.617400,"GDA2020",3000,,,,"C",0
2866171,,"Animalia","Chordata","Mammalia","Carnivora","Felidae","Felis catus","cat",1056,"Linnaeus, 1758",,,False,"II","Literature Records","Literature Records","01-01-1992","31-12-1995","01-01-1992","Pelican Waterhole area, terminus of Brown's Ck approx 14km W of Betoota, SWQ",-25.681809,140.617899,"GDA2020",3000,,,,"V",0
4325961,"16820 (fauna)","Animalia","Chordata","Mammalia","Carnivora","Felidae","Felis catus","cat",1056,"Linnaeus, 1758",,,False,"II","Wildlife Ecology (Indooroopilly) survey data","Yellow-bellied Glider Surveys","17-04-1994","18-04-1994","17-04-1994","Stock dam in SF 223 along ummarked tk btw Emerald & Fairbairn dam",-23.596978,148.060630,"GDA2020",999,1,"A",,"V",0
4326024,"16883 (fauna)","Animalia","Chordata","Mammalia","Carnivora","Felidae","Felis catus","cat",1056,"Linnaeus, 1758",,,False,"II","Wildlife Ecology (Indooroopilly) survey data","Yellow-bellied Glider Surveys","10-05-1994","11-05-1994","10-05-1994","~.5k W of Burrum Hds Rd, Burrim R NP QLD",-25.223919,152.600977,"GDA2020",999,1,"A",,"V",0
4347035,"37875 (fauna)","Animalia","Chordata","Mammalia","Carnivora","Felidae","Felis catus","cat",1056,"Linnaeus, 1758",,,False,"II","Wildlife Ecology (Indooroopilly) survey data","Dawson River Floodplain Surveys","02-04-2000","02-04-2000","02-04-2000","East side of Lonesome Ck, on 'Leonedale', north of Theodore.",-24.880012,150.065930,"GDA2020",999,1,"A",,"V",0
4347390,"38233 (fauna)","Animalia","Chordata","Mammalia","Carnivora","Felidae","Felis catus","cat",1056,"Linnaeus, 1758",,,False,"II","Wildlife Ecology (Indooroopilly) survey data","Dawson River Floodplain Surveys","30-05-2000",,"30-05-2000","Wetland on Alberta Camping and Water Reserve, 2km NW of Baralaba racecourse",-24.154531,149.776551,"GDA2020",999,2,"A",,"V",0
4349608,"40481 (fauna)","Animalia","Chordata","Mammalia","Carnivora","Felidae","Felis catus","cat",1056,"Linnaeus, 1758",,,False,"II","Wildlife Ecology (Indooroopilly) survey data","Dawson River Floodplain Surveys","06-03-2000","09-03-2000","06-03-2000","NE corner of 'Olinda'",-24.020253,149.867803,"GDA2020",999,1,"A",,"V",0
4363245,"54046 (fauna)","Animalia","Chordata","Mammalia","Carnivora","Felidae","Felis catus","cat",1056,"Linnaeus, 1758",,,False,"II","Wildlife Ecology (Indooroopilly) survey data","Western Hardwoods Surveys","16-04-2002",,"16-04-2002","Nyanda Holding - Approx 11km due west of ""Rewan Stn"". On the Sandy Ck Rd (Black Alley Creek crossing). (Approx. 0.7km W of SER03)",-24.962545,148.269854,"GDA2020",150,1,"A",,"V",0
4363503,"54320 (fauna)","Animalia","Chordata","Mammalia","Carnivora","Felidae","Felis catus","cat",1056,"Linnaeus, 1758",,,False,"II","Wildlife Ecology (Indooroopilly) survey data","Western Hardwoods Surveys","18-04-2002","21-04-2002","18-04-2002","SF 11, Serecold - Approx. 4.3km Nw of ""Aldinga Stn"" (10 Mile Outstation)",-24.763682,148.424469,"GDA2020",150,1,"A",,"V",0
4361879,"52649 (fauna)","Animalia","Chordata","Mammalia","Carnivora","Felidae","Felis catus","cat",1056,"Linnaeus, 1758",,,False,"II","Wildlife Ecology (Indooroopilly) survey data","Western Hardwoods Surveys","03-02-2002",,"03-02-2002","SF 164, Gurulmundi - Approx. 16.7km W of Gurrulmundi",-26.406993,149.884646,"GDA2020",150,1,"A",,"V",0
4437103,"31","Animalia","Chordata","Mammalia","Carnivora","Felidae","Felis catus","cat",1056,"Linnaeus, 1758",,,False,"II","Far Northern Threatened Species","Cape York Fauna","14-06-2003",,"14-06-2003","Rokeby Road, Culliban Creek",-13.664563,142.836109,"GDA2020",100,1,"A",,"C",0
4355596,"46211 (fauna)","Animalia","Chordata","Mammalia","Carnivora","Felidae","Felis catus","cat",1056,"Linnaeus, 1758",,,False,"II","Wildlife Ecology (Indooroopilly) survey data","Western Hardwoods Surveys","13-02-2001","16-02-2001","13-02-2001","SF29 ~500m NE of track crossing Creek, Duaringa Shire",-24.321961,149.120499,"GDA2020",150,1,"A",,"V",0
4355777,"46394 (fauna)","Animalia","Chordata","Mammalia","Carnivora","Felidae","Felis catus","cat",1056,"Linnaeus, 1758",,,False,"II","Wildlife Ecology (Indooroopilly) survey data","Western Hardwoods Surveys","13-02-2001","15-02-2001","13-02-2001","SF29 Road crossing of Ck, Duaringa Shire",-24.327671,149.118880,"GDA2020",150,1,"A",,"V",0
4357650,"48298 (fauna)","Animalia","Chordata","Mammalia","Carnivora","Felidae","Felis catus","cat",1056,"Linnaeus, 1758",,,False,"II","Wildlife Ecology (Indooroopilly) survey data","Western Hardwoods Surveys","10-04-2001",,"10-04-2001","Presho SF 50 - Conciliation Hill, approx 6km SE of Mapala barracks, Taroom Shire",-25.147687,149.187193,"GDA2020",150,1,"A",,"V",0
4359043,"49738 (fauna)","Animalia","Chordata","Mammalia","Carnivora","Felidae","Felis catus","cat",1056,"Linnaeus, 1758",,,False,"II","Wildlife Ecology (Indooroopilly) survey data","Western Hardwoods Surveys","25-07-2001","10-08-2001","25-07-2001","Allies Ck",-25.924745,151.120011,"GDA2020",150,1,"A",,"V",0
4360398,"51141 (fauna)","Animalia","Chordata","Mammalia","Carnivora","Felidae","Felis catus","cat",1056,"Linnaeus, 1758",,,False,"II","Wildlife Ecology (Indooroopilly) survey data","Western Hardwoods Surveys","19-09-2001","25-09-2001","19-09-2001","Presho SF 50 - Conciliation Hill, approx 6km SE of Mapala barracks, Taroom Shire",-25.147687,149.187193,"GDA2020",150,1,"A",,"V",0
4361880,"52650 (fauna)","Animalia","Chordata","Mammalia","Carnivora","Felidae","Felis catus","cat",1056,"Linnaeus, 1758",,,False,"II","Wildlife Ecology (Indooroopilly) survey data","Western Hardwoods Surveys","03-02-2002",,"03-02-2002","SF 164, Gurulmundi - Approx. 16.7km W of Gurrulmundi",-26.406993,149.884646,"GDA2020",150,1,"A",,"V",0
4366619,"57521 (fauna)","Animalia","Chordata","Mammalia","Carnivora","Felidae","Felis catus","cat",1056,"Linnaeus, 1758",,,False,"II","Wildlife Ecology (Indooroopilly) survey data","Western Hardwoods Surveys","09-11-2002",,"09-11-2002","25.6km SW of Blackwater, Amaroo SF. E. tereticornis and E. tessellaris flats on edge of SF 236",-23.760726,148.731510,"GDA2020",25,1,"A",,"V",0
4369136,"60063 (fauna)","Animalia","Chordata","Mammalia","Carnivora","Felidae","Felis catus","cat",1056,"Linnaeus, 1758",,,False,"II","Wildlife Ecology (Indooroopilly) survey data","Land and Water Australia - Remnant Vegetation","26-11-2003",,"26-11-2003","""Glentulloch"" - From homestead, go thru double metal gates in stockyards, follow track ~NE past rubbish dump & then along powerline to turkey nest/windmill. Go thru gate on NW side of turkey nest & follow the fence ~1.3km, site is ~300m WNW",-25.738236,148.409257,"GDA2020",50,1,"A",,"V",0
4437231,"222","Animalia","Chordata","Mammalia","Carnivora","Felidae","Felis catus","cat",1056,"Linnaeus, 1758",,,False,"II","Far Northern Threatened Species","Cape York Fauna","15-06-2003",,"15-06-2003","Cabbage Tree Creek, Rokeby",-13.657528,142.830893,"GDA2020",100,1,"A",,"C",0
4437146,"109","Animalia","Chordata","Mammalia","Carnivora","Felidae","Felis catus","cat",1056,"Linnaeus, 1758",,,False,"II","Far Northern Threatened Species","Cape York Fauna","17-06-2003",,"17-06-2003","Rokeby Road",-13.612048,142.762717,"GDA2020",100,1,"A",,"C",0
4437168,"142","Animalia","Chordata","Mammalia","Carnivora","Felidae","Felis catus","cat",1056,"Linnaeus, 1758",,,False,"II","Far Northern Threatened Species","Cape York Fauna","19-06-2003",,"19-06-2003","Massy Creek, Silver Plains",-13.943055,143.551914,"GDA2020",100,1,"A",,"C",0
4424792,,"Animalia","Chordata","Mammalia","Carnivora","Felidae","Felis catus","cat",1056,"Linnaeus, 1758",,,False,"II","Incidental Records","NatureSearch Additions","01-02-1995",,"01-02-1995","Ibis Lagoon, North Stradbroke Is",-27.624987,153.425006,"GDA2020",1000,,,,"U",0
4425356,,"Animalia","Chordata","Mammalia","Carnivora","Felidae","Felis catus","cat",1056,"Linnaeus, 1758",,,False,"II","Incidental Records","NatureSearch Additions","11-04-2005","13-04-2005","11-04-2005","Kooralbyn Hotel Resort, Routley Dve, Kooralbyn",-28.078987,152.837906,"GDA2020",1500,,,,"U",0
4448652,"984212","Animalia","Chordata","Mammalia","Carnivora","Felidae","Felis catus","cat",1056,"Linnaeus, 1758",,,False,"II","Queensland Historical Fauna Database","Dames & Moore (1996)","01-01-1996","31-01-1996","01-01-1996","Site 1, Hay Point area",-21.298876,149.276118,"GDA2020",300,,,,"U",0
4442654,,"Animalia","Chordata","Mammalia","Carnivora","Felidae","Felis catus","cat",1056,"Linnaeus, 1758",,,False,"II","Harry Hines fauna data","Harry Hines incidental records","17-02-2005","17-02-2005","17-02-2005","Inglewood - Millmerran Road, SEQ.",-28.294326,151.163079,"GDA2020",50,1,"A",,"C",0
4446705,"982247","Animalia","Chordata","Mammalia","Carnivora","Felidae","Felis catus","cat",1056,"Linnaeus, 1758",,,False,"II","Queensland Historical Fauna Database","Conole (Unpubl. data)","14-02-2003","14-02-2003","14-02-2003","Sippy Downs, veg area 4, City of Caloundra, Qld; 120m asl",-26.750547,153.063336,"GDA2020",100,,,,"U",0
4449037,"984597","Animalia","Chordata","Mammalia","Carnivora","Felidae","Felis catus","cat",1056,"Linnaeus, 1758",,,False,"II","Queensland Historical Fauna Database","PPK (1993)","01-01-1990","31-12-1990","01-01-1990","Broome Head area nr Stanage Bay",-22.256654,150.145285,"GDA2020",900,,,,"U",0
4447572,"983167","Animalia","Chordata","Mammalia","Carnivora","Felidae","Felis catus","cat",1056,"Linnaeus, 1758",,,False,"II","Queensland Historical Fauna Database","Horsup & McCosker (1992)","01-01-1991","31-12-1991","01-01-1991","Mallawa Stn via Clermont",-21.831654,147.584452,"GDA2020",5400,,,,"U",0
4448307,"983865","Animalia","Chordata","Mammalia","Carnivora","Felidae","Felis catus","cat",1056,"Linnaeus, 1758",,,False,"II","Queensland Historical Fauna Database","Marine Bio Logic (1991)","16-04-1991","16-04-1991","16-04-1991","Proposed marina site, Shute Harbour",-20.289987,148.777507,"GDA2020",500,,,,"U",0
4448788,"984348","Animalia","Chordata","Mammalia","Carnivora","Felidae","Felis catus","cat",1056,"Linnaeus, 1758",,,False,"II","Queensland Historical Fauna Database","URS (2000)","01-07-2000","31-07-2000","01-07-2000","Site U1, Hay Point",-21.299154,149.277507,"GDA2020",300,,,,"U",0
4448573,"984133","Animalia","Chordata","Mammalia","Carnivora","Felidae","Felis catus","cat",1056,"Linnaeus, 1758",,,False,"II","Queensland Historical Fauna Database","Clayton & Skull (1994)","01-04-1994","30-04-1994","01-04-1994","Site CR1, Kelsey Creek area",-20.389987,148.422507,"GDA2020",300,,,,"U",0
4449613,"985179","Animalia","Chordata","Mammalia","Carnivora","Felidae","Felis catus","cat",1056,"Linnaeus, 1758",,,False,"II","Queensland Historical Fauna Database","Pearson & Clayton (1993)","01-10-1992","31-10-1992","01-10-1992","Teemburra Creek dam - general terrestrial area",-21.189987,148.667785,"GDA2020",5400,,,,"U",0
4445619,"977833","Animalia","Chordata","Mammalia","Carnivora","Felidae","Felis catus","cat",1056,"Linnaeus, 1758",,,False,"II","Queensland Historical Fauna Database","Crouther & Crouther (1999)","01-01-1994","31-12-1994","01-01-1994","Eungella township",-21.131763,148.484413,"GDA2020",900,,,,"U",0
4450038,"985604","Animalia","Chordata","Mammalia","Carnivora","Felidae","Felis catus","cat",1056,"Linnaeus, 1758",,,False,"II","Queensland Historical Fauna Database","Low (1993)","01-03-1993","31-03-1993","01-03-1993","Seaforth-Port Newry Rd nr track to Finlayson Pt",-20.881654,148.948618,"GDA2020",500,,,,"U",0
4447321,"982913","Animalia","Chordata","Mammalia","Carnivora","Felidae","Felis catus","cat",1056,"Linnaeus, 1758",,,False,"II","Queensland Historical Fauna Database","Horsup & McCosker (1992)","01-01-1991","31-12-1991","01-01-1991","Glenrobin Stn via Jericho",-22.798320,146.251118,"GDA2020",5400,,,,"U",0
4449115,"984675","Animalia","Chordata","Mammalia","Carnivora","Felidae","Felis catus","cat",1056,"Linnaeus, 1758",,,False,"II","Queensland Historical Fauna Database","Clayton etal. (1994)","01-06-1993","30-06-1993","01-06-1993","Bucasia study area",-21.039387,149.147507,"GDA2020",500,,,,"U",0
4449151,"984711","Animalia","Chordata","Mammalia","Carnivora","Felidae","Felis catus","cat",1056,"Linnaeus, 1758",,,False,"II","Queensland Historical Fauna Database","Clayton etal. (1994)","01-06-1993","30-06-1993","01-06-1993","Bayersville study area",-21.109787,149.203107,"GDA2020",500,,,,"U",0
4450093,"985659","Animalia","Chordata","Mammalia","Carnivora","Felidae","Felis catus","cat",1056,"Linnaeus, 1758",,,False,"II","Queensland Historical Fauna Database","Low (1993)","01-03-1993","31-03-1993","01-03-1993","Plantation Creek nr Seaforth School",-20.919987,148.967785,"GDA2020",500,,,,"U",0
4450094,"985660","Animalia","Chordata","Mammalia","Carnivora","Felidae","Felis catus","cat",1056,"Linnaeus, 1758",,,False,"II","Queensland Historical Fauna Database","Low (1993)","01-03-1993","31-03-1993","01-03-1993","Near Murray Ck off Seaforth-Mt Ossa Rd",-20.896098,148.834452,"GDA2020",500,,,,"U",0
4450138,"985704","Animalia","Chordata","Mammalia","Carnivora","Felidae","Felis catus","cat",1056,"Linnaeus, 1758",,,False,"II","Queensland Historical Fauna Database","Low (1993)","01-03-1993","31-03-1993","01-03-1993","Boulder Ck & Mt Charlton-Calen Rd",-21.006654,148.717785,"GDA2020",500,,,,"U",0
4451831,"987401","Animalia","Chordata","Mammalia","Carnivora","Felidae","Felis catus","cat",1056,"Linnaeus, 1758",,,False,"II","Queensland Historical Fauna Database","Environmental Consultants (1982)","01-01-1982","31-12-1982","01-01-1982","Closed forest sites, Goorganga area S of Proserpine",-20.526987,148.598807,"GDA2020",9000,,,,"U",0
4462378,"995517","Animalia","Chordata","Mammalia","Carnivora","Felidae","Felis catus","cat",1056,"Linnaeus, 1758",,,False,"II","Queensland Historical Fauna Database","Woolley in Lundie-Jenkins (1999)","27-07-1999","27-07-1999","27-07-1999","No. 5-Northern area, Toorak Stn",-21.027487,141.779452,"GDA2020",300,,,,"U",0
4459627,"939272","Animalia","Chordata","Mammalia","Carnivora","Felidae","Felis catus","cat",1056,"Linnaeus, 1758",,,False,"II","Queensland Historical Fauna Database","Laurance (Unpubl. data)","01-02-1994","28-02-1994","01-02-1994","Mt Baldy-A, 1000m asl",-17.300147,145.415716,"GDA2020",300,,,,"U",0
4462379,"995518","Animalia","Chordata","Mammalia","Carnivora","Felidae","Felis catus","cat",1056,"Linnaeus, 1758",,,False,"II","Queensland Historical Fauna Database","Woolley in Lundie-Jenkins (1999)","29-08-1999","29-08-1999","29-08-1999","New Ram-Northern area, Toorak Stn",-21.028875,141.819452,"GDA2020",300,,,,"U",0
4450101,"985667","Animalia","Chordata","Mammalia","Carnivora","Felidae","Felis catus","cat",1056,"Linnaeus, 1758",,,False,"II","Queensland Historical Fauna Database","Low (1993)","01-01-1992","31-12-1992","01-01-1992","Cameron's Pocket/Mirani-Calen Rd, W of Calen",-20.948320,148.734452,"GDA2020",1800,,,,"U",0
4462372,"995511","Animalia","Chordata","Mammalia","Carnivora","Felidae","Felis catus","cat",1056,"Linnaeus, 1758",,,False,"II","Queensland Historical Fauna Database","Woolley in Lundie-Jenkins (1999)","03-08-1999","03-08-1999","03-08-1999","Horse-Northern area, Toorak Stn",-21.026931,141.810841,"GDA2020",300,,,,"U",0
4450111,"985677","Animalia","Chordata","Mammalia","Carnivora","Felidae","Felis catus","cat",1056,"Linnaeus, 1758",,,False,"II","Queensland Historical Fauna Database","Low (1993)","01-01-1992","31-12-1992","01-01-1992","Cape Hillsborough area",-20.914987,149.034452,"GDA2020",2000,,,,"U",0
4462383,"995522","Animalia","Chordata","Mammalia","Carnivora","Felidae","Felis catus","cat",1056,"Linnaeus, 1758",,,False,"II","Queensland Historical Fauna Database","Woolley in Lundie-Jenkins (1999)","03-08-1999","03-08-1999","03-08-1999","Horse-Northern area, Toorak Stn",-21.026931,141.810841,"GDA2020",300,,,,"U",0
4462384,"995523","Animalia","Chordata","Mammalia","Carnivora","Felidae","Felis catus","cat",1056,"Linnaeus, 1758",,,False,"II","Queensland Historical Fauna Database","Woolley in Lundie-Jenkins (1999)","07-08-1999","07-08-1999","07-08-1999","Horse-Northern area, Toorak Stn",-21.030820,141.805008,"GDA2020",300,,,,"U",0
4458178,"920819","Animalia","Chordata","Mammalia","Carnivora","Felidae","Felis catus","cat",1056,"Linnaeus, 1758",,,False,"II","Queensland Historical Fauna Database","Liehrke & Liehrke (1982)","01-01-1980","31-12-1980","01-01-1980","Windy Ridge, Ravenswood area",-20.098320,146.884452,"GDA2020",3600,,,,"U",0
4458480,"932373","Animalia","Chordata","Mammalia","Carnivora","Felidae","Felis catus","cat",1056,"Linnaeus, 1758",,,False,"II","Queensland Historical Fauna Database","Warren & Associates (1995)","01-02-1995","28-02-1995","01-02-1995","Proposed yeast plant, NW of North Eton",-21.201098,148.926118,"GDA2020",900,,,,"U",0
4459326,"938267","Animalia","Chordata","Mammalia","Carnivora","Felidae","Felis catus","cat",1056,"Linnaeus, 1758",,,False,"II","Queensland Historical Fauna Database","de Keijzer (1990)","06-04-1990","06-04-1990","06-04-1990","Lot 23 Hampden, 19km NW of Mackay",-21.063487,149.019607,"GDA2020",300,,,,"U",0
4462408,"995547","Animalia","Chordata","Mammalia","Carnivora","Felidae","Felis catus","cat",1056,"Linnaeus, 1758",,,False,"II","Queensland Historical Fauna Database","Woolley in Lundie-Jenkins (1999)","12-08-1999","12-08-1999","12-08-1999","Stamford Reserve area",-21.264987,143.784452,"GDA2020",1800,,,,"U",0
4462412,"995551","Animalia","Chordata","Mammalia","Carnivora","Felidae","Felis catus","cat",1056,"Linnaeus, 1758",,,False,"II","Queensland Historical Fauna Database","Woolley in Lundie-Jenkins (1999)","01-04-1996","30-04-1996","01-04-1996","Woodsberry Reserve",-21.581653,143.867785,"GDA2020",3600,,,,"U",0
4462668,"995816","Animalia","Chordata","Mammalia","Carnivora","Felidae","Felis catus","cat",1056,"Linnaeus, 1758",,,False,"II","Queensland Historical Fauna Database","Misfud (2000)","24-07-2000","24-07-2000","24-07-2000","N of Surprise Ck, Bladensburg NP",-22.548320,142.951119,"GDA2020",1800,,,,"U",0
4462671,"995819","Animalia","Chordata","Mammalia","Carnivora","Felidae","Felis catus","cat",1056,"Linnaeus, 1758",,,False,"II","Queensland Historical Fauna Database","Misfud (2000)","13-07-2000","13-07-2000","13-07-2000","Lyndon Stn, 45km west Barcaldine",-23.681653,144.867785,"GDA2020",5400,,,,"U",0
4466279,"999480","Animalia","Chordata","Mammalia","Carnivora","Felidae","Felis catus","cat",1056,"Linnaeus, 1758",,,False,"II","Queensland Historical Fauna Database","Schodde etal. (1992)","01-08-1991","31-08-1991","01-08-1991","Transect M4, W Mt Fitz, SWBTA",-22.456654,150.222229,"GDA2020",1200,,,,"U",0
4466283,"999484","Animalia","Chordata","Mammalia","Carnivora","Felidae","Felis catus","cat",1056,"Linnaeus, 1758",,,False,"II","Queensland Historical Fauna Database","Schodde etal. (1992)","01-08-1991","31-08-1991","01-08-1991","Transect M8, SW Crab camp, SWBTA",-22.648598,150.726396,"GDA2020",2500,,,,"U",0
4466284,"999485","Animalia","Chordata","Mammalia","Carnivora","Felidae","Felis catus","cat",1056,"Linnaeus, 1758",,,False,"II","Queensland Historical Fauna Database","Schodde etal. (1992)","01-08-1991","31-08-1991","01-08-1991","Transect M9 in Three Rivers area, SWBTA",-22.742765,150.786673,"GDA2020",2500,,,,"U",0
4466285,"999486","Animalia","Chordata","Mammalia","Carnivora","Felidae","Felis catus","cat",1056,"Linnaeus, 1758",,,False,"II","Queensland Historical Fauna Database","Schodde etal. (1992)","01-08-1991","31-08-1991","01-08-1991","Transect M12, Ewen Ck, SWBTA",-22.738876,150.237507,"GDA2020",2600,,,,"U",0
4466286,"999487","Animalia","Chordata","Mammalia","Carnivora","Felidae","Felis catus","cat",1056,"Linnaeus, 1758",,,False,"II","Queensland Historical Fauna Database","Schodde etal. (1992)","01-08-1991","31-08-1991","01-08-1991","Transect M13, Boundary Rd, SWBTA",-22.743876,150.172785,"GDA2020",2700,,,,"U",0
4466287,"999488","Animalia","Chordata","Mammalia","Carnivora","Felidae","Felis catus","cat",1056,"Linnaeus, 1758",,,False,"II","Queensland Historical Fauna Database","Schodde etal. (1992)","01-08-1991","31-08-1991","01-08-1991","Transect M14, NW The Glen, SWBTA",-22.791376,150.301951,"GDA2020",2400,,,,"U",0
4466288,"999489","Animalia","Chordata","Mammalia","Carnivora","Felidae","Felis catus","cat",1056,"Linnaeus, 1758",,,False,"II","Queensland Historical Fauna Database","Schodde etal. (1992)","01-08-1991","31-08-1991","01-08-1991","Transect M16, CSIRO Isopod site, SWBTA",-22.806654,150.612229,"GDA2020",2200,,,,"U",0
4466280,"999481","Animalia","Chordata","Mammalia","Carnivora","Felidae","Felis catus","cat",1056,"Linnaeus, 1758",,,False,"II","Queensland Historical Fauna Database","Schodde etal. (1992)","01-08-1991","31-08-1991","01-08-1991","Transect M5, SW Williamson Airfield, SWBTA",-22.475543,150.177507,"GDA2020",2500,,,,"U",0
4466281,"999482","Animalia","Chordata","Mammalia","Carnivora","Felidae","Felis catus","cat",1056,"Linnaeus, 1758",,,False,"II","Queensland Historical Fauna Database","Schodde etal. (1992)","01-08-1991","31-08-1991","01-08-1991","Transect M7a, NW Blue Route, SWBTA",-22.662209,150.660562,"GDA2020",800,,,,"U",0
4466282,"999483","Animalia","Chordata","Mammalia","Carnivora","Felidae","Felis catus","cat",1056,"Linnaeus, 1758",,,False,"II","Queensland Historical Fauna Database","Schodde etal. (1992)","01-08-1991","31-08-1991","01-08-1991","Transect M7b, NW Blue Route, SWBTA",-22.668043,150.670840,"GDA2020",1300,,,,"U",0
4466156,"999357","Animalia","Chordata","Mammalia","Carnivora","Felidae","Felis catus","cat",1056,"Linnaeus, 1758",,,False,"II","Queensland Historical Fauna Database","Schodde etal. (1992)","01-08-1991","31-08-1991","01-08-1991","Transect M1, N Pine Mt, SWBTA",-22.399709,150.195007,"GDA2020",2500,,,,"U",0
4466221,"999422","Animalia","Chordata","Mammalia","Carnivora","Felidae","Felis catus","cat",1056,"Linnaeus, 1758",,,False,"II","Queensland Historical Fauna Database","Schodde etal. (1992)","01-02-1992","29-02-1992","01-02-1992","Transect M4, W Mt Fitz, SWBTA",-22.456654,150.222229,"GDA2020",1200,,,,"U",0
4466278,"999479","Animalia","Chordata","Mammalia","Carnivora","Felidae","Felis catus","cat",1056,"Linnaeus, 1758",,,False,"II","Queensland Historical Fauna Database","Schodde etal. (1992)","01-08-1991","31-08-1991","01-08-1991","Transect M3 nr Mooly Ck, SWBTA",-22.448598,150.305285,"GDA2020",2600,,,,"U",0
4466353,"999554","Animalia","Chordata","Mammalia","Carnivora","Felidae","Felis catus","cat",1056,"Linnaeus, 1758",,,False,"II","Queensland Historical Fauna Database","Schodde etal. (1992)","01-02-1992","29-02-1992","01-02-1992","Transect M10, Mountain Track, SWBTA",-22.721654,150.526396,"GDA2020",2200,,,,"U",0
4466354,"999555","Animalia","Chordata","Mammalia","Carnivora","Felidae","Felis catus","cat",1056,"Linnaeus, 1758",,,False,"II","Queensland Historical Fauna Database","Schodde etal. (1992)","01-02-1992","29-02-1992","01-02-1992","Transect M12, Ewen Ck, SWBTA",-22.738876,150.237507,"GDA2020",2600,,,,"U",0
4466355,"999556","Animalia","Chordata","Mammalia","Carnivora","Felidae","Felis catus","cat",1056,"Linnaeus, 1758",,,False,"II","Queensland Historical Fauna Database","Schodde etal. (1992)","01-02-1992","29-02-1992","01-02-1992","Transect M13, Boundary Rd, SWBTA",-22.743876,150.172785,"GDA2020",2700,,,,"U",0
4466356,"999557","Animalia","Chordata","Mammalia","Carnivora","Felidae","Felis catus","cat",1056,"Linnaeus, 1758",,,False,"II","Queensland Historical Fauna Database","Schodde etal. (1992)","01-02-1992","29-02-1992","01-02-1992","Transect M14, NW The Glen, SWBTA",-22.791376,150.301951,"GDA2020",2400,,,,"U",0
4462892,"996044","Animalia","Chordata","Mammalia","Carnivora","Felidae","Felis catus","cat",1056,"Linnaeus, 1758",,,False,"II","Queensland Historical Fauna Database","Woolley (1998)","01-03-1996","31-03-1996","01-03-1996","Coolibah paddock, Proa Stn",-20.906098,142.098063,"GDA2020",1800,,,,"U",0
4465892,"999093","Animalia","Chordata","Mammalia","Carnivora","Felidae","Felis catus","cat",1056,"Linnaeus, 1758",,,False,"II","Queensland Historical Fauna Database","Schodde etal. (1992)","01-08-1991","31-08-1991","01-08-1991","Transect M10, Mountain Track, SWBTA",-22.721654,150.526396,"GDA2020",2200,,,,"U",0
4465894,"999095","Animalia","Chordata","Mammalia","Carnivora","Felidae","Felis catus","cat",1056,"Linnaeus, 1758",,,False,"II","Queensland Historical Fauna Database","Schodde etal. (1992)","01-02-1992","29-02-1992","01-02-1992","Transect M5, SW Williamson Airfield, SWBTA",-22.475543,150.177507,"GDA2020",2500,,,,"U",0
4465895,"999096","Animalia","Chordata","Mammalia","Carnivora","Felidae","Felis catus","cat",1056,"Linnaeus, 1758",,,False,"II","Queensland Historical Fauna Database","Schodde etal. (1992)","01-02-1992","29-02-1992","01-02-1992","Transect M15, W of E-W Rd, SWBTA",-22.754432,150.347785,"GDA2020",1000,,,,"U",0
4471000,"1004222","Animalia","Chordata","Mammalia","Carnivora","Felidae","Felis catus","cat",1056,"Linnaeus, 1758",,,False,"II","Queensland Historical Fauna Database","Spencer (1991)","01-04-1990","30-04-1990","01-04-1990","Black Rock, Lyndhurst Stn",-19.075542,144.457508,"GDA2020",900,,,,"U",0
4473858,"1007110","Animalia","Chordata","Mammalia","Carnivora","Felidae","Felis catus","cat",1056,"Linnaeus, 1758",,,False,"II","Queensland Historical Fauna Database","Lawrie (1983)","01-01-1980","31-12-1980","01-01-1980","Toomba Basalt Flow region",-19.998320,145.317785,"GDA2020",17000,,,,"U",0
4471053,"1004275","Animalia","Chordata","Mammalia","Carnivora","Felidae","Felis catus","cat",1056,"Linnaeus, 1758",,,False,"II","Queensland Historical Fauna Database","Tarburton (1988)","01-12-1985","31-12-1985","01-12-1985","Clam Cave (CH 26), Chillagoe area",-17.232764,144.519174,"GDA2020",450,,,,"U",0
4471054,"1004276","Animalia","Chordata","Mammalia","Carnivora","Felidae","Felis catus","cat",1056,"Linnaeus, 1758",,,False,"II","Queensland Historical Fauna Database","Tarburton (1988)","01-12-1985","31-12-1985","01-12-1985","Hercules Cave (CH 362), Chillagoe area",-17.094709,144.396119,"GDA2020",450,,,,"U",0
4471055,"1004277","Animalia","Chordata","Mammalia","Carnivora","Felidae","Felis catus","cat",1056,"Linnaeus, 1758",,,False,"II","Queensland Historical Fauna Database","Tarburton (1988)","01-12-1985","31-12-1985","01-12-1985","Swiftrimlet Cave (CH 381), Chillagoe area",-17.187209,144.501952,"GDA2020",450,,,,"U",0
4471056,"1004278","Animalia","Chordata","Mammalia","Carnivora","Felidae","Felis catus","cat",1056,"Linnaeus, 1758",,,False,"II","Queensland Historical Fauna Database","Tarburton (1988)","01-12-1985","31-12-1985","01-12-1985","September Cave (CH 221), Chillagoe area",-17.233598,144.517230,"GDA2020",450,,,,"U",0
4472865,"1006109","Animalia","Chordata","Mammalia","Carnivora","Felidae","Felis catus","cat",1056,"Linnaeus, 1758",,,False,"II","Queensland Historical Fauna Database","Lawrie (1989)","01-01-1985","31-12-1985","01-01-1985","Limestone area, Fanning River Stn",-19.735287,146.465307,"GDA2020",1800,,,,"U",0
4473059,"1006306","Animalia","Chordata","Mammalia","Carnivora","Felidae","Felis catus","cat",1056,"Linnaeus, 1758",,,False,"II","Queensland Historical Fauna Database","Godwin (1993)","01-01-1989","31-12-1989","01-01-1989","Kenny Cave U40, Undara",-18.210542,144.681952,"GDA2020",450,,,,"U",0
4473173,"1006422","Animalia","Chordata","Mammalia","Carnivora","Felidae","Felis catus","cat",1056,"Linnaeus, 1758",,,False,"II","Queensland Historical Fauna Database","Godwin (1993)","01-01-1989","31-12-1989","01-01-1989","Undara region",-18.248320,144.651119,"GDA2020",15000,,,,"U",0
4469795,"1003001","Animalia","Chordata","Mammalia","Carnivora","Felidae","Felis catus","cat",1056,"Linnaeus, 1758",,,False,"II","Queensland Historical Fauna Database","Schodde etal. (1992)","01-08-1991","31-08-1991","01-08-1991","Shoalwater Bay TA (general-land)",-22.598320,150.467785,"GDA2020",40000,,,,"U",0
4470156,"1003362","Animalia","Chordata","Mammalia","Carnivora","Felidae","Felis catus","cat",1056,"Linnaeus, 1758",,,False,"II","Queensland Historical Fauna Database","Schodde etal. (1992)","01-02-1992","29-02-1992","01-02-1992","Shoalwater Bay TA (general-land)",-22.598320,150.467785,"GDA2020",40000,,,,"U",0
4470967,"1004188","Animalia","Chordata","Mammalia","Carnivora","Felidae","Felis catus","cat",1056,"Linnaeus, 1758",,,False,"II","Queensland Historical Fauna Database","Tarburton (1988)","01-12-1985","31-12-1985","01-12-1985","Project 31 Cave (CH 312), Chillagoe area",-17.058876,144.359174,"GDA2020",450,,,,"U",0
4474842,"1008091","Animalia","Chordata","Mammalia","Carnivora","Felidae","Felis catus","cat",1056,"Linnaeus, 1758",,,False,"II","Queensland Historical Fauna Database","Woodhouse & Woodhouse (1986)","01-01-1984","31-12-1984","01-01-1984","Oak Park Stn, nr Lyndhurst",-19.252487,144.151119,"GDA2020",7200,,,,"U",0
4474963,"1008216","Animalia","Chordata","Mammalia","Carnivora","Felidae","Felis catus","cat",1056,"Linnaeus, 1758",,,False,"II","Queensland Historical Fauna Database","Kutt & Skull (1995a,b)","01-06-1994","30-06-1994","01-06-1994","Burdekin R (weir to 8km u/s)",-19.939987,146.284452,"GDA2020",4000,,,,"U",0
4475389,"1008647","Animalia","Chordata","Mammalia","Carnivora","Felidae","Felis catus","cat",1056,"Linnaeus, 1758",,,False,"II","Queensland Historical Fauna Database","Williams et al. (1993a)","01-09-1991","30-09-1991","01-09-1991","Area A, Dotswood Training Area",-19.598320,146.284452,"GDA2020",1800,,,,"C",0
4475578,"1008836","Animalia","Chordata","Mammalia","Carnivora","Felidae","Felis catus","cat",1056,"Linnaeus, 1758",,,False,"II","Queensland Historical Fauna Database","Williams et al. (1993a)","01-09-1991","30-09-1991","01-09-1991","Area B, Dotswood Training Area",-19.306653,146.234452,"GDA2020",1800,,,,"C",0
4479079,"1012361","Animalia","Chordata","Mammalia","Carnivora","Felidae","Felis catus","cat",1056,"Linnaeus, 1758",,,False,"II","Queensland Historical Fauna Database","Parsons (2001)","01-01-1995","31-12-1995","01-01-1995","White Mountains NP (General)",-20.514987,145.017785,"GDA2020",34000,,,,"U",0
4482105,"1015402","Animalia","Chordata","Mammalia","Carnivora","Felidae","Felis catus","cat",1056,"Linnaeus, 1758",,,False,"II","Queensland Historical Fauna Database","Melzer (2001)","01-07-2001","31-07-2001","01-07-2001","Site incidental, Central Highlands region",-22.965542,147.857507,"GDA2020",300,,,,"U",0
4482093,"1015390","Animalia","Chordata","Mammalia","Carnivora","Felidae","Felis catus","cat",1056,"Linnaeus, 1758",,,False,"II","Queensland Historical Fauna Database","Melzer (2001)","01-07-2001","31-07-2001","01-07-2001","Site incidental, Central Highlands region",-22.910820,147.982229,"GDA2020",300,,,,"U",0
4493150,"1031782","Animalia","Chordata","Mammalia","Carnivora","Felidae","Felis catus","cat",1056,"Linnaeus, 1758",,,False,"II","Queensland Historical Fauna Database","Hobson (2002)","01-01-2002","31-12-2002","01-01-2002","Darling Downs grassland survey area",-27.498321,151.501117,"GDA2020",54000,,,,"U",0
4496464,"1100838","Animalia","Chordata","Mammalia","Carnivora","Felidae","Felis catus","cat",1056,"Linnaeus, 1758",,,False,"II","Queensland Historical Fauna Database","Wells (1984)","01-01-1982","31-12-1982","01-01-1982","Tarragindi (Prior St), Brisbane",-27.531654,153.040006,"GDA2020",900,,,,"U",0
4518890,"1154259","Animalia","Chordata","Mammalia","Carnivora","Felidae","Felis catus","cat",1056,"Linnaeus, 1758",,,False,"II","Queensland Historical Fauna Database","Ball (2003)","18-02-2003","18-02-2003","18-02-2003","Beefalo Valley Nature Refuge, Conway",-20.383187,148.665807,"GDA2020",900,,,,"U",0
4520034,"1155410","Animalia","Chordata","Mammalia","Carnivora","Felidae","Felis catus","cat",1056,"Linnaeus, 1758",,,False,"II","Queensland Historical Fauna Database","Ball (2002)","01-01-2002","31-12-2002","01-01-2002","Lex Creek Nature Refuge, Crediton",-21.195487,148.552407,"GDA2020",850,,,,"U",0
4482058,"1015355","Animalia","Chordata","Mammalia","Carnivora","Felidae","Felis catus","cat",1056,"Linnaeus, 1758",,,False,"II","Queensland Historical Fauna Database","Melzer (2001)","01-07-2001","31-07-2001","01-07-2001","Site incidental, Central Highlands region",-22.728598,147.967507,"GDA2020",300,,,,"U",0
4482073,"1015370","Animalia","Chordata","Mammalia","Carnivora","Felidae","Felis catus","cat",1056,"Linnaeus, 1758",,,False,"II","Queensland Historical Fauna Database","Melzer (2001)","01-07-2001","31-07-2001","01-07-2001","Site incidental, Central Highlands region",-22.817765,147.954451,"GDA2020",300,,,,"U",0
4482080,"1015377","Animalia","Chordata","Mammalia","Carnivora","Felidae","Felis catus","cat",1056,"Linnaeus, 1758",,,False,"II","Queensland Historical Fauna Database","Melzer (2001)","01-07-2001","31-07-2001","01-07-2001","Site incidental, Central Highlands region",-22.872765,147.906674,"GDA2020",300,,,,"U",0
4482081,"1015378","Animalia","Chordata","Mammalia","Carnivora","Felidae","Felis catus","cat",1056,"Linnaeus, 1758",,,False,"II","Queensland Historical Fauna Database","Melzer (2001)","01-07-2001","31-07-2001","01-07-2001","Site incidental, Central Highlands region",-22.873320,147.929451,"GDA2020",300,,,,"U",0
4482083,"1015380","Animalia","Chordata","Mammalia","Carnivora","Felidae","Felis catus","cat",1056,"Linnaeus, 1758",,,False,"II","Queensland Historical Fauna Database","Melzer (2001)","01-07-2001","31-07-2001","01-07-2001","Site incidental, Central Highlands region",-22.877487,147.927507,"GDA2020",300,,,,"U",0
4533878,"1176175","Animalia","Chordata","Mammalia","Carnivora","Felidae","Felis catus","cat",1056,"Linnaeus, 1758",,,False,"II","Queensland Historical Fauna Database","Lim (1998)","01-01-1990","31-12-1990","01-01-1990","Eyre Devel. Rd-Mickyopra Well area, 30km N of Birdsville",-25.648320,139.317785,"GDA2020",1800,,,,"U",0
4537488,"1179718","Animalia","Chordata","Mammalia","Carnivora","Felidae","Felis catus","cat",1056,"Linnaeus, 1758",,,False,"II","Queensland Historical Fauna Database","Moseby & Brandle (1995)","01-01-1994","31-12-1994","01-01-1994","Pelican WH site RR49, W of Betoota",-25.686375,140.616396,"GDA2020",300,,,,"U",0
4774510,,"Animalia","Chordata","Mammalia","Carnivora","Felidae","Felis catus","cat",1056,"Linnaeus, 1758",,,False,"II","Central Region Natural Resource Management Unit","Diamantina Natural Resource Assessment and Pest Arrest","03-11-2004",,"03-11-2004","Diamantina National Park",-23.706117,141.095759,"GDA2020",100,,,,"U",0
4707460,,"Animalia","Chordata","Mammalia","Carnivora","Felidae","Felis catus","cat",1056,"Linnaeus, 1758",,,False,"II","Rod Hobson's wildlife data","Bunya Mountains Fauna Survey","07-12-2004","08-12-2004","07-12-2004","Paul Lentz Plain, Site 2, Bunya Mountains National Park, SEQ",-26.842835,151.552480,"GDA2020",50,1,"A",,"V",0
4707580,,"Animalia","Chordata","Mammalia","Carnivora","Felidae","Felis catus","cat",1056,"Linnaeus, 1758",,,False,"II","Rod Hobson's wildlife data","Bunya Mountains Fauna Survey","07-12-2004","08-12-2004","07-12-2004","Westcott Bald, adjacent Westcott Campgrounds, Bunya Mountains National Park, SEQ",-26.864537,151.570506,"GDA2020",50,1,"A",,"V",0
4707904,"17818","Animalia","Chordata","Mammalia","Carnivora","Felidae","Felis catus","cat",1056,"Linnaeus, 1758",,,False,"II","Harry Hines fauna data","South-east Queensland frog survey and monitoring database","30-11-2000","30-11-2000","30-11-2000","Head of Diglum Creek, Kroombit Tops National Park, south-west of Gladstone, south-east Queensland.",-24.360902,151.022527,"GDA2020",250,1,"A",,"C",0
4768572,,"Animalia","Chordata","Mammalia","Carnivora","Felidae","Felis catus","cat",1056,"Linnaeus, 1758",,,False,"II","Far Northern Threatened Species","Cape York Fauna","13-10-2003",,"13-10-2003","58 Old Telegraph Line Road, between 11 Mile Scrub & Moreton",-12.371759,142.614811,"GDA2020",100,1,"A",,"C",0
4768573,,"Animalia","Chordata","Mammalia","Carnivora","Felidae","Felis catus","cat",1056,"Linnaeus, 1758",,,False,"II","Far Northern Threatened Species","Cape York Fauna","13-10-2003",,"13-10-2003","57 Old Telegraph Line Road, between 11 Mile Scrub & Moreton",-12.343771,142.606837,"GDA2020",100,1,"A",,"C",0
4768604,,"Animalia","Chordata","Mammalia","Carnivora","Felidae","Felis catus","cat",1056,"Linnaeus, 1758",,,False,"II","Far Northern Threatened Species","Cape York Fauna","30-09-2003",,"30-09-2003","8 Cape York Development Rd, 3.3 km S of Oscar Creek",-13.978457,143.183511,"GDA2020",100,1,"A",,"C",0
4768642,,"Animalia","Chordata","Mammalia","Carnivora","Felidae","Felis catus","cat",1056,"Linnaeus, 1758",,,False,"II","Far Northern Threatened Species","Cape York Fauna","11-05-2004",,"11-05-2004","4, Peninsula Development Road, Lakeland Downs",-15.864692,144.828378,"GDA2020",100,1,"A",,"C",0
4768716,,"Animalia","Chordata","Mammalia","Carnivora","Felidae","Felis catus","cat",1056,"Linnaeus, 1758",,,False,"II","Far Northern Threatened Species","Cape York Fauna","01-06-2005",,"01-06-2005","Eric Yard, Rokeby Road, CYP",-13.614987,142.755433,"GDA2020",250,2,"A",,"C",0
4774539,,"Animalia","Chordata","Mammalia","Carnivora","Felidae","Felis catus","cat",1056,"Linnaeus, 1758",,,False,"II","Central Region Natural Resource Management Unit","Diamantina Natural Resource Assessment and Pest Arrest","01-11-2004",,"01-11-2004","Diamantina National Park",-23.701233,141.091911,"GDA2020",100,,,,"U",0
4775337,,"Animalia","Chordata","Mammalia","Carnivora","Felidae","Felis catus","cat",1056,"Linnaeus, 1758",,,False,"II","Central Region Natural Resource Management Unit","Dipperu Fauna Survey","04-04-2005",,"04-04-2005","Dipperu National Park (Scientific)",-21.941931,148.728896,"GDA2020",1000,,,,"C",0
4704430,,"Animalia","Chordata","Mammalia","Carnivora","Felidae","Felis catus","cat",1056,"Linnaeus, 1758",,,False,"II","Moggill QPWS fauna data","Poona National Park fauna survey","17-05-2006","17-05-2006","17-05-2006","North west boundary of Poona National Park on track 2.3 kms north east of Boonooroo Road",-25.564406,152.790277,"GDA2020",100,1,"A",,"C",0
4775658,,"Animalia","Chordata","Mammalia","Carnivora","Felidae","Felis catus","cat",1056,"Linnaeus, 1758",,,False,"II","Central Region Natural Resource Management Unit","Dipperu Fauna Survey","04-04-2005",,"04-04-2005","Dipperu National Park (Scientific)",-21.916098,148.625285,"GDA2020",1000,,,,"C",0
4775670,,"Animalia","Chordata","Mammalia","Carnivora","Felidae","Felis catus","cat",1056,"Linnaeus, 1758",,,False,"II","Central Region Natural Resource Management Unit","Dipperu Fauna Survey","04-04-2005",,"04-04-2005","Dipperu National Park (Scientific)",-21.964987,148.731396,"GDA2020",1000,,,,"C",0
4775734,,"Animalia","Chordata","Mammalia","Carnivora","Felidae","Felis catus","cat",1056,"Linnaeus, 1758",,,False,"II","Central Region Natural Resource Management Unit","Byfield Fauna Survey","28-02-2005",,"28-02-2005","Byfield State Forest",-22.772550,150.698900,"GDA2020",100,,,,"C",0
4797187,,"Animalia","Chordata","Mammalia","Carnivora","Felidae","Felis catus","cat",1056,"Linnaeus, 1758",,,False,"II","Harry Hines fauna data","Harry Hines miscellaneous survey data","09-11-2006","09-11-2006","09-11-2006","Severn River crossing, Mingoola, SEQ.",-28.988696,151.523456,"GDA2020",200,1,"A",,"C",0
4776281,,"Animalia","Chordata","Mammalia","Carnivora","Felidae","Felis catus","cat",1056,"Linnaeus, 1758",,,False,"II","Incidental Records","Fraser Island Incidental Records","01-01-2006",,"01-01-2006","Northwest beach, 9.4km west of Sandy Cape Lighthouse Gate, Fraser Island",-24.790792,153.135632,"GDA2020",50,1,"A",,"C",0
4800843,,"Animalia","Chordata","Mammalia","Carnivora","Felidae","Felis catus","cat",1056,"Linnaeus, 1758",,,False,"II","Harry Hines fauna data","Harry Hines miscellaneous survey data","25-08-2007","02-09-2007","25-08-2007","Dam in the headwaters of Thane Creek, near apiary site 101, Durikai State Forest, west of Warwick, SEQ.",-28.288126,151.696272,"GDA2020",250,1,"A",,"C",0
4808848,,"Animalia","Chordata","Mammalia","Carnivora","Felidae","Felis catus","cat",1056,"Linnaeus, 1758",,,False,"II","Rod Hobson's wildlife data","Bunya Mountains Fauna Survey","18-03-2007","18-03-2007","18-03-2007","Burton's Well, Bunya Mountains National Park, SEQ.",-26.835340,151.550804,"GDA2020",10,1,"A",,"V",0
4807884,,"Animalia","Chordata","Mammalia","Carnivora","Felidae","Felis catus","cat",1056,"Linnaeus, 1758",,,False,"II","Einasleigh Uplands Incentives Project","Gleeson Station Fauna Survey","23-05-2001","23-05-2001","23-05-2001","Gleeson Station, 6.5km SW Gleeson homestead",-19.576192,140.114483,"GDA2020",4000,,,,"U",0
4807931,,"Animalia","Chordata","Mammalia","Carnivora","Felidae","Felis catus","cat",1056,"Linnaeus, 1758",,,False,"II","Main Range National Park","Main Range Staff Incidental Records","15-08-2007",,"15-08-2007","Mt Mitchell summit east",-28.063813,152.399765,"GDA2020",100,1,"E",,"C",0
4831724,,"Animalia","Chordata","Mammalia","Carnivora","Felidae","Felis catus","cat",1056,"Linnaeus, 1758",,,False,"II","Moggill QPWS fauna data","Cravens Peak fauna survey","02-04-2007","06-04-2007","02-04-2007","Cravens Peak property, on road between Sandhill Bore and Plum Pudding, approximately 1.3km east-southeast of Plum Pudding, southwest of Boulia, WCQ.",-23.191700,138.389546,"GDA2020",100,1,"A",,"C",0
4985028,,"Animalia","Chordata","Mammalia","Carnivora","Felidae","Felis catus","cat",1056,"Linnaeus, 1758",,,False,"II","Harry Hines fauna data","Harry Hines miscellaneous survey data","28-11-2008","28-11-2008","28-11-2008","Dam on southern side of the Cunningham Highway, near apiary site 6, at the western edge of the northern section of Durikai State Forest, west of Warwick, SEQ.",-28.195543,151.611395,"GDA2020",200,1,"A",,"C",0
5653927,"205","Animalia","Chordata","Mammalia","Carnivora","Felidae","Felis catus","cat",1056,"Linnaeus, 1758",,,False,"II","John W. Winter Database","Winter/QDE","21-12-1988","21-12-1988","21-12-1988","Mt Spurgeon Road, 0.8 km WNW Spurgeon Falls, Carbine Tableland",-16.459320,145.176437,"GDA2020",450,1,"A",,"C",0
5655864,,"Animalia","Chordata","Mammalia","Carnivora","Felidae","Felis catus","cat",1056,"Linnaeus, 1758",,,False,"II","Fauna/flora inventory","Longreach Town Common observations","11-08-2008",,"11-08-2008","Longreach sewerage works",-23.467487,144.211674,"GDA2020",500,1,"A",,"C",0
5655974,,"Animalia","Chordata","Mammalia","Carnivora","Felidae","Felis catus","cat",1056,"Linnaeus, 1758",,,False,"II","Incidental Records","Western Rivers Incidental Sightings","01-03-2009",,"01-03-2009","Lochern NP",-24.100512,143.303021,"GDA2020",10,1,"E",,"C",0
5655987,,"Animalia","Chordata","Mammalia","Carnivora","Felidae","Felis catus","cat",1056,"Linnaeus, 1758",,,False,"II","Incidental Records","Western Rivers Incidental Sightings","20-06-2009",,"20-06-2009","Locehrn NP, Robertson's Dam",-24.143305,143.299115,"GDA2020",10,1,"A",,"C",0
5655986,,"Animalia","Chordata","Mammalia","Carnivora","Felidae","Felis catus","cat",1056,"Linnaeus, 1758",,,False,"II","Incidental Records","Western Rivers Incidental Sightings","20-06-2009",,"20-06-2009","Lochern NP, Shearing Shed",-24.112746,143.295366,"GDA2020",10,1,"A",,"C",0
5655170,,"Animalia","Chordata","Mammalia","Carnivora","Felidae","Felis catus","cat",1056,"Linnaeus, 1758",,,False,"II","Fauna/flora inventory","Diamantina National Park","13-11-1999",,"13-11-1999","Diamantina NP, Mt Hunter",-23.705820,141.121674,"GDA2020",200,1,"A",,"C",0
5655181,,"Animalia","Chordata","Mammalia","Carnivora","Felidae","Felis catus","cat",1056,"Linnaeus, 1758",,,False,"II","Fauna/flora inventory","Diamantina National Park","13-11-1999",,"13-11-1999","Diamantina NP, south of 2-3m crossing",-23.735820,141.109174,"GDA2020",200,1,"A",,"C",0
5655880,,"Animalia","Chordata","Mammalia","Carnivora","Felidae","Felis catus","cat",1056,"Linnaeus, 1758",,,False,"II","Fauna/flora inventory","Longreach Town Common observations","11-11-2008",,"11-11-2008","Longreach sewerage works",-23.467487,144.211674,"GDA2020",500,1,"A",,"C",0
5655999,,"Animalia","Chordata","Mammalia","Carnivora","Felidae","Felis catus","cat",1056,"Linnaeus, 1758",,,False,"II","Incidental Records","Western Rivers Incidental Sightings","22-06-2009",,"22-06-2009","Lochern NP, burrow pits along Tonkoro Road where the powerline crosses it",-24.106450,143.299508,"GDA2020",10,1,"A",,"C",0
5656000,,"Animalia","Chordata","Mammalia","Carnivora","Felidae","Felis catus","cat",1056,"Linnaeus, 1758",,,False,"II","Incidental Records","Western Rivers Incidental Sightings","22-06-2009",,"22-06-2009","Lochern NP, between Waterloo Road and Bluebush Lagoon",-24.147764,143.336027,"GDA2020",10,1,"A",,"C",0
5685276,,"Animalia","Chordata","Mammalia","Carnivora","Felidae","Felis catus","cat",1056,"Linnaeus, 1758",,,False,"II","Rod Hobson's wildlife data","Rod Hobson's incidental records","29-09-2009","29-09-2009","29-09-2009","Camp 01, Line 01, Simpson Desert National Park, WQ.",-24.098786,138.204278,"GDA2020",50,1,"A",,"C",0
5696978,,"Animalia","Chordata","Mammalia","Carnivora","Felidae","Felis catus","cat",1056,"Linnaeus, 1758",,,False,"II","Incidental Records","K.R. MCDONALD FAUNA RECORDS","29-01-2009",,"29-01-2009","1.3 km E of Mt Carbine",-16.539153,145.140841,"GDA2020",100,1,"A",,"C",0
5701333,,"Animalia","Chordata","Mammalia","Carnivora","Felidae","Felis catus","cat",1056,"Linnaeus, 1758",,,False,"II","Incidental Records","Western Rivers Incidental Sightings","17-10-2008",,"17-10-2008","Lochern National Park",-24.103384,143.353807,"GDA2020",100,1,"E",,"C",0
5656001,,"Animalia","Chordata","Mammalia","Carnivora","Felidae","Felis catus","cat",1056,"Linnaeus, 1758",,,False,"II","Incidental Records","Western Rivers Incidental Sightings","23-06-2009",,"23-06-2009","Lochern NP, on Waterloo fenceline at Thomson River",-24.165771,143.359594,"GDA2020",10,1,"A",,"C",0
5656248,"19","Animalia","Chordata","Mammalia","Carnivora","Felidae","Felis catus","cat",1056,"Linnaeus, 1758",,,False,"II","Incidental Records","Daryn Storch Incidental Records","27-05-2009","27-05-2009","27-05-2009","Blackbraes National Park, Gorge Creek Station road.",-19.588417,144.019298,"GDA2020",10,1,"A",,"C",0
5655998,,"Animalia","Chordata","Mammalia","Carnivora","Felidae","Felis catus","cat",1056,"Linnaeus, 1758",,,False,"II","Incidental Records","Western Rivers Incidental Sightings","21-06-2009",,"21-06-2009","Lochern NP, halfway along the river scenic drive",-24.142666,143.360488,"GDA2020",10,1,"A",,"C",0
5729486,"114","Animalia","Chordata","Mammalia","Carnivora","Felidae","Felis catus","cat",1056,"Linnaeus, 1758",,,False,"II","Incidental Records","Crafter Incidentals","22-05-2010","22-05-2010","22-05-2010","Winton to Longreach via old Muttaburra Rd",-23.248667,144.401851,"GDA2020",10,1,"A",,"C",0
5729489,"111","Animalia","Chordata","Mammalia","Carnivora","Felidae","Felis catus","cat",1056,"Linnaeus, 1758",,,False,"II","Incidental Records","Crafter Incidentals","22-05-2010","22-05-2010","22-05-2010","Winton to Longreach via old Muttaburra Rd",-22.912631,144.613628,"GDA2020",10,1,"A",,"C",0
5656815,"77","Animalia","Chordata","Mammalia","Carnivora","Felidae","Felis catus","cat",1056,"Linnaeus, 1758",,,False,"II","Mark Cant Survey Data","Mark Cant Survey Data","23-09-1995","23-09-1995","23-09-1995","Diamondy State Forest 197",-26.551364,151.286366,"GDA2020",1000,,,,"C",0
5659110,,"Animalia","Chordata","Mammalia","Carnivora","Felidae","Felis catus","cat",1056,"Linnaeus, 1758",,,False,"II","Far Northern Threatened Species","Cape York Fauna","13-08-2003",,"13-08-2003","Edward River, Melon Yard area, river road",-14.694146,142.297989,"GDA2020",100,1,"A",,"C",0
5659130,,"Animalia","Chordata","Mammalia","Carnivora","Felidae","Felis catus","cat",1056,"Linnaeus, 1758",,,False,"II","Far Northern Threatened Species","Cape York Fauna","17-08-2003",,"17-08-2003","Edward River, Melon Yard area, river road",-14.696407,142.301359,"GDA2020",100,1,"A",,"C",0
5684894,,"Animalia","Chordata","Mammalia","Carnivora","Felidae","Felis catus","cat",1056,"Linnaeus, 1758",,,False,"II","Rod Hobson's wildlife data","Rod Hobson's incidental records","24-10-2009","28-10-2009","24-10-2009","Elizabeth Springs Conservation Park via Boulia, CWQ.",-23.333296,140.587468,"GDA2020",1000,,,,"C",0
5713852,,"Animalia","Chordata","Mammalia","Carnivora","Felidae","Felis catus","cat",1056,"Linnaeus, 1758",,,False,"II","Incidental Records","Ray Albress","29-05-2009",,"29-05-2009","McKell rd Powerline extension via Mt Hypipamee National Park",-17.456933,145.498133,"GDA2020",10,1,"A",,"C",0
5678262,,"Animalia","Chordata","Mammalia","Carnivora","Felidae","Felis catus","cat",1056,"Linnaeus, 1758",,,False,"II","Incidental Records","K.R. MCDONALD FAUNA RECORDS","01-12-2009",,"01-12-2009","Scrubby Lagoon, Running River National Park",-14.226653,143.662786,"GDA2020",250,1,"A",,"C",0
5684732,,"Animalia","Chordata","Mammalia","Carnivora","Felidae","Felis catus","cat",1056,"Linnaeus, 1758",,,False,"II","Rod Hobson's wildlife data","Rod Hobson's incidental records","24-10-2009","24-10-2009","24-10-2009","Sandy Creek, Boulia, CWQ.",-22.958936,140.037678,"GDA2020",6,1,"A",,"C",0
5684806,,"Animalia","Chordata","Mammalia","Carnivora","Felidae","Felis catus","cat",1056,"Linnaeus, 1758",,,False,"II","Rod Hobson's wildlife data","Rod Hobson's incidental records","30-10-2009","30-10-2009","30-10-2009","Astrebla Downs National Park via Boulia, CWQ.",-24.117276,140.521998,"GDA2020",250,1,"A",,"C",0
5732103,,"Animalia","Chordata","Mammalia","Carnivora","Felidae","Felis catus","cat",1056,"Linnaeus, 1758",,,False,"II","Incidental Records","Western Rivers Incidental Sightings","23-09-2009",,"23-09-2009","Near Sandplot 1, Lochern NP, c.120km SSW of Longreach",-24.104542,143.291902,"GDA2020",10,1,"A",,"C",0
5732107,,"Animalia","Chordata","Mammalia","Carnivora","Felidae","Felis catus","cat",1056,"Linnaeus, 1758",,,False,"II","Incidental Records","Western Rivers Incidental Sightings","15-10-2009",,"15-10-2009","House yard, Lochern NP, c.120km SSW of Longreach",-24.110210,143.266589,"GDA2020",10,1,"A",,"C",0
5732098,,"Animalia","Chordata","Mammalia","Carnivora","Felidae","Felis catus","cat",1056,"Linnaeus, 1758",,,False,"II","Incidental Records","Western Rivers Incidental Sightings","11-08-2009",,"11-08-2009","Pump Road, Lochern NP, c.120km SSW of Longreach",-24.100857,143.339669,"GDA2020",25,1,"A",,"C",0
5713031,,"Animalia","Chordata","Mammalia","Carnivora","Felidae","Felis catus","cat",1056,"Linnaeus, 1758",,,False,"II","Nature Refuges","Wells Station, W.R. and D.M.J. Carter Nature Refuge","13-10-2008","18-10-2008","13-10-2008","Wells Station, 174 Carters Road, Hawkwood via Mundubberra SEQ",-25.890562,150.946506,"GDA2020",200,,,,"V",0
5714680,"302","Animalia","Chordata","Mammalia","Carnivora","Felidae","Felis catus","cat",1056,"Linnaeus, 1758",,,False,"II","Cape York and Savanna Region Flora and Fauna Surveys","Cape York Fire and Biodiversity Project","02-06-2010","10-06-2010","02-06-2010","MUNG10, Mungkan Kandju NP",-13.567557,142.682898,"GDA2020",70,1,"A",,"C",0
5736639,,"Animalia","Chordata","Mammalia","Carnivora","Felidae","Felis catus","cat",1056,"Linnaeus, 1758",,,False,"II","Far North Marine Parks QPWS Data","Derry Cay wildlife records","12-11-2007",,"12-11-2007","Possession Island",-10.729868,142.394301,"GDA2020",200,1,"E",,"U",0
5739759,"11362","Animalia","Chordata","Mammalia","Carnivora","Felidae","Felis catus","cat",1056,"Linnaeus, 1758",,,False,"II","John W. Winter Database","Winter/Quoll","08-05-2007","08-05-2007","08-05-2007","Brooklyn, Pom Pom Mine Rd",-16.661798,145.262667,"GDA2020",100,1,"A",,"C",0
5740739,"18586","Animalia","Chordata","Mammalia","Carnivora","Felidae","Felis catus","cat",1056,"Linnaeus, 1758",,,False,"II","John W. Winter Database","Winter","04-11-2010","04-11-2010","04-11-2010","Rokeby Road, between Culliban Creek and Ranger Station",-13.604050,142.721453,"GDA2020",100,1,"A",,"C",0
5739760,"11366","Animalia","Chordata","Mammalia","Carnivora","Felidae","Felis catus","cat",1056,"Linnaeus, 1758",,,False,"II","John W. Winter Database","Winter/Quoll","08-05-2007","08-05-2007","08-05-2007","Peninsula Development Road, between Mary River & Mt Carbine",-16.571061,145.165539,"GDA2020",100,1,"A",,"C",0
5739771,"11407","Animalia","Chordata","Mammalia","Carnivora","Felidae","Felis catus","cat",1056,"Linnaeus, 1758",,,False,"II","John W. Winter Database","Winter/Quoll","09-05-2007","09-05-2007","09-05-2007","Brooklyn, Pump Crossing Rd",-16.565544,145.123004,"GDA2020",100,1,"A",,"C",0
5739773,"11410","Animalia","Chordata","Mammalia","Carnivora","Felidae","Felis catus","cat",1056,"Linnaeus, 1758",,,False,"II","John W. Winter Database","Winter/Quoll","09-05-2007","09-05-2007","09-05-2007","Brooklyn, Pump Crossing Rd",-16.567102,145.120882,"GDA2020",100,1,"A",,"C",0
5739907,"12499","Animalia","Chordata","Mammalia","Carnivora","Felidae","Felis catus","cat",1056,"Linnaeus, 1758",,,False,"II","John W. Winter Database","Winter","24-12-2007","24-12-2007","24-12-2007","Taravale Road",-19.095663,146.111062,"GDA2020",100,1,"A",,"C",0
5740462,"16960","Animalia","Chordata","Mammalia","Carnivora","Felidae","Felis catus","cat",1056,"Linnaeus, 1758",,,False,"II","John W. Winter Database","Winter","14-04-2010","14-04-2010","14-04-2010","Silver Valley Road, between Rock Bar & Wollaman Cr",-17.498507,145.285723,"GDA2020",100,1,"A",,"C",0
5739797,"14292","Animalia","Chordata","Mammalia","Carnivora","Felidae","Felis catus","cat",1056,"Linnaeus, 1758",,,False,"II","John W. Winter Database","Winter","24-02-2009","24-02-2009","24-02-2009","Peninsula Development Road, top of Desailly Range",-16.467328,144.875784,"GDA2020",250,1,"A",,"C",0
5740297,"16561","Animalia","Chordata","Mammalia","Carnivora","Felidae","Felis catus","cat",1056,"Linnaeus, 1758",,,False,"II","John W. Winter Database","Winter","06-12-2009","06-12-2009","06-12-2009","Peninsula Development Road, The Bend, 3.0 km N Coen",-13.932940,143.198013,"GDA2020",100,,,,"C",0
5740745,"18609","Animalia","Chordata","Mammalia","Carnivora","Felidae","Felis catus","cat",1056,"Linnaeus, 1758",,,False,"II","John W. Winter Database","Winter","05-11-2010","05-11-2010","05-11-2010","Jabaroo Outstation Road, Rokeby",-13.649265,142.691484,"GDA2020",100,1,"A",,"C",0
5740749,"18614","Animalia","Chordata","Mammalia","Carnivora","Felidae","Felis catus","cat",1056,"Linnaeus, 1758",,,False,"II","John W. Winter Database","Winter","05-11-2010","05-11-2010","05-11-2010","Jabaroo Outstation Road, Rokeby",-13.652048,142.706384,"GDA2020",100,1,"A",,"C",0
5755739,,"Animalia","Chordata","Mammalia","Carnivora","Felidae","Felis catus","cat",1056,"Linnaeus, 1758",,,False,"II","Incidental Records","Mark Sanders Incidental fauna data","23-01-2010",,"23-01-2010","Bulburin National Park",-24.534187,151.469507,"GDA2020",100,,,,"C",0
5755931,,"Animalia","Chordata","Mammalia","Carnivora","Felidae","Felis catus","cat",1056,"Linnaeus, 1758",,,False,"II","Incidental Records","Mark Sanders Incidental fauna data","26-01-2010",,"26-01-2010","Westcott, Bunya Mountains National Park",-26.863947,151.570976,"GDA2020",100,,,,"C",0
5777004,"164","Animalia","Chordata","Mammalia","Carnivora","Felidae","Felis catus","cat",1056,"Linnaeus, 1758",,,False,"II","Incidental Records","QPWS Toowoomba Flora and Fauna records","27-07-1989","27-07-1989","27-07-1989","Mount Moffat Section, Carnarvon Nation Park",-25.021817,147.948519,"GDA2020",1000,,,,"C",0
5754794,,"Animalia","Chordata","Mammalia","Carnivora","Felidae","Felis catus","cat",1056,"Linnaeus, 1758",,,False,"II","Incidental Records","Mark Sanders Incidental fauna data","20-11-2009",,"20-11-2009","4.5km SSW of Warra",-26.968797,150.902776,"GDA2020",100,,,,"C",0
5755065,,"Animalia","Chordata","Mammalia","Carnivora","Felidae","Felis catus","cat",1056,"Linnaeus, 1758",,,False,"II","Incidental Records","Mark Sanders Incidental fauna data","23-11-2009",,"23-11-2009","6.0km SE of Cecil Plains",-27.569547,151.239526,"GDA2020",100,,,,"C",0
5790470,,"Animalia","Chordata","Mammalia","Carnivora","Felidae","Felis catus","cat",1056,"Linnaeus, 1758",,,False,"II","Harry Hines fauna data","Northwest Queensland fauna records","14-10-2010","14-10-2010","14-10-2010","Nowranie Creek campground and surrounds, Camooweal Caves National Park, south of Camooweal, NWQ.",-20.043384,138.172201,"GDA2020",300,1,"A",,"C",0
5790855,,"Animalia","Chordata","Mammalia","Carnivora","Felidae","Felis catus","cat",1056,"Linnaeus, 1758",,,False,"II","Harry Hines fauna data","Harry Hines incidental records","05-05-1996",,"05-05-1996","Winn Road, Cashmere, SEQ.",-27.284154,152.878895,"GDA2020",100,1,"A",,"C",0
5787739,,"Animalia","Chordata","Mammalia","Carnivora","Felidae","Felis catus","cat",1056,"Linnaeus, 1758",,,False,"II","Incidental Records","Incidental Sitings by Chris Mitchell","08-08-1992",,"08-08-1992","Mudloo Well Simpson Desert National Park",-24.933597,138.152786,"GDA2020",200,1,"E",,"U",0
5790300,,"Animalia","Chordata","Mammalia","Carnivora","Felidae","Felis catus","cat",1056,"Linnaeus, 1758",,,False,"II","Harry Hines fauna data","Northwest Queensland fauna records","13-10-2010","13-10-2010","13-10-2010","Second crossing of Murrays Creek west of Musselbrook base, Lawn Hill (Little Ranges) Resources Reserve, northwest of Mt Isa, NWQ.",-18.595458,138.116689,"GDA2020",100,2,"A",,"C",0
5783231,"1021","Animalia","Chordata","Mammalia","Carnivora","Felidae","Felis catus","cat",1056,"Linnaeus, 1758",,,False,"II","Incidental Records","Bruce Thomson Incidental Records","11-04-2010","11-04-2010","11-04-2010","38km north west of Alpha",-23.409938,146.331414,"GDA2020",10,1,"A",,"C",0
5783482,"834","Animalia","Chordata","Mammalia","Carnivora","Felidae","Felis catus","cat",1056,"Linnaeus, 1758",,,False,"II","Incidental Records","Bruce Thomson Incidental Records","21-10-2009","21-10-2009","21-10-2009","37km north west of Alpha",-23.410662,146.450259,"GDA2020",10,1,"A",,"C",0
5783246,"1133","Animalia","Chordata","Mammalia","Carnivora","Felidae","Felis catus","cat",1056,"Linnaeus, 1758",,,False,"II","Incidental Records","Bruce Thomson Incidental Records","18-04-2010","18-04-2010","18-04-2010","38km north west of Alpha",-23.401820,146.439309,"GDA2020",10,1,"A",,"C",0
5783588,"1116","Animalia","Chordata","Mammalia","Carnivora","Felidae","Felis catus","cat",1056,"Linnaeus, 1758",,,False,"II","Incidental Records","Bruce Thomson Incidental Records","16-04-2010","16-04-2010","16-04-2010","38km north west of Alpha",-23.351614,146.513967,"GDA2020",10,1,"A",,"C",0
5788045,,"Animalia","Chordata","Mammalia","Carnivora","Felidae","Felis catus","cat",1056,"Linnaeus, 1758",,,False,"II","Incidental Records","Incidental Sitings by Chris Mitchell","26-09-1991",,"26-09-1991","Mackunda Downs west ofMiddleton",-22.516653,141.300008,"GDA2020",1000,4,"A",,"U",0
5783433,"860","Animalia","Chordata","Mammalia","Carnivora","Felidae","Felis catus","cat",1056,"Linnaeus, 1758",,,False,"II","Incidental Records","Bruce Thomson Incidental Records","22-10-2009","22-10-2009","22-10-2009","37km north west of Alpha",-23.446115,146.439835,"GDA2020",10,1,"A",,"C",0
5783539,"835","Animalia","Chordata","Mammalia","Carnivora","Felidae","Felis catus","cat",1056,"Linnaeus, 1758",,,False,"II","Incidental Records","Bruce Thomson Incidental Records","21-10-2009","21-10-2009","21-10-2009","37km north west of Alpha",-23.363555,146.478885,"GDA2020",10,1,"A",,"C",0
5791755,,"Animalia","Chordata","Mammalia","Carnivora","Felidae","Felis catus","cat",1056,"Linnaeus, 1758",,,False,"II","Rod Hobson's wildlife data","Rod Hobson's incidental records","11-02-2009","11-02-2009","11-02-2009","Wainui Pastoral Company, Bowenville, SEQ.",-27.336128,151.415320,"GDA2020",100,,,,"C",0
5793842,,"Animalia","Chordata","Mammalia","Carnivora","Felidae","Felis catus","cat",1056,"Linnaeus, 1758",,,False,"II","Rod Hobson's wildlife data","Rod Hobson's incidental records","01-11-2008","01-11-2008","01-11-2008","Waaje, Barakula State Forest, SEQ.",-26.135767,150.384266,"GDA2020",50,,,,"C",0
5797935,,"Animalia","Chordata","Mammalia","Carnivora","Felidae","Felis catus","cat",1056,"Linnaeus, 1758",,,False,"II","Rod Hobson's wildlife data","Rod Hobson's incidental records","24-10-2010",,"24-10-2010","Brandy Creek, Conway National Park, NQ.",-20.339154,148.691674,"GDA2020",50,1,"A",,"C",0
5798842,,"Animalia","Chordata","Mammalia","Carnivora","Felidae","Felis catus","cat",1056,"Linnaeus, 1758",,,False,"II","Rod Hobson's wildlife data","Lake Murphy Conservation Park Fauna Survey","09-03-2011","13-03-2011","09-03-2011","Lake Murphy Conservation Park via Taroom, SQ.",-25.485543,149.660007,"GDA2020",1000,,,,"C",0
5795285,,"Animalia","Chordata","Mammalia","Carnivora","Felidae","Felis catus","cat",1056,"Linnaeus, 1758",,,False,"II","Rod Hobson's wildlife data","Rod Hobson's incidental records","17-03-2010","17-03-2010","17-03-2010","Clermont-Nebo Rd via Clermont, CQ.",-22.499927,147.881917,"GDA2020",20,1,"A",,"C",0
5799184,,"Animalia","Chordata","Mammalia","Carnivora","Felidae","Felis catus","cat",1056,"Linnaeus, 1758",,,False,"II","Rod Hobson's wildlife data","Rod Hobson's incidental records","08-05-2011","12-05-2011","08-05-2011","Idalia National Park via Blackall, CQ.",-24.883570,144.774202,"GDA2020",1000,,,,"C",0
5796092,,"Animalia","Chordata","Mammalia","Carnivora","Felidae","Felis catus","cat",1056,"Linnaeus, 1758",,,False,"II","Rod Hobson's wildlife data","Braemar State Forest Fauna Survey","17-04-2010",,"17-04-2010","Braemar State Forest via Dalby, SEQ.",-27.189511,150.863895,"GDA2020",150,2,"A",,"C",0
5799265,,"Animalia","Chordata","Mammalia","Carnivora","Felidae","Felis catus","cat",1056,"Linnaeus, 1758",,,False,"II","Rod Hobson's wildlife data","Dept of Transport and Main Roads Grassland Fauna Survey","28-06-2011",,"28-06-2011","Bowenville-Norwin Rd, Bowenville, SEQ.",-27.315787,151.478046,"GDA2020",50,1,"A",,"C",0
5799272,,"Animalia","Chordata","Mammalia","Carnivora","Felidae","Felis catus","cat",1056,"Linnaeus, 1758",,,False,"II","Rod Hobson's wildlife data","Dept of Transport and Main Roads Grassland Fauna Survey","29-06-2011",,"29-06-2011","Bowenville-Norwin Rd, Bowenville, SEQ.",-27.315787,151.478046,"GDA2020",50,1,"A",,"C",0
5796480,,"Animalia","Chordata","Mammalia","Carnivora","Felidae","Felis catus","cat",1056,"Linnaeus, 1758",,,False,"II","Rod Hobson's wildlife data","Rod Hobson's incidental records","05-07-2010","07-07-2010","05-07-2010","Warrego Highway, Kingsthorpe, SEQ.",-27.481121,151.763940,"GDA2020",1000,,,,"C",0
5798406,,"Animalia","Chordata","Mammalia","Carnivora","Felidae","Felis catus","cat",1056,"Linnaeus, 1758",,,False,"II","Rod Hobson's wildlife data","Rod Hobson's incidental records","14-02-2011",,"14-02-2011","Glenhaughton Rd, Lake Murphy Conservation Park via Taroom, SEQ.",-25.487907,149.639713,"GDA2020",50,1,"A",,"C",0
5822107,,"Animalia","Chordata","Mammalia","Carnivora","Felidae","Felis catus","cat",1056,"Linnaeus, 1758",,,False,"II","Incidental Records","Tina Ball Miscellaneous Data","23-08-2011","23-08-2011","23-08-2011","Burrenbring Station, adj Homevale National Park",-21.513234,148.644827,"GDA2020",100,1,"A",,"C",0
5822139,,"Animalia","Chordata","Mammalia","Carnivora","Felidae","Felis catus","cat",1056,"Linnaeus, 1758",,,False,"II","Incidental Records","Tina Ball Miscellaneous Data","02-08-2011","02-08-2011","02-08-2011","Homevale National Park",-21.518053,148.625323,"GDA2020",100,1,"A",,"C",0
5822150,,"Animalia","Chordata","Mammalia","Carnivora","Felidae","Felis catus","cat",1056,"Linnaeus, 1758",,,False,"II","Incidental Records","Tina Ball Miscellaneous Data","01-07-2011","01-07-2011","01-07-2011","Homevale National Park",-21.515735,148.627989,"GDA2020",100,1,"A",,"C",0
5822158,,"Animalia","Chordata","Mammalia","Carnivora","Felidae","Felis catus","cat",1056,"Linnaeus, 1758",,,False,"II","Incidental Records","Tina Ball Miscellaneous Data","23-08-2011","23-08-2011","23-08-2011","Homevale National Park",-21.513740,148.647429,"GDA2020",100,1,"A",,"C",0
5822172,,"Animalia","Chordata","Mammalia","Carnivora","Felidae","Felis catus","cat",1056,"Linnaeus, 1758",,,False,"II","Incidental Records","Tina Ball Miscellaneous Data","23-08-2011","23-08-2011","23-08-2011","Homevale National Park",-21.512944,148.629505,"GDA2020",100,1,"A",,"C",0
5822181,,"Animalia","Chordata","Mammalia","Carnivora","Felidae","Felis catus","cat",1056,"Linnaeus, 1758",,,False,"II","Incidental Records","Tina Ball Miscellaneous Data","23-08-2011","23-08-2011","23-08-2011","Homevale National Park",-21.512394,148.632204,"GDA2020",100,1,"A",,"C",0
5822187,,"Animalia","Chordata","Mammalia","Carnivora","Felidae","Felis catus","cat",1056,"Linnaeus, 1758",,,False,"II","Incidental Records","Tina Ball Miscellaneous Data","23-08-2011","23-08-2011","23-08-2011","Homevale National Park",-21.512199,148.636517,"GDA2020",100,1,"A",,"C",0
5822122,,"Animalia","Chordata","Mammalia","Carnivora","Felidae","Felis catus","cat",1056,"Linnaeus, 1758",,,False,"II","Incidental Records","Tina Ball Miscellaneous Data","23-08-2011","23-08-2011","23-08-2011","Burrenbring Station, adj Homevale National Park",-21.511988,148.643728,"GDA2020",100,1,"A",,"C",0
5822133,,"Animalia","Chordata","Mammalia","Carnivora","Felidae","Felis catus","cat",1056,"Linnaeus, 1758",,,False,"II","Incidental Records","Tina Ball Miscellaneous Data","23-08-2011","23-08-2011","23-08-2011","Burrenbring Station, adj Homevale National Park",-21.510586,148.641450,"GDA2020",100,1,"A",,"C",0
5815612,"Rav PA04","Animalia","Chordata","Mammalia","Carnivora","Felidae","Felis catus","cat",1056,"Linnaeus, 1758",,,False,"II","Incidental Records","WildNet Incidental Records","30-07-2005","30-07-2005","30-07-2005","Forty Mile Scrub National Park - crossing the Kennedy Highway",-18.065674,144.864209,"GDA2020",50,1,"A",,"C",0
5822206,,"Animalia","Chordata","Mammalia","Carnivora","Felidae","Felis catus","cat",1056,"Linnaeus, 1758",,,False,"II","Incidental Records","Tina Ball Miscellaneous Data","23-08-2011","23-08-2011","23-08-2011","Homevale National Park",-21.511182,148.638169,"GDA2020",100,1,"A",,"C",0
5822220,,"Animalia","Chordata","Mammalia","Carnivora","Felidae","Felis catus","cat",1056,"Linnaeus, 1758",,,False,"II","Incidental Records","Tina Ball Miscellaneous Data","23-08-2011","23-08-2011","23-08-2011","Homevale National Park",-21.510379,148.640401,"GDA2020",100,1,"A",,"C",0
5822485,,"Animalia","Chordata","Mammalia","Carnivora","Felidae","Felis catus","cat",1056,"Linnaeus, 1758",,,False,"II","Incidental Records","Tina Ball Miscellaneous Data","01-07-2011","01-07-2011","01-07-2011","Burrenbring Station, adj Homevale National Park",-21.514169,148.645956,"GDA2020",100,1,"A",,"C",0
5822486,,"Animalia","Chordata","Mammalia","Carnivora","Felidae","Felis catus","cat",1056,"Linnaeus, 1758",,,False,"II","Incidental Records","Tina Ball Miscellaneous Data","29-04-2011","29-04-2011","29-04-2011","Homevale National Park",-21.411123,148.543382,"GDA2020",100,1,"A",,"C",0
5822488,,"Animalia","Chordata","Mammalia","Carnivora","Felidae","Felis catus","cat",1056,"Linnaeus, 1758",,,False,"II","Incidental Records","Tina Ball Miscellaneous Data","01-07-2011","01-07-2011","01-07-2011","Homevale National Park",-21.407073,148.600609,"GDA2020",100,1,"A",,"C",0
5822195,,"Animalia","Chordata","Mammalia","Carnivora","Felidae","Felis catus","cat",1056,"Linnaeus, 1758",,,False,"II","Incidental Records","Tina Ball Miscellaneous Data","02-08-2011","02-08-2011","02-08-2011","Homevale National Park",-21.512150,148.635452,"GDA2020",100,1,"A",,"C",0
5825485,,"Animalia","Chordata","Mammalia","Carnivora","Felidae","Felis catus","cat",1056,"Linnaeus, 1758",,,False,"II","Incidental Records","Tina Ball Miscellaneous Data","24-08-2011","24-08-2011","24-08-2011","Crediton State Forest",-21.337431,148.552491,"GDA2020",100,1,"A",,"C",0
5825488,,"Animalia","Chordata","Mammalia","Carnivora","Felidae","Felis catus","cat",1056,"Linnaeus, 1758",,,False,"II","Incidental Records","Tina Ball Miscellaneous Data","22-09-2011","22-09-2011","22-09-2011","Crediton State Forest",-21.337431,148.552491,"GDA2020",100,1,"A",,"C",0
5825496,,"Animalia","Chordata","Mammalia","Carnivora","Felidae","Felis catus","cat",1056,"Linnaeus, 1758",,,False,"II","Incidental Records","Tina Ball Miscellaneous Data","31-10-2011","31-10-2011","31-10-2011","Crediton State Forest",-21.335831,148.562328,"GDA2020",100,1,"A",,"C",0
5825503,,"Animalia","Chordata","Mammalia","Carnivora","Felidae","Felis catus","cat",1056,"Linnaeus, 1758",,,False,"II","Incidental Records","Tina Ball Miscellaneous Data","22-09-2011","22-09-2011","22-09-2011","Crediton State Forest",-21.335528,148.545327,"GDA2020",100,1,"A",,"C",0
5825670,,"Animalia","Chordata","Mammalia","Carnivora","Felidae","Felis catus","cat",1056,"Linnaeus, 1758",,,False,"II","Incidental Records","Tina Ball Miscellaneous Data","24-08-2011","24-08-2011","24-08-2011","Crediton State Forest",-21.334774,148.544808,"GDA2020",100,1,"A",,"C",0
5822863,,"Animalia","Chordata","Mammalia","Carnivora","Felidae","Felis catus","cat",1056,"Linnaeus, 1758",,,False,"II","Wildlife Records System (Central Region) - Incidental","QPWS Estate Incidental & Summarised Records","11-06-2009",,"11-06-2009","Lakefield NP",-14.608642,143.931869,"GDA2020",100,,,,"C",0
5825461,,"Animalia","Chordata","Mammalia","Carnivora","Felidae","Felis catus","cat",1056,"Linnaeus, 1758",,,False,"II","Incidental Records","Tina Ball Miscellaneous Data","22-09-2011","22-09-2011","22-09-2011","Crediton State Forest",-21.338696,148.548494,"GDA2020",100,1,"A",,"C",0
5825466,,"Animalia","Chordata","Mammalia","Carnivora","Felidae","Felis catus","cat",1056,"Linnaeus, 1758",,,False,"II","Incidental Records","Tina Ball Miscellaneous Data","31-10-2011","31-10-2011","31-10-2011","Crediton State Forest",-21.338696,148.548494,"GDA2020",100,1,"A",,"C",0
5825472,,"Animalia","Chordata","Mammalia","Carnivora","Felidae","Felis catus","cat",1056,"Linnaeus, 1758",,,False,"II","Incidental Records","Tina Ball Miscellaneous Data","14-12-2011","14-12-2011","14-12-2011","Crediton State Forest",-21.338696,148.548494,"GDA2020",100,1,"A",,"C",0
5825680,,"Animalia","Chordata","Mammalia","Carnivora","Felidae","Felis catus","cat",1056,"Linnaeus, 1758",,,False,"II","Incidental Records","Tina Ball Miscellaneous Data","31-10-2011","31-10-2011","31-10-2011","Crediton State Forest",-21.334774,148.544808,"GDA2020",100,1,"A",,"C",0
5825687,,"Animalia","Chordata","Mammalia","Carnivora","Felidae","Felis catus","cat",1056,"Linnaeus, 1758",,,False,"II","Incidental Records","Tina Ball Miscellaneous Data","14-12-2011","14-12-2011","14-12-2011","Crediton State Forest",-21.334774,148.544808,"GDA2020",100,1,"A",,"C",0
5825693,,"Animalia","Chordata","Mammalia","Carnivora","Felidae","Felis catus","cat",1056,"Linnaeus, 1758",,,False,"II","Incidental Records","Tina Ball Miscellaneous Data","14-12-2011","14-12-2011","14-12-2011","Crediton State Forest",-21.331967,148.562084,"GDA2020",100,1,"A",,"C",0
5825519,,"Animalia","Chordata","Mammalia","Carnivora","Felidae","Felis catus","cat",1056,"Linnaeus, 1758",,,False,"II","Incidental Records","Tina Ball Miscellaneous Data","22-09-2011","22-09-2011","22-09-2011","Crediton State Forest",-21.334818,148.556667,"GDA2020",100,1,"A",,"C",0
5825674,,"Animalia","Chordata","Mammalia","Carnivora","Felidae","Felis catus","cat",1056,"Linnaeus, 1758",,,False,"II","Incidental Records","Tina Ball Miscellaneous Data","22-09-2011","22-09-2011","22-09-2011","Crediton State Forest",-21.334774,148.544808,"GDA2020",100,1,"A",,"C",0
5825762,,"Animalia","Chordata","Mammalia","Carnivora","Felidae","Felis catus","cat",1056,"Linnaeus, 1758",,,False,"II","Incidental Records","Tina Ball Miscellaneous Data","31-10-2011","31-10-2011","31-10-2011","Crediton State Forest",-21.325750,148.552696,"GDA2020",100,1,"A",,"C",0
5825740,,"Animalia","Chordata","Mammalia","Carnivora","Felidae","Felis catus","cat",1056,"Linnaeus, 1758",,,False,"II","Incidental Records","Tina Ball Miscellaneous Data","22-09-2011","22-09-2011","22-09-2011","Crediton State Forest",-21.329778,148.558600,"GDA2020",100,1,"A",,"C",0
5825755,,"Animalia","Chordata","Mammalia","Carnivora","Felidae","Felis catus","cat",1056,"Linnaeus, 1758",,,False,"II","Incidental Records","Tina Ball Miscellaneous Data","24-08-2011","24-08-2011","24-08-2011","Crediton State Forest",-21.325750,148.552696,"GDA2020",100,1,"A",,"C",0
5825756,,"Animalia","Chordata","Mammalia","Carnivora","Felidae","Felis catus","cat",1056,"Linnaeus, 1758",,,False,"II","Incidental Records","Tina Ball Miscellaneous Data","22-09-2011","22-09-2011","22-09-2011","Crediton State Forest",-21.325750,148.552696,"GDA2020",100,1,"A",,"C",0
5825777,,"Animalia","Chordata","Mammalia","Carnivora","Felidae","Felis catus","cat",1056,"Linnaeus, 1758",,,False,"II","Incidental Records","Tina Ball Miscellaneous Data","24-08-2011","24-08-2011","24-08-2011","Crediton State Forest",-21.323773,148.555423,"GDA2020",100,1,"A",,"C",0
5825780,,"Animalia","Chordata","Mammalia","Carnivora","Felidae","Felis catus","cat",1056,"Linnaeus, 1758",,,False,"II","Incidental Records","Tina Ball Miscellaneous Data","22-09-2011","22-09-2011","22-09-2011","Crediton State Forest",-21.323773,148.555423,"GDA2020",100,1,"A",,"C",0
5825707,,"Animalia","Chordata","Mammalia","Carnivora","Felidae","Felis catus","cat",1056,"Linnaeus, 1758",,,False,"II","Incidental Records","Tina Ball Miscellaneous Data","31-10-2011","31-10-2011","31-10-2011","Crediton State Forest",-21.330032,148.560415,"GDA2020",100,1,"A",,"C",0
5825794,,"Animalia","Chordata","Mammalia","Carnivora","Felidae","Felis catus","cat",1056,"Linnaeus, 1758",,,False,"II","Incidental Records","Tina Ball Miscellaneous Data","10-11-2011","10-11-2011","10-11-2011","Crediton State Forest",-21.258265,148.503865,"GDA2020",100,1,"A",,"C",0
5825730,,"Animalia","Chordata","Mammalia","Carnivora","Felidae","Felis catus","cat",1056,"Linnaeus, 1758",,,False,"II","Incidental Records","Tina Ball Miscellaneous Data","31-10-2011","31-10-2011","31-10-2011","Crediton State Forest",-21.329997,148.554380,"GDA2020",100,1,"A",,"C",0
5825735,,"Animalia","Chordata","Mammalia","Carnivora","Felidae","Felis catus","cat",1056,"Linnaeus, 1758",,,False,"II","Incidental Records","Tina Ball Miscellaneous Data","14-12-2011","14-12-2011","14-12-2011","Crediton State Forest",-21.329997,148.554380,"GDA2020",100,1,"A",,"C",0
5825798,,"Animalia","Chordata","Mammalia","Carnivora","Felidae","Felis catus","cat",1056,"Linnaeus, 1758",,,False,"II","Incidental Records","Tina Ball Miscellaneous Data","14-12-2011","14-12-2011","14-12-2011","Crediton State Forest",-21.258265,148.503865,"GDA2020",100,1,"A",,"C",0
5825822,,"Animalia","Chordata","Mammalia","Carnivora","Felidae","Felis catus","cat",1056,"Linnaeus, 1758",,,False,"II","Incidental Records","Tina Ball Miscellaneous Data","10-11-2011","10-11-2011","10-11-2011","Crediton State Forest",-21.256581,148.504339,"GDA2020",100,1,"A",,"C",0
5825846,,"Animalia","Chordata","Mammalia","Carnivora","Felidae","Felis catus","cat",1056,"Linnaeus, 1758",,,False,"II","Incidental Records","Tina Ball Miscellaneous Data","10-11-2011","10-11-2011","10-11-2011","Crediton State Forest",-21.255499,148.506101,"GDA2020",100,1,"A",,"C",0
5827533,,"Animalia","Chordata","Mammalia","Carnivora","Felidae","Felis catus","cat",1056,"Linnaeus, 1758",,,False,"II","Harry Hines fauna data","Harry Hines incidental records","20-01-2010",,"20-01-2010","Lamington National Park Road, 1.8km south of Duck Creek Road, O'Reilly's Plateau, SEQ.",-28.228043,153.131950,"GDA2020",50,1,"A",,"C",0
5841606,,"Animalia","Chordata","Mammalia","Carnivora","Felidae","Felis catus","cat",1056,"Linnaeus, 1758",,,False,"II","Incidental Records","Rod Hobson Incidental Records","17-05-2012",,"17-05-2012","""Ridge Prospect"", Hell Hole via Toowoomba SEQ",-27.654467,152.018166,"GDA2020",50,4,"A",,"C",0
5829553,"46","Animalia","Chordata","Mammalia","Carnivora","Felidae","Felis catus","cat",1056,"Linnaeus, 1758",,,False,"II","Incidental Records","Tina Ball Miscellaneous Data","10-02-2012","10-02-2012","10-02-2012","Eungella National Park, Dalrymple Rd",-21.095451,148.537209,"GDA2020",100,1,"A",,"C",0
5829561,"38","Animalia","Chordata","Mammalia","Carnivora","Felidae","Felis catus","cat",1056,"Linnaeus, 1758",,,False,"II","Incidental Records","Tina Ball Miscellaneous Data","10-02-2012","10-02-2012","10-02-2012","Eungella National Park, Dalrymple Rd",-21.086736,148.543914,"GDA2020",100,1,"A",,"C",0
5829573,"28","Animalia","Chordata","Mammalia","Carnivora","Felidae","Felis catus","cat",1056,"Linnaeus, 1758",,,False,"II","Incidental Records","Tina Ball Miscellaneous Data","10-02-2012","10-02-2012","10-02-2012","Eungella National Park, Dalrymple Rd",-21.072015,148.563347,"GDA2020",100,2,"A",,"C",0
5829591,"9","Animalia","Chordata","Mammalia","Carnivora","Felidae","Felis catus","cat",1056,"Linnaeus, 1758",,,False,"II","Incidental Records","Tina Ball Miscellaneous Data","10-02-2012","10-02-2012","10-02-2012","Eungella National Park, Dalrymple Rd",-21.035751,148.596961,"GDA2020",100,1,"A",,"C",0
5829989,,"Animalia","Chordata","Mammalia","Carnivora","Felidae","Felis catus","cat",1056,"Linnaeus, 1758",,,False,"II","Jesse Rowlands fauna survey and monitoring datasets","Jesse Rowland miscellaneous fauna data","04-10-2011","04-10-2011","04-10-2011","Marshes Road, north-east of Beerburrum, SEQ.",-26.924291,152.931816,"GDA2020",50,1,"A",,"C",0
5829546,"50","Animalia","Chordata","Mammalia","Carnivora","Felidae","Felis catus","cat",1056,"Linnaeus, 1758",,,False,"II","Incidental Records","Tina Ball Miscellaneous Data","10-02-2012","10-02-2012","10-02-2012","Eungella National Park, Dalrymple Rd",-21.097175,148.525367,"GDA2020",100,1,"A",,"C",0
5833245,,"Animalia","Chordata","Mammalia","Carnivora","Felidae","Felis catus","cat",1056,"Linnaeus, 1758",,,False,"II","Harry Hines fauna data","Harry Hines miscellaneous survey data","02-03-2012","03-03-2012","02-03-2012","Dam in the headwaters of Reedy Creek, northeast of apiary site 28, Durikai State Forest, west of Warwick, SEQ.",-28.205888,151.658603,"GDA2020",500,1,"A",,"C",0
5872303,,"Animalia","Chordata","Mammalia","Carnivora","Felidae","Felis catus","cat",1056,"Linnaeus, 1758",,,False,"II","Incidental Records","Tina Ball Miscellaneous Data","22-05-2012","25-05-2012","22-05-2012","Albinia",-24.474570,148.469112,"GDA2020",500,1,"A",,"C",0
5872401,,"Animalia","Chordata","Mammalia","Carnivora","Felidae","Felis catus","cat",1056,"Linnaeus, 1758",,,False,"II","Incidental Records","Tina Ball Miscellaneous Data","10-05-2012","07-06-2012","10-05-2012","Flat Top Range NP, Rockhampton",-23.400045,150.697270,"GDA2020",500,1,"A",,"C",0
5833296,,"Animalia","Chordata","Mammalia","Carnivora","Felidae","Felis catus","cat",1056,"Linnaeus, 1758",,,False,"II","Ian Gynthers fauna data","Mammal Week incidental data","18-01-1998","23-01-1998","18-01-1998","Darlington Park, on Albert River, Kerry Road, Darlington, SEQ.",-28.184488,153.040108,"GDA2020",200,1,"A",,"U",0
5872405,,"Animalia","Chordata","Mammalia","Carnivora","Felidae","Felis catus","cat",1056,"Linnaeus, 1758",,,False,"II","Incidental Records","Tina Ball Miscellaneous Data","10-05-2012","07-06-2012","10-05-2012","Flat Top Range NP, Rockhampton",-23.396711,150.697228,"GDA2020",500,1,"A",,"C",0
5872409,,"Animalia","Chordata","Mammalia","Carnivora","Felidae","Felis catus","cat",1056,"Linnaeus, 1758",,,False,"II","Incidental Records","Tina Ball Miscellaneous Data","10-05-2012","07-06-2012","10-05-2012","Flat Top Range NP, Rockhampton",-23.394307,150.704131,"GDA2020",500,1,"A",,"C",0
5872415,,"Animalia","Chordata","Mammalia","Carnivora","Felidae","Felis catus","cat",1056,"Linnaeus, 1758",,,False,"II","Incidental Records","Tina Ball Miscellaneous Data","10-05-2012","07-06-2012","10-05-2012","Flat Top Range NP, Rockhampton",-23.387680,150.704410,"GDA2020",500,1,"A",,"C",0
5873460,"139","Animalia","Chordata","Mammalia","Carnivora","Felidae","Felis catus","cat",1056,"Linnaeus, 1758",,,False,"II","Incidental Records","Carly Greig Incidental Records","07-06-2011","07-06-2011","07-06-2011","'Harvest Home' Station, approximately 30km west of Lake Dalrymple, Brigalow Belt",-20.630807,146.623621,"GDA2020",50,,,,"C",0
5872442,,"Animalia","Chordata","Mammalia","Carnivora","Felidae","Felis catus","cat",1056,"Linnaeus, 1758",,,False,"II","Incidental Records","Tina Ball Miscellaneous Data","21-05-2012","25-05-2012","21-05-2012","Humboldt",-24.231681,148.982848,"GDA2020",500,1,"A",,"C",0
5872462,,"Animalia","Chordata","Mammalia","Carnivora","Felidae","Felis catus","cat",1056,"Linnaeus, 1758",,,False,"II","Incidental Records","Tina Ball Miscellaneous Data","21-05-2012","25-05-2012","21-05-2012","Humboldt",-24.224797,148.969283,"GDA2020",500,1,"A",,"C",0
5872480,,"Animalia","Chordata","Mammalia","Carnivora","Felidae","Felis catus","cat",1056,"Linnaeus, 1758",,,False,"II","Incidental Records","Tina Ball Miscellaneous Data","21-05-2012","25-05-2012","21-05-2012","Humboldt",-24.204817,148.980443,"GDA2020",500,1,"A",,"C",0
5872848,"101","Animalia","Chordata","Mammalia","Carnivora","Felidae","Felis catus","cat",1056,"Linnaeus, 1758",,,False,"II","Incidental Records","WildNet Incidental Records","06-02-2012","11-02-2012","06-02-2012","Condamine state forest, Lot 161 FTY 1867",-26.905737,150.306548,"GDA2020",50,20,"E",,"C",0
5873334,"140","Animalia","Chordata","Mammalia","Carnivora","Felidae","Felis catus","cat",1056,"Linnaeus, 1758",,,False,"II","Incidental Records","Carly Greig Incidental Records","09-06-2011","09-06-2011","09-06-2011","'Harvest Home' Station, approximately 30km west of Lake Dalrymple, Brigalow Belt",-20.712500,146.652329,"GDA2020",50,,,,"C",0
5872486,,"Animalia","Chordata","Mammalia","Carnivora","Felidae","Felis catus","cat",1056,"Linnaeus, 1758",,,False,"II","Incidental Records","Tina Ball Miscellaneous Data","21-05-2012","25-05-2012","21-05-2012","Humboldt",-24.185286,148.891779,"GDA2020",500,1,"A",,"C",0
5873615,"154","Animalia","Chordata","Mammalia","Carnivora","Felidae","Felis catus","cat",1056,"Linnaeus, 1758",,,False,"II","Incidental Records","Carly Greig Incidental Records","20-07-2011","20-07-2011","20-07-2011","'Mount Surprise' Station, adjacent (west) of Undara National Park, EIU",-18.146625,144.385176,"GDA2020",50,1,"A",,"C",0
5876886,,"Animalia","Chordata","Mammalia","Carnivora","Felidae","Felis catus","cat",1056,"Linnaeus, 1758",,,False,"II","Moggill QPWS fauna data","Nature Refuges","08-05-2007","13-05-2007","08-05-2007","Spicers Peak Nature Refuge, campsite in souther section of property, on Freestone Creek South, junction of two tracks, SEQ.",-28.110555,152.339235,"GDA2020",200,2,"A",,"V",0
5872603,,"Animalia","Chordata","Mammalia","Carnivora","Felidae","Felis catus","cat",1056,"Linnaeus, 1758",,,False,"II","Incidental Records","Tina Ball Miscellaneous Data","10-05-2012","07-06-2012","10-05-2012","Mt Hopeful, Rockhampton",-23.745354,150.544110,"GDA2020",500,1,"A",,"C",0
5872749,"70","Animalia","Chordata","Mammalia","Carnivora","Felidae","Felis catus","cat",1056,"Linnaeus, 1758",,,False,"II","Incidental Records","WildNet Incidental Records","23-03-2012","30-04-2012","23-03-2012","state forest near Kumbarilla lane, Kogan, Qld",-27.177352,150.900927,"GDA2020",1000,1,"A",,"C",0
5890969,,"Animalia","Chordata","Mammalia","Carnivora","Felidae","Felis catus","cat",1056,"Linnaeus, 1758",,,False,"II","Far Northern Threatened Species","Cape York Fauna","16-05-2004",,"16-05-2004","Rokeby Road, E of Eric Yard",-13.606584,142.781807,"GDA2020",100,1,"A",,"C",0
5890995,,"Animalia","Chordata","Mammalia","Carnivora","Felidae","Felis catus","cat",1056,"Linnaeus, 1758",,,False,"II","Far Northern Threatened Species","Cape York Fauna","19-05-2004",,"19-05-2004","Rokeby Road, E of Eric Yard",-13.605437,142.779357,"GDA2020",100,1,"A",,"C",0
5890998,,"Animalia","Chordata","Mammalia","Carnivora","Felidae","Felis catus","cat",1056,"Linnaeus, 1758",,,False,"II","Far Northern Threatened Species","Cape York Fauna","19-05-2004",,"19-05-2004","Rokeby Road, E of Eric Yard",-13.608244,142.785269,"GDA2020",100,1,"A",,"C",0
5891001,,"Animalia","Chordata","Mammalia","Carnivora","Felidae","Felis catus","cat",1056,"Linnaeus, 1758",,,False,"II","Far Northern Threatened Species","Cape York Fauna","19-05-2004",,"19-05-2004","Rokeby Road, E of Eric Yard",-13.628584,142.806836,"GDA2020",100,1,"A",,"C",0
5891434,"7180","Animalia","Chordata","Mammalia","Carnivora","Felidae","Felis catus","cat",1056,"Linnaeus, 1758",,,False,"II","John W. Winter Database","Winter/CYNHT","08-10-2002","08-10-2002","08-10-2002","Bamaga turn-off to Archer river road",-13.199243,142.851712,"GDA2020",100,1,"A",,"C",0
5891476,"7374","Animalia","Chordata","Mammalia","Carnivora","Felidae","Felis catus","cat",1056,"Linnaeus, 1758",,,False,"II","John W. Winter Database","Winter/CYNHT","24-07-2003","24-07-2003","24-07-2003","Kimba main road",-15.574858,143.595513,"GDA2020",10,2,"A",,"C",0
5891400,"7113","Animalia","Chordata","Mammalia","Carnivora","Felidae","Felis catus","cat",1056,"Linnaeus, 1758",,,False,"II","John W. Winter Database","Winter/CYNHT","30-09-2002","30-09-2002","30-09-2002","Musgrave to Coen Road",-14.261085,143.293121,"GDA2020",100,1,"A",,"C",0
5891416,"7141","Animalia","Chordata","Mammalia","Carnivora","Felidae","Felis catus","cat",1056,"Linnaeus, 1758",,,False,"II","John W. Winter Database","Winter/CYNHT","03-10-2002","03-10-2002","03-10-2002","Telegraph Road, Bridge Creek",-11.227827,142.383460,"GDA2020",100,1,"A",,"C",0
5891469,"7363","Animalia","Chordata","Mammalia","Carnivora","Felidae","Felis catus","cat",1056,"Linnaeus, 1758",,,False,"II","John W. Winter Database","Winter/CYNHT","23-07-2003","23-07-2003","23-07-2003","Kimba-Pinnacles short-cut road",-15.635297,143.500079,"GDA2020",10,1,"A",,"C",0
5891474,"7371","Animalia","Chordata","Mammalia","Carnivora","Felidae","Felis catus","cat",1056,"Linnaeus, 1758",,,False,"II","John W. Winter Database","Winter/CYNHT","24-07-2003","24-07-2003","24-07-2003","Kimba main road",-15.611793,143.500444,"GDA2020",10,1,"A",,"C",0
5891475,"7372","Animalia","Chordata","Mammalia","Carnivora","Felidae","Felis catus","cat",1056,"Linnaeus, 1758",,,False,"II","John W. Winter Database","Winter/CYNHT","24-07-2003","24-07-2003","24-07-2003","Kimba main road",-15.599069,143.526283,"GDA2020",10,1,"A",,"C",0
5891429,"7168","Animalia","Chordata","Mammalia","Carnivora","Felidae","Felis catus","cat",1056,"Linnaeus, 1758",,,False,"II","John W. Winter Database","Winter/CYNHT","07-10-2002","07-10-2002","07-10-2002","Bramwell road, N",-12.126229,142.638690,"GDA2020",100,,,,"C",0
5891432,"7172","Animalia","Chordata","Mammalia","Carnivora","Felidae","Felis catus","cat",1056,"Linnaeus, 1758",,,False,"II","John W. Winter Database","Winter/CYNHT","07-10-2002","07-10-2002","07-10-2002","Bramwell road, N",-12.112309,142.654936,"GDA2020",100,1,"A",,"C",0
5891120,,"Animalia","Chordata","Mammalia","Carnivora","Felidae","Felis catus","cat",1056,"Linnaeus, 1758",,,False,"II","Far Northern Threatened Species","Cape York Fauna","20-06-2004",,"20-06-2004","York Downs road, W of Myall Creek",-12.752184,142.310373,"GDA2020",100,1,"A",,"C",0
5891213,,"Animalia","Chordata","Mammalia","Carnivora","Felidae","Felis catus","cat",1056,"Linnaeus, 1758",,,False,"II","Far Northern Threatened Species","Cape York Fauna","08-12-2004",,"08-12-2004","Mapoon Road",-12.084195,141.902515,"GDA2020",100,1,"A",,"U",0
5891347,"6853","Animalia","Chordata","Mammalia","Carnivora","Felidae","Felis catus","cat",1056,"Linnaeus, 1758",,,False,"II","John W. Winter Database","Winter/CYNHT","18-11-2002","18-11-2002","18-11-2002","Weipa-Mapoon road",-12.373429,141.921141,"GDA2020",100,1,"A",,"C",0
5891506,"7841","Animalia","Chordata","Mammalia","Carnivora","Felidae","Felis catus","cat",1056,"Linnaeus, 1758",,,False,"II","John W. Winter Database","Winter/CYNHT","30-09-2003","30-09-2003","30-09-2003","Peninsula Development Road, S of Coen",-13.978457,143.183511,"GDA2020",100,1,"A",,"C",0
5891790,"8135","Animalia","Chordata","Mammalia","Carnivora","Felidae","Felis catus","cat",1056,"Linnaeus, 1758",,,False,"II","John W. Winter Database","Winter/CYNHT","28-03-2004","28-03-2004","28-03-2004","Peninsula Developmental Road, 16.4 km from transect start",-15.654341,144.541869,"GDA2020",100,1,"A",,"C",0
5891793,"8139","Animalia","Chordata","Mammalia","Carnivora","Felidae","Felis catus","cat",1056,"Linnaeus, 1758",,,False,"II","John W. Winter Database","Winter/CYNHT","28-03-2004","29-03-2004","28-03-2004","Byerstown Range",-15.973145,144.829769,"GDA2020",100,,,,"C",0
5892057,"19137","Animalia","Chordata","Mammalia","Carnivora","Felidae","Felis catus","cat",1056,"Linnaeus, 1758",,,False,"II","John W. Winter Database","Winter","10-10-2011","10-10-2011","10-10-2011","Rokeby Road, 12.8 km NE of Rokeby",-13.605254,142.778900,"GDA2020",100,1,"A",,"V",0
5892061,"19142","Animalia","Chordata","Mammalia","Carnivora","Felidae","Felis catus","cat",1056,"Linnaeus, 1758",,,False,"II","John W. Winter Database","Winter","10-10-2011","10-10-2011","10-10-2011","Rokeby Road, 8.0 km NE of Rokeby",-13.602770,142.717699,"GDA2020",100,1,"A",,"V",0
5891866,"9463","Animalia","Chordata","Mammalia","Carnivora","Felidae","Felis catus","cat",1056,"Linnaeus, 1758",,,False,"II","John W. Winter Database","Winter/QPWS","11-11-2005","11-11-2005","11-11-2005","Rokeby Road, between Horsebush and Cabbage Tree Creeks",-13.680168,142.859663,"GDA2020",100,1,"A",,"C",0
5892034,"19104","Animalia","Chordata","Mammalia","Carnivora","Felidae","Felis catus","cat",1056,"Linnaeus, 1758",,,False,"II","John W. Winter Database","Winter","08-10-2011","08-10-2011","08-10-2011","Rokeby Road, 11.6 km NE of Rokeby",-13.611029,142.764745,"GDA2020",100,1,"A",,"V",0
5892036,"19107","Animalia","Chordata","Mammalia","Carnivora","Felidae","Felis catus","cat",1056,"Linnaeus, 1758",,,False,"II","John W. Winter Database","Winter","08-10-2011","08-10-2011","08-10-2011","Rokeby Road, 9.7 km NE of Rokeby",-13.616471,142.745640,"GDA2020",100,1,"A",,"V",0
5892046,"19121","Animalia","Chordata","Mammalia","Carnivora","Felidae","Felis catus","cat",1056,"Linnaeus, 1758",,,False,"II","John W. Winter Database","Winter","09-10-2011","09-10-2011","09-10-2011","Rokeby Road, 12,8 km NE of Rokeby",-13.604816,142.775670,"GDA2020",100,1,"A",,"V",0
5892156,"19576","Animalia","Chordata","Mammalia","Carnivora","Felidae","Felis catus","cat",1056,"Linnaeus, 1758",,,False,"II","John W. Winter Database","Winter","15-01-2012","15-01-2012","15-01-2012","Pheasant Road, 10 km SW of Malanda",-17.436717,145.558018,"GDA2020",20,1,"A",,"V",0
5892163,"19592","Animalia","Chordata","Mammalia","Carnivora","Felidae","Felis catus","cat",1056,"Linnaeus, 1758",,,False,"II","John W. Winter Database","Winter","17-01-2012","17-01-2012","17-01-2012","Oakey Creek, Arriga, 8 km W of Walkamin",-17.206501,145.361933,"GDA2020",50,1,"A",,"V",0
5893665,"898","Animalia","Chordata","Mammalia","Carnivora","Felidae","Felis catus","cat",1056,"Linnaeus, 1758",,,False,"II","Russell Best Survey Data","Oyala Thumotang National Park","14-07-2009","14-07-2009","14-07-2009","Near Eric Yard, Oyala Thumotang National Park (CYPAL)",-13.616616,142.748824,"GDA2020",100,1,"A",,"C",0
5893700,"266","Animalia","Chordata","Mammalia","Carnivora","Felidae","Felis catus","cat",1056,"Linnaeus, 1758",,,False,"II","Russell Best Survey Data","Oyala Thumotang National Park","30-07-2008","30-07-2008","30-07-2008","Oyala Thumotang National Park (CYPAL)",-13.604224,142.724481,"GDA2020",20,1,"A",,"C",0
5893714,"1114","Animalia","Chordata","Mammalia","Carnivora","Felidae","Felis catus","cat",1056,"Linnaeus, 1758",,,False,"II","Russell Best Survey Data","Heathlands","06-08-2009","06-08-2009","06-08-2009","Peninsula Developmental Road, Oyala Thumotang National Park (CYPAL)",-13.667684,143.071980,"GDA2020",60,1,"A",,"C",0
5893715,"875","Animalia","Chordata","Mammalia","Carnivora","Felidae","Felis catus","cat",1056,"Linnaeus, 1758",,,False,"II","Russell Best Survey Data","Oyala Thumotang National Park","13-07-2009","13-07-2009","13-07-2009","Peninsular Developmental Road",-14.908216,143.548208,"GDA2020",60,1,"A",,"C",0
5894757,"28","Animalia","Chordata","Mammalia","Carnivora","Felidae","Felis catus","cat",1056,"Linnaeus, 1758",,,False,"II","Russell Best Survey Data","Ngarrabullgan (Mount Mulligan)","13-05-2008","13-05-2008","13-05-2008","Ngarrabullgan (Mount Mulligan)",-16.770770,144.789058,"GDA2020",100,,,,"C",0
5893986,"1203","Animalia","Chordata","Mammalia","Carnivora","Felidae","Felis catus","cat",1056,"Linnaeus, 1758",,,False,"II","Russell Best Survey Data","Rinyirru (Lakefield) National Park","02-09-2009","02-09-2009","02-09-2009","Red Lily Lagoon, Rinyirru (Lakefield) National Park (Cape York Peninsula Aboriginal Land)",-14.849887,144.165108,"GDA2020",400,1,"A",,"C",0
5894289,"1308","Animalia","Chordata","Mammalia","Carnivora","Felidae","Felis catus","cat",1056,"Linnaeus, 1758",,,False,"II","Russell Best Survey Data","Rinyirru (Lakefield) National Park","03-09-2009","03-09-2009","03-09-2009","Red Lily Lagoon, Rinyirru (Lakefield) National Park (Cape York Peninsula Aboriginal Land)",-14.849887,144.165108,"GDA2020",400,1,"A",,"C",0
5894308,"1187","Animalia","Chordata","Mammalia","Carnivora","Felidae","Felis catus","cat",1056,"Linnaeus, 1758",,,False,"II","Russell Best Survey Data","Rinyirru (Lakefield) National Park","02-09-2009","02-09-2009","02-09-2009","Red Lily Lagoon, Rinyirru (Lakefield) National Park (Cape York Peninsula Aboriginal Land)",-14.848356,144.162659,"GDA2020",60,1,"A",,"C",0
5894310,"356","Animalia","Chordata","Mammalia","Carnivora","Felidae","Felis catus","cat",1056,"Linnaeus, 1758",,,False,"II","Russell Best Survey Data","Rinyirru (Lakefield) National Park","13-08-2008","13-08-2008","13-08-2008","Red Lily Lagoon, Rinyirru (Lakefield) National Park (Cape York Peninsula Aboriginal Land)",-14.847790,144.167924,"GDA2020",20,1,"A",,"C",0
5893826,"361","Animalia","Chordata","Mammalia","Carnivora","Felidae","Felis catus","cat",1056,"Linnaeus, 1758",,,False,"II","Russell Best Survey Data","Rinyirru (Lakefield) National Park","13-08-2008","13-08-2008","13-08-2008","Red Lily Lagoon, Rinyirru (Lakefield) National Park (Cape York Peninsula Aboriginal Land)",-14.851146,144.162275,"GDA2020",20,1,"A",,"C",0
5894319,"331","Animalia","Chordata","Mammalia","Carnivora","Felidae","Felis catus","cat",1056,"Linnaeus, 1758",,,False,"II","Russell Best Survey Data","Rinyirru (Lakefield) National Park","12-08-2008","12-08-2008","12-08-2008","Red Lily Lagoon, Rinyirru (Lakefield) National Park (Cape York Peninsula Aboriginal Land)",-14.846137,144.167195,"GDA2020",10,1,"A",,"C",0
5894463,"369","Animalia","Chordata","Mammalia","Carnivora","Felidae","Felis catus","cat",1056,"Linnaeus, 1758",,,False,"II","Russell Best Survey Data","Rinyirru (Lakefield) National Park","14-08-2008","14-08-2008","14-08-2008","Site 3, Red Lily Lagoon, Rinyirru (Lakefield) National Park (Cape York Peninsula Aboriginal Land)",-14.846882,144.163945,"GDA2020",50,1,"A",,"C",0
5903361,"15","Animalia","Chordata","Mammalia","Carnivora","Felidae","Felis catus","cat",1056,"Linnaeus, 1758",,,False,"II","Russell Best Survey Data","Moorrinya National Park","11-10-2006","11-10-2006","11-10-2006","Paddock Dam, Moorrinya National Park",-21.498882,145.036033,"GDA2020",20,,,,"C",0
5903152,"62","Animalia","Chordata","Mammalia","Carnivora","Felidae","Felis catus","cat",1056,"Linnaeus, 1758",,,False,"II","Russell Best Survey Data","Undara National Park","19-06-2007","19-06-2007","19-06-2007","One Hundred Mile Swamp area, north of Undara Volcanic National Park",-18.204121,144.574621,"GDA2020",10,1,"A",,"C",0
5903265,"23","Animalia","Chordata","Mammalia","Carnivora","Felidae","Felis catus","cat",1056,"Linnaeus, 1758",,,False,"II","Russell Best Survey Data","Moorrinya National Park","11-10-2006","11-10-2006","11-10-2006","""Noorrookoo"", Bullock Creek, Moorrinya National Park",-21.423067,144.999359,"GDA2020",10,1,"A",,"C",0
5904660,"157","Animalia","Chordata","Mammalia","Carnivora","Felidae","Felis catus","cat",1056,"Linnaeus, 1758",,,False,"II","Russell Best Survey Data","Smithfield","20-06-2011","20-06-2011","20-06-2011","Bottom of ""Kuranda Range Road"" (Kennedy Hwy), Smithfield",-16.838692,145.686980,"GDA2020",100,1,"A",,"C",0
5903279,"3","Animalia","Chordata","Mammalia","Carnivora","Felidae","Felis catus","cat",1056,"Linnaeus, 1758",,,False,"II","Russell Best Survey Data","Blackbraes National Park","16-08-2006","16-08-2006","16-08-2006","Black Swamp Mill, Blackbraes National Park",-19.504645,144.223306,"GDA2020",10,1,"A",,"C",0
5910869,"822","Animalia","Chordata","Mammalia","Carnivora","Felidae","Felis catus","cat",1056,"Linnaeus, 1758",,,False,"II","Russell Best Survey Data","30 Black Mountain Road, Kuranda","16-01-2012","16-01-2012","16-01-2012","30 Black Mountain Road, Kuranda",-16.805504,145.636076,"GDA2020",60,1,"A",,"C",0
5911949,"13","Animalia","Chordata","Mammalia","Carnivora","Felidae","Felis catus","cat",1056,"Linnaeus, 1758",,,False,"II","Incidental Records","WildNet Incidental Records","14-10-2012","14-10-2012","14-10-2012","Nairana N.P.",-21.711654,146.909729,"GDA2020",100,1,"A",,"C",0
5911954,"32","Animalia","Chordata","Mammalia","Carnivora","Felidae","Felis catus","cat",1056,"Linnaeus, 1758",,,False,"II","Incidental Records","WildNet Incidental Records","29-05-2012","29-05-2012","29-05-2012","Oyala Thumothang N.P.",-13.610264,142.789453,"GDA2020",100,1,"A",,"C",0
5910663,"925","Animalia","Chordata","Mammalia","Carnivora","Felidae","Felis catus","cat",1056,"Linnaeus, 1758",,,False,"II","Russell Best Survey Data","30 Black Mountain Road, Kuranda","03-03-2012","03-03-2012","03-03-2012","30 Black Mountain Road, Kuranda",-16.805504,145.636076,"GDA2020",60,1,"A",,"C",0
5910778,"729","Animalia","Chordata","Mammalia","Carnivora","Felidae","Felis catus","cat",1056,"Linnaeus, 1758",,,False,"II","Russell Best Survey Data","30 Black Mountain Road, Kuranda","21-11-2011","21-11-2011","21-11-2011","30 Black Mountain Road, Kuranda",-16.805504,145.636076,"GDA2020",60,1,"A",,"C",0
5910780,"731","Animalia","Chordata","Mammalia","Carnivora","Felidae","Felis catus","cat",1056,"Linnaeus, 1758",,,False,"II","Russell Best Survey Data","30 Black Mountain Road, Kuranda","22-11-2011","22-11-2011","22-11-2011","30 Black Mountain Road, Kuranda",-16.805504,145.636076,"GDA2020",60,1,"A",,"C",0
5912430,"42","Animalia","Chordata","Mammalia","Carnivora","Felidae","Felis catus","cat",1056,"Linnaeus, 1758",,,False,"II","Russell Best Survey Data","Diamantina","03-10-2009","03-10-2009","03-10-2009","Papaputcheri Waterhole, Diamantina National Park",-24.052081,140.881360,"GDA2020",400,2,"A",,"C",0
5912451,"5","Animalia","Chordata","Mammalia","Carnivora","Felidae","Felis catus","cat",1056,"Linnaeus, 1758",,,False,"II","Russell Best Survey Data","Diamantina","30-09-2009","30-09-2009","30-09-2009","South-east of Ranger Base, Diamantina National Park",-23.787529,141.156549,"GDA2020",100,1,"A",,"C",0
5919131,,"Animalia","Chordata","Mammalia","Carnivora","Felidae","Felis catus","cat",1056,"Linnaeus, 1758",,,False,"II","Harry Hines fauna data","Harry Hines incidental records","23-05-2012","23-05-2012","23-05-2012","Cunningham Highway at the northern end of Durikai State Forest, west of Warwick, SEQ.",-28.190766,151.619055,"GDA2020",100,1,"A",,"C",0
5919200,,"Animalia","Chordata","Mammalia","Carnivora","Felidae","Felis catus","cat",1056,"Linnaeus, 1758",,,False,"II","Harry Hines fauna data","Harry Hines miscellaneous survey data","22-10-2012","25-10-2012","22-10-2012","Bowra Homestead and sourrounds, northwest of Cunnamulla, SWQ.",-27.987089,145.607997,"GDA2020",500,1,"A",,"C",0
5915949,,"Animalia","Chordata","Mammalia","Carnivora","Felidae","Felis catus","cat",1056,"Linnaeus, 1758",,,False,"II","Rod Hobson's wildlife data","Richard Underwood Nature Reserve Fauna Survey","17-01-2012","22-01-2012","17-01-2012","Richard Underwood Nature Reserve via St George, SQ.",-27.664531,148.696842,"GDA2020",500,,,,"C",0
5916949,"289","Animalia","Chordata","Mammalia","Carnivora","Felidae","Felis catus","cat",1056,"Linnaeus, 1758",,,False,"II","Rod Hobson's wildlife data","Richard Underwood Nature Reserve Fauna Survey","10-12-2012","10-12-2012","10-12-2012","Northern boundary road, Richard Underwood Nature Refuge, Yarran Downs, northeast of St George, SCQ.",-27.663133,148.708162,"GDA2020",50,1,"A",,"C",0
5920129,,"Animalia","Chordata","Mammalia","Carnivora","Felidae","Felis catus","cat",1056,"Linnaeus, 1758",,,False,"II","Harry Hines fauna data","Harry Hines incidental records","12-12-2012","12-12-2012","12-12-2012","Kroombit Forest Drive, near Dry Creek, Kroombit Tops National Park, southwest of Gladstone, SEQ.",-24.359256,150.963631,"GDA2020",50,1,"A",,"C",0
5921688,,"Animalia","Chordata","Mammalia","Carnivora","Felidae","Felis catus","cat",1056,"Linnaeus, 1758",,,False,"II","Incidental Records","WildNet Incidental Records","09-08-2010","09-08-2010","09-08-2010","Epping Forest National Park (Scientific)",-22.382318,146.697187,"GDA2020",700,1,"A",,"C",0
5919521,,"Animalia","Chordata","Mammalia","Carnivora","Felidae","Felis catus","cat",1056,"Linnaeus, 1758",,,False,"II","Harry Hines fauna data","Harry Hines miscellaneous survey data","28-10-2012","31-10-2012","28-10-2012","Wilson River Campground, Noccundra Waterhole, Noccundra, SWQ.",-27.821386,142.589949,"GDA2020",1000,2,"A",,"C",0
5920126,,"Animalia","Chordata","Mammalia","Carnivora","Felidae","Felis catus","cat",1056,"Linnaeus, 1758",,,False,"II","Harry Hines fauna data","Harry Hines incidental records","12-12-2012","12-12-2012","12-12-2012","Ubobo Road, Kroombit Tops National Park, southwest of Gladstone, SEQ.",-24.399464,151.047140,"GDA2020",50,1,"A",,"C",0
5960118,,"Animalia","Chordata","Mammalia","Carnivora","Felidae","Felis catus","cat",1056,"Linnaeus, 1758",,,False,"II","Incidental Records","Tina Ball Miscellaneous Data","07-11-2012","07-11-2012","07-11-2012","Cairdbeign State Forest",-24.215625,148.237011,"GDA2020",100,1,"A",,"C",0
5960114,,"Animalia","Chordata","Mammalia","Carnivora","Felidae","Felis catus","cat",1056,"Linnaeus, 1758",,,False,"II","Incidental Records","Tina Ball Miscellaneous Data","07-11-2012","07-11-2012","07-11-2012","Cairdbeign State Forest",-24.215892,148.238422,"GDA2020",100,1,"A",,"C",0
5960735,"924","Animalia","Chordata","Mammalia","Carnivora","Felidae","Felis catus","cat",1056,"Linnaeus, 1758",,,False,"II","Western Region Resource Projects","Western Region Road Transects","04-08-2011","05-08-2011","04-08-2011","Travel Birdsville to Welford NP",-25.359145,142.040735,"GDA2020",10,1,"A",,"C",0
5974009,,"Animalia","Chordata","Mammalia","Carnivora","Felidae","Felis catus","cat",1056,"Linnaeus, 1758",,,False,"II","Incidental Records","Incidental Records A. B. Freeman","26-05-2013",,"26-05-2013","Gulf Development Road between Normanton and Croydon",-18.941987,141.748397,"GDA2020",50,1,"A",,"C",0
5974052,,"Animalia","Chordata","Mammalia","Carnivora","Felidae","Felis catus","cat",1056,"Linnaeus, 1758",,,False,"II","Incidental Records","Incidental Records A. B. Freeman","26-05-2013",,"26-05-2013","Gulf Development Road between Normanton and Croydon",-17.880236,141.217341,"GDA2020",50,1,"A",,"C",0
5960181,,"Animalia","Chordata","Mammalia","Carnivora","Felidae","Felis catus","cat",1056,"Linnaeus, 1758",,,False,"II","Incidental Records","Tina Ball Miscellaneous Data","22-05-2008","22-05-2008","22-05-2008","Cape Palmerston National Park",-21.546376,149.468235,"GDA2020",100,,,,"C",0
5974049,,"Animalia","Chordata","Mammalia","Carnivora","Felidae","Felis catus","cat",1056,"Linnaeus, 1758",,,False,"II","Incidental Records","Incidental Records A. B. Freeman","25-05-2013",,"25-05-2013","Gregory Downs -Normanton Road",-18.643431,139.217230,"GDA2020",50,1,"A",,"C",0
5960779,"940","Animalia","Chordata","Mammalia","Carnivora","Felidae","Felis catus","cat",1056,"Linnaeus, 1758",,,False,"II","Western Region Resource Projects","Western Region Road Transects","04-08-2011","05-08-2011","04-08-2011","Travel Birdsville to Welford NP",-25.345334,142.174607,"GDA2020",10,1,"A",,"C",0
5960809,"941","Animalia","Chordata","Mammalia","Carnivora","Felidae","Felis catus","cat",1056,"Linnaeus, 1758",,,False,"II","Western Region Resource Projects","Western Region Road Transects","04-08-2011","05-08-2011","04-08-2011","Travel Birdsville to Welford NP",-25.338460,142.206937,"GDA2020",10,1,"A",,"C",0
5960817,"034","Animalia","Chordata","Mammalia","Carnivora","Felidae","Felis catus","cat",1056,"Linnaeus, 1758",,,False,"II","Western Region Resource Projects","Western Region Road Transects","04-08-2011","05-08-2011","04-08-2011","Travel Birdsville to Welford NP",-25.186822,143.258655,"GDA2020",10,1,"A",,"C",0
5974010,,"Animalia","Chordata","Mammalia","Carnivora","Felidae","Felis catus","cat",1056,"Linnaeus, 1758",,,False,"II","Incidental Records","Incidental Records A. B. Freeman","26-05-2013",,"26-05-2013","Gulf Development Road between Normanton and Croydon 7km SW of Croydon",-18.246848,142.295119,"GDA2020",50,1,"A",,"C",0
5960390,"556","Animalia","Chordata","Mammalia","Carnivora","Felidae","Felis catus","cat",1056,"Linnaeus, 1758",,,False,"II","Western Region Resource Projects","Western Region Road Transects","04-08-2011","05-08-2011","04-08-2011","Travel Birdsville to Welford NP",-25.887034,139.442355,"GDA2020",10,1,"A",,"C",0
5960668,"989","Animalia","Chordata","Mammalia","Carnivora","Felidae","Felis catus","cat",1056,"Linnaeus, 1758",,,False,"II","Western Region Resource Projects","Western Region Road Transects","04-08-2011","05-08-2011","04-08-2011","Travel Birdsville to Welford NP",-25.363960,142.543822,"GDA2020",10,1,"A",,"C",0
5960820,"038","Animalia","Chordata","Mammalia","Carnivora","Felidae","Felis catus","cat",1056,"Linnaeus, 1758",,,False,"II","Western Region Resource Projects","Western Region Road Transects","04-08-2011","05-08-2011","04-08-2011","Travel Birdsville to Welford NP",-25.173822,143.324516,"GDA2020",10,1,"A",,"C",0
5973952,,"Animalia","Chordata","Mammalia","Carnivora","Felidae","Felis catus","cat",1056,"Linnaeus, 1758",,,False,"II","Incidental Records","Incidental Records A. B. Freeman","24-05-2010",,"24-05-2010","Campground Middle Gorge Boodjamulla NP",-18.701153,138.486203,"GDA2020",25,1,"A",,"C",0
5974886,,"Animalia","Chordata","Mammalia","Carnivora","Felidae","Felis catus","cat",1056,"Linnaeus, 1758",,,False,"II","Wetland Information Capture Project","Lake Hugh Muntz Management Plan","09-08-2007","10-08-2007","09-08-2007","Lake Hugh Muntz area",-28.051176,153.413564,"GDA2020",1500,,,,"U",0
5985858,,"Animalia","Chordata","Mammalia","Carnivora","Felidae","Felis catus","cat",1056,"Linnaeus, 1758",,,False,"II","Rod Hobson's wildlife data","Rod Hobson's incidental records","16-07-2013",,"16-07-2013","Wondul Range National Park via Captains Mountain, SEQ.",-28.025742,151.023231,"GDA2020",250,,,,"C",0
5978936,,"Animalia","Chordata","Mammalia","Carnivora","Felidae","Felis catus","cat",1056,"Linnaeus, 1758",,,False,"II","Incidental Records","Rod Hobson Incidental Records","20-07-2013","11-08-2013","20-07-2013","Erringibba National Park via Glenmorgan SEQ.",-27.289500,149.704406,"GDA2020",2700,1,"A",,"C",0
5979435,"768","Animalia","Chordata","Mammalia","Carnivora","Felidae","Felis catus","cat",1056,"Linnaeus, 1758",,,False,"II","Peter McRae Data","Bilby Research Records","31-08-2011","31-08-2011","31-08-2011","Coolbinga area, Diamantina development rd",-26.616138,144.613021,"GDA2020",999,,,,"C",0
5979512,"648","Animalia","Chordata","Mammalia","Carnivora","Felidae","Felis catus","cat",1056,"Linnaeus, 1758",,,False,"II","Peter McRae Data","Bilby Research Records","29-08-2011","29-08-2011","29-08-2011","Elbow WH rd, Astrebla Downs NP",-24.178640,140.582563,"GDA2020",999,1,"A",,"C",0
5979569,"637","Animalia","Chordata","Mammalia","Carnivora","Felidae","Felis catus","cat",1056,"Linnaeus, 1758",,,False,"II","Peter McRae Data","Bilby Research Records","28-08-2011","28-08-2011","28-08-2011","No2 Bore to Jelyenda site via Paraputcheri track, Astrebla Downs NP",-24.104034,140.437141,"GDA2020",999,1,"A",,"C",0
5985840,,"Animalia","Chordata","Mammalia","Carnivora","Felidae","Felis catus","cat",1056,"Linnaeus, 1758",,,False,"II","Rod Hobson's wildlife data","Rod Hobson's incidental records","16-07-2013",,"16-07-2013","Western Creek State Forest via Captains Mountain, SEQ.",-27.952243,151.060243,"GDA2020",50,,,,"C",0
5977319,,"Animalia","Chordata","Mammalia","Carnivora","Felidae","Felis catus","cat",1056,"Linnaeus, 1758",,,False,"II","Rod Hobson's wildlife data","Rod Hobson's incidental records","14-06-2012",,"14-06-2012","Wondul Range National Park, Captains Mountain, SEQ.",-28.048793,151.039145,"GDA2020",500,1,"A",,"C",0
5979959,"609","Animalia","Chordata","Mammalia","Carnivora","Felidae","Felis catus","cat",1056,"Linnaeus, 1758",,,False,"II","Peter McRae Data","Bilby Research Records","26-08-2011","26-08-2011","26-08-2011","Warra Ck crossing, Astrebla Downs NP",-24.370350,140.429016,"GDA2020",999,2,"A",,"C",0
5979971,"669","Animalia","Chordata","Mammalia","Carnivora","Felidae","Felis catus","cat",1056,"Linnaeus, 1758",,,False,"II","Peter McRae Data","Bilby Research Records","30-08-2011","30-08-2011","30-08-2011","Warra gate rd, Astrebla Downs NP",-24.239202,140.522211,"GDA2020",999,1,"A",,"C",0
5979978,"667","Animalia","Chordata","Mammalia","Carnivora","Felidae","Felis catus","cat",1056,"Linnaeus, 1758",,,False,"II","Peter McRae Data","Bilby Research Records","30-08-2011","30-08-2011","30-08-2011","Warra gate rd, Astrebla Downs NP",-24.184470,140.541677,"GDA2020",999,1,"A",,"C",0
5985416,,"Animalia","Chordata","Mammalia","Carnivora","Felidae","Felis catus","cat",1056,"Linnaeus, 1758",,,False,"II","Rod Hobson's wildlife data","Rod Hobson's incidental records","19-05-2013",,"19-05-2013","Darvall Property, Mount Whitestone via Helidon, SEQ.",-27.680955,152.083758,"GDA2020",500,,,,"C",0
5986985,,"Animalia","Chordata","Mammalia","Carnivora","Felidae","Felis catus","cat",1056,"Linnaeus, 1758",,,False,"II","Incidental Records","Rod Hobson Incidental Records","21-10-2013",,"21-10-2013","Dry Branch Track, The Amphitheatre, Expedition National Park.",-25.323372,149.071348,"GDA2020",100,,,,"U",0
5993762,,"Animalia","Chordata","Mammalia","Carnivora","Felidae","Felis catus","cat",1056,"Linnaeus, 1758",,,False,"II","Incidental Records","Terry Reis Incidental Records","26-01-2014","28-01-2014","26-01-2014","Egernia Nature Refuge, Sonego Lane, Greenlands",-28.631837,151.807676,"GDA2020",700,1,"A",,"C",0
5986847,"32","Animalia","Chordata","Mammalia","Carnivora","Felidae","Felis catus","cat",1056,"Linnaeus, 1758",,,False,"II","Literature Records","Hall (1997)","16-06-1996","19-06-1996","16-06-1996","Blackwood Island, Flinders Island Group",-14.219987,144.215841,"GDA2020",2000,,,,"C",0
6002280,,"Animalia","Chordata","Mammalia","Carnivora","Felidae","Felis catus","cat",1056,"Linnaeus, 1758",,,False,"II","Rod Hobson's wildlife data","Rod Hobson's incidental records","07-01-2014","10-01-2014","07-01-2014","Boondandilla Homestead Ruins, Boondandilla State Forest via Captains Mountain, SEQ.",-27.898777,150.595246,"GDA2020",500,,,,"C",0
5998571,,"Animalia","Chordata","Mammalia","Carnivora","Felidae","Felis catus","cat",1056,"Linnaeus, 1758",,,False,"II","Incidental Records","Rod Hobson Incidental Records","18-06-2014","26-06-2014","18-06-2014","Durikai State Forest via Inglewood, SEQ.",-28.276212,151.660856,"GDA2020",50,1,"A",,"C",0
6061863,,"Animalia","Chordata","Mammalia","Carnivora","Felidae","Felis catus","cat",1056,"Linnaeus, 1758",,,False,"II","Fauna records Diamantina National Park","Diamantina NP - Sites visited and recorded regularly","08-08-2013",,"08-08-2013","South of Lake Constance Diamantina National Park",-24.000828,141.029444,"GDA2020",100,1,"A",,"C",0
6015930,"48","Animalia","Chordata","Mammalia","Carnivora","Felidae","Felis catus","cat",1056,"Linnaeus, 1758",,,False,"II","Western Region Resource Projects","Hell Hole Gorge NP","27-07-2011","27-07-2011","27-07-2011","Hell Hole Gorge Rockhole",-25.546693,144.189483,"GDA2020",5,1,"A",,"C",0
6057934,,"Animalia","Chordata","Mammalia","Carnivora","Felidae","Felis catus","cat",1056,"Linnaeus, 1758",,,False,"II","Incidental Records","Terry Reis Incidental Records","14-05-2015","14-05-2015","14-05-2015","Badu Island, Torres Strait",-10.152316,142.149108,"GDA2020",50,1,"A",,"C",0
6015904,"12","Animalia","Chordata","Mammalia","Carnivora","Felidae","Felis catus","cat",1056,"Linnaeus, 1758",,,False,"II","Western Region Resource Projects","Hell Hole Gorge NP","29-06-2011","29-06-2011","29-06-2011","Hell Hole Gorge Rockhole",-25.546693,144.189483,"GDA2020",5,1,"A",,"C",0
6015905,"13","Animalia","Chordata","Mammalia","Carnivora","Felidae","Felis catus","cat",1056,"Linnaeus, 1758",,,False,"II","Western Region Resource Projects","Hell Hole Gorge NP","30-06-2011","30-06-2011","30-06-2011","Hell Hole Gorge Rockhole",-25.546693,144.189483,"GDA2020",5,1,"A",,"C",0
6064881,,"Animalia","Chordata","Mammalia","Carnivora","Felidae","Felis catus","cat",1056,"Linnaeus, 1758",,,False,"II","Incidental Records","Terry Reis Incidental Records","29-07-2015","31-07-2015","29-07-2015","Bough Shed Campsite, Bladensburg National Park",-22.559967,142.960978,"GDA2020",250,1,"A",,"C",0
6001050,"262","Animalia","Chordata","Mammalia","Carnivora","Felidae","Felis catus","cat",1056,"Linnaeus, 1758",,,False,"II","Rod Hobson's wildlife data","The Amphitheatre, Expedition NP survey","23-01-2014","23-01-2014","23-01-2014","Dry Branch Track, The Amphitheatre, Expedition NP",-25.335179,149.062483,"GDA2020",50,1,"A",,"C",0
6015210,"80","Animalia","Chordata","Mammalia","Carnivora","Felidae","Felis catus","cat",1056,"Linnaeus, 1758",,,False,"II","Caring for our Country South West Queensland","C4C Currwinya Ramsar","10-09-2012","10-09-2012","10-09-2012","Spring outside basin bore fence",-28.715064,144.517993,"GDA2020",100,1,"A",,"C",0
6015218,"88","Animalia","Chordata","Mammalia","Carnivora","Felidae","Felis catus","cat",1056,"Linnaeus, 1758",,,False,"II","Caring for our Country South West Queensland","C4C Currwinya Ramsar","11-09-2012","11-09-2012","11-09-2012","Spring outside basin bore fence",-28.715064,144.517993,"GDA2020",100,1,"A",,"C",0
6015680,"189","Animalia","Chordata","Mammalia","Carnivora","Felidae","Felis catus","cat",1056,"Linnaeus, 1758",,,False,"II","Caring for our Country South West Queensland","C4C Currwinya Ramsar","20-09-2012","20-09-2012","20-09-2012","Leaking Bore Spring",-28.757013,144.417097,"GDA2020",10,1,"A",,"C",0
6015807,"301","Animalia","Chordata","Mammalia","Carnivora","Felidae","Felis catus","cat",1056,"Linnaeus, 1758",,,False,"II","Caring for our Country South West Queensland","C4C Currwinya Ramsar","26-09-2012","26-09-2012","26-09-2012","Leaking Bore Spring",-28.757013,144.417097,"GDA2020",10,1,"A",,"C",0
6001064,"263","Animalia","Chordata","Mammalia","Carnivora","Felidae","Felis catus","cat",1056,"Linnaeus, 1758",,,False,"II","Rod Hobson's wildlife data","The Amphitheatre, Expedition NP survey","23-01-2014","23-01-2014","23-01-2014","Dry Branch Track, The Amphitheatre, Expedition NP",-25.322553,149.072868,"GDA2020",50,1,"A",,"C",0
6077465,,"Animalia","Chordata","Mammalia","Carnivora","Felidae","Felis catus","cat",1056,"Linnaeus, 1758",,,False,"II","Incidental Records","Mark Sanders Incidental fauna data","26-02-2013",,"26-02-2013","IRP8 - Meendarra",-27.544402,151.168120,"GDA2020",100,,,,"C",0
6093405,,"Animalia","Chordata","Mammalia","Carnivora","Felidae","Felis catus","cat",1056,"Linnaeus, 1758",,,False,"II","Russell Best Survey Data","Tingira Street, Cairns","21-04-2015","21-04-2015","21-04-2015","QPWS Tingira Street base, on Smiths Creek, Trinity Inlet, Cairns",-16.951419,145.772751,"GDA2020",300,1,"A",,"C",0
6092750,,"Animalia","Chordata","Mammalia","Carnivora","Felidae","Felis catus","cat",1056,"Linnaeus, 1758",,,False,"II","Russell Best Survey Data","Chris Roach's Innisfail area pig camera sites","08-07-2014","08-07-2014","08-07-2014","Kaaru Creek, Wooroonooran National Park",-17.645644,145.732605,"GDA2020",10,1,"A",,"C",0
6093396,,"Animalia","Chordata","Mammalia","Carnivora","Felidae","Felis catus","cat",1056,"Linnaeus, 1758",,,False,"II","Russell Best Survey Data","Tingira Street, Cairns","16-04-2015","16-04-2015","16-04-2015","QPWS Tingira Street base, on Smiths Creek, Trinity Inlet, Cairns",-16.951419,145.772751,"GDA2020",300,1,"A",,"C",0
6077990,,"Animalia","Chordata","Mammalia","Carnivora","Felidae","Felis catus","cat",1056,"Linnaeus, 1758",,,False,"II","Incidental Records","Mark Sanders Incidental fauna data","28-05-2013",,"28-05-2013","GS04, Prosellite Hills",-12.059386,142.048268,"GDA2020",100,,,,"C",0
6080016,,"Animalia","Chordata","Mammalia","Carnivora","Felidae","Felis catus","cat",1056,"Linnaeus, 1758",,,False,"II","Incidental Records","Mark Sanders Incidental fauna data","11-05-2014",,"11-05-2014","Crows Nest National Park",-27.258257,152.107546,"GDA2020",100,,,,"C",0
6080721,,"Animalia","Chordata","Mammalia","Carnivora","Felidae","Felis catus","cat",1056,"Linnaeus, 1758",,,False,"II","Incidental Records","Mark Sanders Incidental fauna data","06-11-2014",,"06-11-2014","Skardon River Mine",-11.834836,142.052538,"GDA2020",100,,,,"C",0
6081252,,"Animalia","Chordata","Mammalia","Carnivora","Felidae","Felis catus","cat",1056,"Linnaeus, 1758",,,False,"II","Incidental Records","Mark Sanders Incidental fauna data","29-11-2014",,"29-11-2014","Burton Downs Stn, Nth of Moranbah",-21.678337,148.028517,"GDA2020",100,,,,"C",0
6093165,,"Animalia","Chordata","Mammalia","Carnivora","Felidae","Felis catus","cat",1056,"Linnaeus, 1758",,,False,"II","Russell Best Survey Data","Kuranda","18-12-2014","18-12-2014","18-12-2014","Kennedy Highway, 360m east of Saddle Mountain Road, Kuranda",-16.817007,145.643774,"GDA2020",10,1,"A",,"C",0
6081524,,"Animalia","Chordata","Mammalia","Carnivora","Felidae","Felis catus","cat",1056,"Linnaeus, 1758",,,False,"II","Incidental Records","Mark Sanders Incidental fauna data","03-12-2014",,"03-12-2014","Riverside Stn, Nth of Moranbah",-21.816567,148.085167,"GDA2020",100,,,,"C",0
6081525,,"Animalia","Chordata","Mammalia","Carnivora","Felidae","Felis catus","cat",1056,"Linnaeus, 1758",,,False,"II","Incidental Records","Mark Sanders Incidental fauna data","03-12-2014",,"03-12-2014","Riverside Stn, Nth of Moranbah",-21.805837,148.057707,"GDA2020",100,,,,"C",0
6082372,,"Animalia","Chordata","Mammalia","Carnivora","Felidae","Felis catus","cat",1056,"Linnaeus, 1758",,,False,"II","Incidental Records","Mark Sanders Incidental fauna data","17-03-2015",,"17-03-2015","Riverside Stn, Nth of Moranbah",-21.817887,148.096627,"GDA2020",100,,,,"C",0
6095507,,"Animalia","Chordata","Mammalia","Carnivora","Felidae","Felis catus","cat",1056,"Linnaeus, 1758",,,False,"II","South east region - moreton bay area","South east region incidental sightings","07-11-2000","10-11-2000","07-11-2000","Nicoll Scrub National Park",-28.188356,153.427070,"GDA2020",20,1,"A",,"C",0
6110773,"13272","Animalia","Chordata","Mammalia","Carnivora","Felidae","Felis catus","cat",1056,"Linnaeus, 1758",,,False,"II","John W. Winter Database","Winter","05-09-2008","05-09-2008","05-09-2008","Silver Valley Road, Western Creek catchment",-17.429968,145.315459,"GDA2020",100,1,"A",,"V",0
6108909,"5169","Animalia","Chordata","Mammalia","Carnivora","Felidae","Felis catus","cat",1056,"Linnaeus, 1758",,,False,"II","John W. Winter Database","Winter","07-02-2000","07-02-2000","07-02-2000","Native Wells road, 4.8 km ESE Native Wells",-18.168573,145.089790,"GDA2020",100,1,"A",,"V",0
6108978,"5628","Animalia","Chordata","Mammalia","Carnivora","Felidae","Felis catus","cat",1056,"Linnaeus, 1758",,,False,"II","John W. Winter Database","Winter","13-09-2001","13-09-2001","13-09-2001","Glen Gordon Road, 5.5 km NE Glen Gordon homestead",-17.751792,145.386614,"GDA2020",150,1,"A",,"V",0
6110146,"10605","Animalia","Chordata","Mammalia","Carnivora","Felidae","Felis catus","cat",1056,"Linnaeus, 1758",,,False,"II","John W. Winter Database","Winter","12-01-2007","12-01-2007","12-01-2007","Silver Valley Road, Western Creek catchment",-17.425928,145.326392,"GDA2020",100,1,"A",,"V",0
6110747,"13207","Animalia","Chordata","Mammalia","Carnivora","Felidae","Felis catus","cat",1056,"Linnaeus, 1758",,,False,"II","John W. Winter Database","Winter","23-08-2008","23-08-2008","23-08-2008","The Junction, Silver Valley, Wildside Drive",-17.540999,145.312706,"GDA2020",100,1,"A",,"V",0
6109658,"8922","Animalia","Chordata","Mammalia","Carnivora","Felidae","Felis catus","cat",1056,"Linnaeus, 1758",,,False,"II","John W. Winter Database","Winter","07-11-1988","07-11-1988","07-11-1988","Davies Creek Road, Lamb Range",-17.007110,145.568329,"GDA2020",150,1,"A",,"V",0
6098683,,"Animalia","Chordata","Mammalia","Carnivora","Felidae","Felis catus","cat",1056,"Linnaeus, 1758",,,False,"II","Rod Hobson's wildlife data","Rod Hobson's incidental records","09-10-2014",,"09-10-2014","Bringalily State Forest, Bringalily via Inglewood, SEQ.",-28.254857,151.029886,"GDA2020",10,1,"A",,"C",0
6110901,"14594","Animalia","Chordata","Mammalia","Carnivora","Felidae","Felis catus","cat",1056,"Linnaeus, 1758",,,False,"II","John W. Winter Database","Winter","27-05-2009","27-05-2009","27-05-2009","Glen Garland, Barwon Swamp",-14.791700,143.235100,"GDA2020",100,1,"A",,"V",0
6110905,"14599","Animalia","Chordata","Mammalia","Carnivora","Felidae","Felis catus","cat",1056,"Linnaeus, 1758",,,False,"II","John W. Winter Database","Winter","28-05-2009","28-05-2009","28-05-2009","Glen Garland, Lucy Swamp",-14.917016,143.296456,"GDA2020",100,1,"A",,"V",0
6109152,"8152","Animalia","Chordata","Mammalia","Carnivora","Felidae","Felis catus","cat",1056,"Linnaeus, 1758",,,False,"II","John W. Winter Database","Winter","08-04-2004","08-04-2004","08-04-2004","Silver Valley Road, Rock Bar",-17.494102,145.282024,"GDA2020",100,1,"A",,"V",0
6109649,"8895","Animalia","Chordata","Mammalia","Carnivora","Felidae","Felis catus","cat",1056,"Linnaeus, 1758",,,False,"II","John W. Winter Database","Winter","09-11-1988","09-11-1988","09-11-1988","Davies Creek Road, Lamb Range",-17.003488,145.567417,"GDA2020",150,1,"A",,"V",0
6109725,"9230","Animalia","Chordata","Mammalia","Carnivora","Felidae","Felis catus","cat",1056,"Linnaeus, 1758",,,False,"II","John W. Winter Database","Winter","03-11-2005","03-11-2005","03-11-2005","Kennedy Development Rd, c.7 km N of Conjuboy homestead",-18.619520,144.732245,"GDA2020",100,1,"A",,"V",0
6107510,,"Animalia","Chordata","Mammalia","Carnivora","Felidae","Felis catus","cat",1056,"Linnaeus, 1758",,,False,"II","Harry Hines fauna data","Harry Hines incidental records","17-09-2014","17-09-2014","17-09-2014","Kroombit Forest Drive, near Dry Creek, Kroombit Tops National Park, southwest of Gladstone, SEQ.",-24.361397,150.965327,"GDA2020",50,1,"A",,"C",0
6110946,"14677","Animalia","Chordata","Mammalia","Carnivora","Felidae","Felis catus","cat",1056,"Linnaeus, 1758",,,False,"II","John W. Winter Database","Winter","27-05-2009","27-05-2009","27-05-2009","Glen Garland homestead area",-14.848838,143.274952,"GDA2020",100,2,"A",,"V",0
6111023,"17575","Animalia","Chordata","Mammalia","Carnivora","Felidae","Felis catus","cat",1056,"Linnaeus, 1758",,,False,"II","John W. Winter Database","Winter","23-08-2010","23-08-2010","23-08-2010","Esk River track, 0.8 km ENE of hill 119",-15.590348,145.256041,"GDA2020",100,1,"A",,"V",0
6111094,"21990","Animalia","Chordata","Mammalia","Carnivora","Felidae","Felis catus","cat",1056,"Linnaeus, 1758",,,False,"II","John W. Winter Database","Winter","03-08-2013","03-08-2013","03-08-2013","Rokeby Road between Culliban Creek and Rokeby Ranger Station",-13.610047,142.766382,"GDA2020",50,1,"A",,"V",0
6111097,"21996","Animalia","Chordata","Mammalia","Carnivora","Felidae","Felis catus","cat",1056,"Linnaeus, 1758",,,False,"II","John W. Winter Database","Winter","03-08-2013","03-08-2013","03-08-2013","Rokeby Road between Culliban Creek and Rokeby Ranger Station",-13.643980,142.668367,"GDA2020",50,1,"A",,"V",0
6111099,"21999","Animalia","Chordata","Mammalia","Carnivora","Felidae","Felis catus","cat",1056,"Linnaeus, 1758",,,False,"II","John W. Winter Database","Winter","04-08-2013","04-08-2013","04-08-2013","Rokeby Road between Culliban Creek and Rokeby Ranger Station",-13.615449,142.754017,"GDA2020",50,1,"A",,"V",0
6111101,"22004","Animalia","Chordata","Mammalia","Carnivora","Felidae","Felis catus","cat",1056,"Linnaeus, 1758",,,False,"II","John W. Winter Database","Winter","05-08-2013","05-08-2013","05-08-2013","Rokeby Ranger Station",-13.653881,142.668566,"GDA2020",50,1,"A",,"V",0
6111103,"22016","Animalia","Chordata","Mammalia","Carnivora","Felidae","Felis catus","cat",1056,"Linnaeus, 1758",,,False,"II","John W. Winter Database","Winter","05-08-2013","05-08-2013","05-08-2013","Rokeby Road between Culliban Creek and Rokeby Ranger Station",-13.606017,142.772211,"GDA2020",50,1,"A",,"V",0
6110969,"16304","Animalia","Chordata","Mammalia","Carnivora","Felidae","Felis catus","cat",1056,"Linnaeus, 1758",,,False,"II","John W. Winter Database","Winter","12-11-2009","12-11-2009","12-11-2009","Rokeby Road, west of Eric Yard",-13.604745,142.733863,"GDA2020",100,1,"A",,"V",0
6110976,"16335","Animalia","Chordata","Mammalia","Carnivora","Felidae","Felis catus","cat",1056,"Linnaeus, 1758",,,False,"II","John W. Winter Database","Winter","14-11-2009","14-11-2009","14-11-2009","Rokeby Road, 0.3 km south of Langi turn-off",-13.611773,142.673618,"GDA2020",100,1,"A",,"V",0
6110977,"16336","Animalia","Chordata","Mammalia","Carnivora","Felidae","Felis catus","cat",1056,"Linnaeus, 1758",,,False,"II","John W. Winter Database","Winter","14-11-2009","14-11-2009","14-11-2009","Rokeby Road, 2.9 km south of Langi turn-off",-13.635013,142.671809,"GDA2020",100,1,"A",,"V",0
6111106,"22021","Animalia","Chordata","Mammalia","Carnivora","Felidae","Felis catus","cat",1056,"Linnaeus, 1758",,,False,"II","John W. Winter Database","Winter","05-08-2013","05-08-2013","05-08-2013","Rokeby Road between Culliban Creek and Rokeby Ranger Station",-13.615977,142.744551,"GDA2020",50,1,"A",,"V",0
6111111,"22027","Animalia","Chordata","Mammalia","Carnivora","Felidae","Felis catus","cat",1056,"Linnaeus, 1758",,,False,"II","John W. Winter Database","Winter","05-08-2013","05-08-2013","05-08-2013","Rokeby Road between Culliban Creek and Rokeby Ranger Station",-13.612974,142.699117,"GDA2020",50,1,"A",,"V",0
6111109,"22024","Animalia","Chordata","Mammalia","Carnivora","Felidae","Felis catus","cat",1056,"Linnaeus, 1758",,,False,"II","John W. Winter Database","Winter","05-08-2013","05-08-2013","05-08-2013","Rokeby Road between Culliban Creek and Rokeby Ranger Station",-13.604530,142.729654,"GDA2020",50,1,"A",,"V",0
6111110,"22026","Animalia","Chordata","Mammalia","Carnivora","Felidae","Felis catus","cat",1056,"Linnaeus, 1758",,,False,"II","John W. Winter Database","Winter","05-08-2013","05-08-2013","05-08-2013","Rokeby Road between Culliban Creek and Rokeby Ranger Station",-13.611233,142.701984,"GDA2020",50,1,"A",,"V",0
6111302,"23735","Animalia","Chordata","Mammalia","Carnivora","Felidae","Felis catus","cat",1056,"Linnaeus, 1758",,,False,"II","John W. Winter Database","Winter","14-08-2014","14-08-2014","14-08-2014","Boodjamulla NP, Lawn Hill Creek, ranger base barracks",-18.702329,138.484641,"GDA2020",25,1,"A",,"V",0
6111320,"24062","Animalia","Chordata","Mammalia","Carnivora","Felidae","Felis catus","cat",1056,"Linnaeus, 1758",,,False,"II","John W. Winter Database","Winter","10-09-2014","10-09-2014","10-09-2014","Oyala Thumotang NP,Rokeby Road",-13.601399,142.714123,"GDA2020",50,1,"A",,"V",0
6111331,"24221","Animalia","Chordata","Mammalia","Carnivora","Felidae","Felis catus","cat",1056,"Linnaeus, 1758",,,False,"II","John W. Winter Database","Winter","11-09-2014","11-09-2014","11-09-2014","Oyala Thumotang NP, Rokeby Road",-13.612745,142.696254,"GDA2020",50,1,"A",,"V",0
6111332,"24222","Animalia","Chordata","Mammalia","Carnivora","Felidae","Felis catus","cat",1056,"Linnaeus, 1758",,,False,"II","John W. Winter Database","Winter","11-09-2014","11-09-2014","11-09-2014","Oyala Thumotang NP, Rokeby Road",-13.608198,142.706830,"GDA2020",50,1,"A",,"V",0
6111333,"24223","Animalia","Chordata","Mammalia","Carnivora","Felidae","Felis catus","cat",1056,"Linnaeus, 1758",,,False,"II","John W. Winter Database","Winter","11-09-2014","11-09-2014","11-09-2014","Oyala Thumotang NP, Rokeby Road",-13.608198,142.706830,"GDA2020",50,1,"A",,"V",0
6114016,,"Animalia","Chordata","Mammalia","Carnivora","Felidae","Felis catus","cat",1056,"Linnaeus, 1758",,,False,"II","Incidental Records","Terry Reis Incidental Records","25-03-2016","26-03-2016","25-03-2016","east of Mulligan River, Ethabuka Reserve",-23.916986,138.661808,"GDA2020",500,,,,"C",0
6114033,,"Animalia","Chordata","Mammalia","Carnivora","Felidae","Felis catus","cat",1056,"Linnaeus, 1758",,,False,"II","Incidental Records","Terry Reis Incidental Records","26-03-2016","30-03-2016","26-03-2016","camp site, Ethabuka Reserve",-23.878736,138.492458,"GDA2020",500,,,,"C",0
6111339,"24234","Animalia","Chordata","Mammalia","Carnivora","Felidae","Felis catus","cat",1056,"Linnaeus, 1758",,,False,"II","John W. Winter Database","Winter","12-09-2014","12-09-2014","12-09-2014","Oyala Thumotang NP,Rokeby Road",-13.605192,142.778752,"GDA2020",50,1,"A",,"V",0
6111340,"24237","Animalia","Chordata","Mammalia","Carnivora","Felidae","Felis catus","cat",1056,"Linnaeus, 1758",,,False,"II","John W. Winter Database","Winter","12-09-2014","12-09-2014","12-09-2014","Oyala Thumotang NP,Rokeby Road",-13.604775,142.734589,"GDA2020",50,1,"A",,"V",0
6111457,"24703","Animalia","Chordata","Mammalia","Carnivora","Felidae","Felis catus","cat",1056,"Linnaeus, 1758",,,False,"II","John W. Winter Database","Winter","31-10-2015","31-10-2015","31-10-2015","Rokeby Road, Oyala Thumatang National Park",-13.614074,142.758581,"GDA2020",100,1,"A",,"V",0
6302953,"124","Animalia","Chordata","Mammalia","Carnivora","Felidae","Felis catus","cat",1056,"Linnaeus, 1758",,,False,"II","Incidental Records","Brett Kerr - Incidental sightings","14-12-2013","14-12-2013","14-12-2013","Warrong Track, Mount Moffatt Section, Carnarvon National Park.",-24.951477,147.905437,"GDA2020",100,1,"A",,"U",0
6250197,,"Animalia","Chordata","Mammalia","Carnivora","Felidae","Felis catus","cat",1056,"Linnaeus, 1758",,,False,"II","Incidental Records","Martin Ambrose Incidental Records","21-06-2016",,"21-06-2016","'Highwoods', 74 Loves Rd, Jimbour East via Jimbour, SEQ",-26.895896,151.283270,"GDA2020",500,1,"A",,"C",0
6302954,"125","Animalia","Chordata","Mammalia","Carnivora","Felidae","Felis catus","cat",1056,"Linnaeus, 1758",,,False,"II","Incidental Records","Brett Kerr - Incidental sightings","14-12-2013","14-12-2013","14-12-2013","Mount Moffatt Section, Carnarvon National Park.",-25.078629,147.997650,"GDA2020",50,1,"A",,"U",0
6280304,,"Animalia","Chordata","Mammalia","Carnivora","Felidae","Felis catus","cat",1056,"Linnaeus, 1758",,,False,"II","Rod Hobson's wildlife data","Rod Hobson's incidental records","18-01-2016","18-01-2016","18-01-2016","Daandine State Forest, SQ.",-27.243317,150.912896,"GDA2020",250,,,,"C",0
6302754,"45","Animalia","Chordata","Mammalia","Carnivora","Felidae","Felis catus","cat",1056,"Linnaeus, 1758",,,False,"II","Incidental Records","Brett Kerr - Incidental sightings","30-08-2014","30-08-2014","30-08-2014","Carnarvon National Park, Mt Moffatt Section",-24.926432,148.007355,"GDA2020",50,1,"A",,"U",0
6302853,"234","Animalia","Chordata","Mammalia","Carnivora","Felidae","Felis catus","cat",1056,"Linnaeus, 1758",,,False,"II","Incidental Records","Brett Kerr - Incidental sightings","23-04-2014","23-04-2014","23-04-2014","Expedition National Park (Lonesome section)",-25.514192,148.864949,"GDA2020",20,1,"A",,"U",0
6302878,"49","Animalia","Chordata","Mammalia","Carnivora","Felidae","Felis catus","cat",1056,"Linnaeus, 1758",,,False,"II","Incidental Records","Brett Kerr - Incidental sightings","31-08-2014","31-08-2014","31-08-2014","Carnarvon National Park, Mt Moffatt Section",-25.012174,147.959564,"GDA2020",100,1,"A",,"U",0
6248769,,"Animalia","Chordata","Mammalia","Carnivora","Felidae","Felis catus","cat",1056,"Linnaeus, 1758",,,False,"II","Incidental Records","Rod Hobson Incidental Records","21-05-2016","22-05-2016","21-05-2016","Manna Gum Campground, Goomburra Section, Main Range National Park via Allora, SEQ",-27.979987,152.350006,"GDA2020",500,1,"A",,"C",0
6309830,,"Animalia","Chordata","Mammalia","Carnivora","Felidae","Felis catus","cat",1056,"Linnaeus, 1758",,,False,"II","Western Region Resource Projects","Currawinya NP","17-08-2012","17-08-2012","17-08-2012","Caiwarro",-28.244120,144.952396,"GDA2020",10,1,"A",,"C",0
6309831,,"Animalia","Chordata","Mammalia","Carnivora","Felidae","Felis catus","cat",1056,"Linnaeus, 1758",,,False,"II","Western Region Resource Projects","Currawinya NP","17-08-2012","17-08-2012","17-08-2012","Caiwarro",-28.700662,144.743403,"GDA2020",10,2,"A",,"C",0
6309829,,"Animalia","Chordata","Mammalia","Carnivora","Felidae","Felis catus","cat",1056,"Linnaeus, 1758",,,False,"II","Western Region Resource Projects","Currawinya NP","17-08-2012","17-08-2012","17-08-2012","Caiwarro",-28.157313,145.000567,"GDA2020",10,1,"A",,"C",0
6309836,,"Animalia","Chordata","Mammalia","Carnivora","Felidae","Felis catus","cat",1056,"Linnaeus, 1758",,,False,"II","Western Region Resource Projects","Western Region Road Transects","12-10-2012","12-10-2012","12-10-2012","Tocal Road",-24.067758,143.398000,"GDA2020",10,1,"A",,"C",0
6311009,"702","Animalia","Chordata","Mammalia","Carnivora","Felidae","Felis catus","cat",1056,"Linnaeus, 1758",,,False,"II","RedLeaf Environmental","Pentland Bioenergy Project","16-02-2016","16-02-2016","16-02-2016","553CP889750, Milray, Campaspe",-20.700387,145.717807,"GDA2020",300,1,"A",,"C",0
6309532,,"Animalia","Chordata","Mammalia","Carnivora","Felidae","Felis catus","cat",1056,"Linnaeus, 1758",,,False,"II","Western Region Resource Projects","Western Region Road Transects","12-10-2012","12-10-2012","12-10-2012","Tocal Road",-23.663405,143.892619,"GDA2020",10,1,"A",,"C",0
6320242,"24901","Animalia","Chordata","Mammalia","Carnivora","Felidae","Felis catus","cat",1056,"Linnaeus, 1758",,,False,"II","John W. Winter Database","Winter","14-02-2016","14-02-2016","14-02-2016","Gregory Development Rd, Boomerang Ck",-21.025782,146.421314,"GDA2020",200,1,"A",,"V",0
6309743,,"Animalia","Chordata","Mammalia","Carnivora","Felidae","Felis catus","cat",1056,"Linnaeus, 1758",,,False,"II","Western Region Resource Projects","Western Region Road Transects","19-01-2011","19-01-2011","19-01-2011","Muttaburra Road",-23.395160,144.217027,"GDA2020",10,1,"A",,"C",0
6321432,,"Animalia","Chordata","Mammalia","Carnivora","Felidae","Felis catus","cat",1056,"Linnaeus, 1758",,,False,"II","Harry Hines fauna data","Kroombit Tops feral animal monitoring","17-04-2015","26-09-2015","17-04-2015","Trap 295, The Lookout Elliott trapping grid, Kroombit Tops National Park, southwest of Gladstone, SEQ.",-24.393809,151.041377,"GDA2020",10,1,"A",,"C",0
6320538,"25912","Animalia","Chordata","Mammalia","Carnivora","Felidae","Felis catus","cat",1056,"Linnaeus, 1758",,,False,"II","John W. Winter Database","Winter","18-06-2017","18-06-2017","18-06-2017","Lakefield",-15.172852,144.345837,"GDA2020",100,1,"A",,"V",0
6321414,,"Animalia","Chordata","Mammalia","Carnivora","Felidae","Felis catus","cat",1056,"Linnaeus, 1758",,,False,"II","Harry Hines fauna data","Kroombit Tops feral animal monitoring","08-09-2015","03-10-2015","08-09-2015","Eastern escarpment, open forest spur on access track to frog monitoring site TP014, Kroombit Tops National Park, southwest of Gladstone, SEQ.",-24.372654,151.029868,"GDA2020",10,1,"A",,"C",0
6321548,,"Animalia","Chordata","Mammalia","Carnivora","Felidae","Felis catus","cat",1056,"Linnaeus, 1758",,,False,"II","Harry Hines fauna data","Kroombit Tops feral animal monitoring","08-09-2015","01-11-2015","08-09-2015","Head of north branch of Degalgil Creek, first rainforest gully crossed by access track into frog monitoring site TP014, Kroombit Tops National Park, southwest of Gladstone, SEQ.",-24.373130,151.031150,"GDA2020",10,1,"A",,"C",0
6321573,,"Animalia","Chordata","Mammalia","Carnivora","Felidae","Felis catus","cat",1056,"Linnaeus, 1758",,,False,"II","Harry Hines fauna data","Kroombit Tops feral animal monitoring","10-11-2015","17-12-2015","10-11-2015","Head of north branch of Degalgil Creek, animal pad just above rainforest on access track to frog monitoring site TP014, Kroombit Tops National Park, southwest of Gladstone, SEQ.",-24.372907,151.031350,"GDA2020",10,1,"A",,"C",0
6319797,"75","Animalia","Chordata","Mammalia","Carnivora","Felidae","Felis catus","cat",1056,"Linnaeus, 1758",,,False,"II","Department of Transport and Main Roads Wildlife Records","TMR Darling Downs District Wildlife Records","17-05-2009","17-05-2009","17-05-2009","Bowenville-Norwin Road, road reserve",-27.345087,151.443806,"GDA2020",10,1,"A",,"C",0
6321586,,"Animalia","Chordata","Mammalia","Carnivora","Felidae","Felis catus","cat",1056,"Linnaeus, 1758",,,False,"II","Harry Hines fauna data","Kroombit Tops feral animal monitoring","13-11-2015","14-12-2015","13-11-2015","Head of north branch of Degalgil Creek, on gate of feral pig exclusion fence at frog monitoring site TP077, Kroombit Tops National Park, southwest of Gladstone, SEQ.",-24.371912,151.031198,"GDA2020",20,1,"A",,"C",0
6321578,,"Animalia","Chordata","Mammalia","Carnivora","Felidae","Felis catus","cat",1056,"Linnaeus, 1758",,,False,"II","Harry Hines fauna data","Kroombit Tops feral animal monitoring","09-11-2015","02-12-2015","09-11-2015","Eastern escarpment, open forest spur on access track to frog monitoring site TP014, Kroombit Tops National Park, southwest of Gladstone, SEQ.",-24.372654,151.029868,"GDA2020",10,1,"A",,"C",0
6321544,,"Animalia","Chordata","Mammalia","Carnivora","Felidae","Felis catus","cat",1056,"Linnaeus, 1758",,,False,"II","Harry Hines fauna data","Kroombit Tops feral animal monitoring","14-05-2015","08-09-2015","14-05-2015","Head of north branch of Degalgil Creek, animal pad just above rainforest on access track to frog monitoring site TP014, Kroombit Tops National Park, southwest of Gladstone, SEQ.",-24.372907,151.031350,"GDA2020",10,1,"A",,"C",0
6321503,,"Animalia","Chordata","Mammalia","Carnivora","Felidae","Felis catus","cat",1056,"Linnaeus, 1758",,,False,"II","Harry Hines fauna data","Harry Hines incidental records","15-05-2015","15-05-2015","15-05-2015","5.5km west along Razorback Firetrail from Splat Track, Kroombit Tops National Park, south-west of Gladstone, SEQ.",-24.419121,150.902219,"GDA2020",50,1,"A",,"C",0
6321656,,"Animalia","Chordata","Mammalia","Carnivora","Felidae","Felis catus","cat",1056,"Linnaeus, 1758",,,False,"II","Harry Hines fauna data","Kroombit Tops feral animal monitoring","02-02-2016","16-03-2016","02-02-2016","Head of north branch of Degalgil Creek, on gate of feral pig exclusion fence at frog monitoring site TP077, Kroombit Tops National Park, southwest of Gladstone, SEQ.",-24.371912,151.031198,"GDA2020",20,1,"A",,"C",0
6321665,,"Animalia","Chordata","Mammalia","Carnivora","Felidae","Felis catus","cat",1056,"Linnaeus, 1758",,,False,"II","Harry Hines fauna data","Kroombit Tops feral animal monitoring","02-02-2016","21-04-2016","02-02-2016","Head of north branch of Degalgil Creek, inside feral pig exclusion fence at frog monitoring site TP077, Kroombit Tops National Park, southwest of Gladstone, SEQ.",-24.371820,151.031071,"GDA2020",20,1,"A",,"C",0
6321645,,"Animalia","Chordata","Mammalia","Carnivora","Felidae","Felis catus","cat",1056,"Linnaeus, 1758",,,False,"II","Harry Hines fauna data","Kroombit Tops feral animal monitoring","14-12-2015","30-01-2016","14-12-2015","Headwaters of the north branch of Kroombit Creek, animal pad in open forest near the start of the frog monitoring transect at site TP041, Kroombit Tops National Park, southwest of Gladstone, SEQ.",-24.361401,151.004996,"GDA2020",20,1,"A",,"C",0
6321952,,"Animalia","Chordata","Mammalia","Carnivora","Felidae","Felis catus","cat",1056,"Linnaeus, 1758",,,False,"II","Harry Hines fauna data","Kroombit Tops feral animal monitoring","08-06-2016","14-09-2016","08-06-2016","Head of north branch of Degalgil Creek, first rainforest gully crossed by access track into frog monitoring site TP014, Kroombit Tops National Park, southwest of Gladstone, SEQ.",-24.373130,151.031150,"GDA2020",10,1,"A",,"C",0
6321947,,"Animalia","Chordata","Mammalia","Carnivora","Felidae","Felis catus","cat",1056,"Linnaeus, 1758",,,False,"II","Harry Hines fauna data","Kroombit Tops feral animal monitoring","08-06-2016","14-09-2016","08-06-2016","Head of north branch of Degalgil Creek, animal pad just above rainforest on access track to frog monitoring site TP014, Kroombit Tops National Park, southwest of Gladstone, SEQ.",-24.372907,151.031350,"GDA2020",10,1,"A",,"C",0
6321749,,"Animalia","Chordata","Mammalia","Carnivora","Felidae","Felis catus","cat",1056,"Linnaeus, 1758",,,False,"II","Harry Hines fauna data","Kroombit Tops feral animal monitoring","21-04-2016","08-06-2016","21-04-2016","Eastern escarpment, open forest spur on access track to frog monitoring site TP014, Kroombit Tops National Park, southwest of Gladstone, SEQ.",-24.372654,151.029868,"GDA2020",10,1,"A",,"C",0
6321765,,"Animalia","Chordata","Mammalia","Carnivora","Felidae","Felis catus","cat",1056,"Linnaeus, 1758",,,False,"II","Harry Hines fauna data","Kroombit Tops feral animal monitoring","07-06-2016","13-09-2016","07-06-2016","0.4km north along Kroombit Forest Drive from the barracks, Kroombit Tops National Park, southwest of Gladstone, SEQ.",-24.354244,150.960012,"GDA2020",50,1,"A",,"C",0
6321832,,"Animalia","Chordata","Mammalia","Carnivora","Felidae","Felis catus","cat",1056,"Linnaeus, 1758",,,False,"II","Harry Hines fauna data","Kroombit Tops feral animal monitoring","07-06-2016","15-09-2016","07-06-2016","2.5km south along Kroombit Break from the junction with Kroombit Forest Drive, Kroombit Tops National Park, southwest of Gladstone, SEQ.",-24.394041,150.996824,"GDA2020",50,1,"A",,"C",0
6321897,,"Animalia","Chordata","Mammalia","Carnivora","Felidae","Felis catus","cat",1056,"Linnaeus, 1758",,,False,"II","Harry Hines fauna data","Kroombit Tops feral animal monitoring","07-06-2016","13-09-2016","07-06-2016","4.2km north along Escarpment Road from the junction of Kroombit Forest Drive/The Lookout, Kroombit Tops National Park, southwest of Gladstone, SEQ.",-24.368837,151.024093,"GDA2020",50,1,"A",,"C",0
6321958,,"Animalia","Chordata","Mammalia","Carnivora","Felidae","Felis catus","cat",1056,"Linnaeus, 1758",,,False,"II","Harry Hines fauna data","Kroombit Tops feral animal monitoring","06-06-2016","25-07-2016","06-06-2016","Headwaters of the north branch of Kroombit Creek, animal pad in open forest near the start of the frog monitoring transect at site TP041, Kroombit Tops National Park, southwest of Gladstone, SEQ.",-24.361401,151.004996,"GDA2020",20,2,"A",,"C",0
6321923,,"Animalia","Chordata","Mammalia","Carnivora","Felidae","Felis catus","cat",1056,"Linnaeus, 1758",,,False,"II","Harry Hines fauna data","Kroombit Tops feral animal monitoring","08-06-2016","16-06-2016","08-06-2016","Head of north branch of Degalgil Creek, on gate of feral pig exclusion fence at frog monitoring site TP077, Kroombit Tops National Park, southwest of Gladstone, SEQ.",-24.371912,151.031198,"GDA2020",20,1,"A",,"C",0
6321699,,"Animalia","Chordata","Mammalia","Carnivora","Felidae","Felis catus","cat",1056,"Linnaeus, 1758",,,False,"II","Harry Hines fauna data","Kroombit Tops feral animal monitoring","21-04-2016","08-06-2016","21-04-2016","Head of north branch of Degalgil Creek, animal pad just above rainforest on access track to frog monitoring site TP014, Kroombit Tops National Park, southwest of Gladstone, SEQ.",-24.372907,151.031350,"GDA2020",10,2,"A",,"C",0
6321937,,"Animalia","Chordata","Mammalia","Carnivora","Felidae","Felis catus","cat",1056,"Linnaeus, 1758",,,False,"II","Harry Hines fauna data","Kroombit Tops feral animal monitoring","08-06-2016","14-09-2016","08-06-2016","Eastern escarpment, open forest spur on access track to frog monitoring site TP014, Kroombit Tops National Park, southwest of Gladstone, SEQ.",-24.372654,151.029868,"GDA2020",10,2,"A",,"C",0
6321992,,"Animalia","Chordata","Mammalia","Carnivora","Felidae","Felis catus","cat",1056,"Linnaeus, 1758",,,False,"II","Harry Hines fauna data","Kroombit Tops feral animal monitoring","08-06-2016","14-09-2016","08-06-2016","Eastern escarpment, open forest spur above frog monitoring site TP077, Kroombit Tops National Park, southwest of Gladstone, SEQ.",-24.372162,151.029617,"GDA2020",10,1,"A",,"C",0
6322114,,"Animalia","Chordata","Mammalia","Carnivora","Felidae","Felis catus","cat",1056,"Linnaeus, 1758",,,False,"II","Harry Hines fauna data","Harry Hines miscellaneous survey data","20-05-2017","24-05-2017","20-05-2017","Campground at old Forestry Barracks, Dawes Range Road, central section of Bulburin National Park, southwest of Miriam Vale, SEQ.",-24.526932,151.471118,"GDA2020",250,1,"A",,"C",0
6322261,,"Animalia","Chordata","Mammalia","Carnivora","Felidae","Felis catus","cat",1056,"Linnaeus, 1758",,,False,"II","Harry Hines fauna data","Harry Hines incidental records","20-04-2017","20-04-2017","20-04-2017","Opalton Road, south-western section of Bladensburg National Park, south of Winton, WCQ.",-22.600911,142.938741,"GDA2020",20,1,"A",,"C",0
6322277,,"Animalia","Chordata","Mammalia","Carnivora","Felidae","Felis catus","cat",1056,"Linnaeus, 1758",,,False,"II","Harry Hines fauna data","Harry Hines incidental records","21-04-2017","21-04-2017","21-04-2017","Brighton Downs station, north of Diamantina National Park, WCQ.",-23.438423,141.514404,"GDA2020",20,2,"A",,"C",0
6322279,,"Animalia","Chordata","Mammalia","Carnivora","Felidae","Felis catus","cat",1056,"Linnaeus, 1758",,,False,"II","Harry Hines fauna data","Harry Hines incidental records","21-04-2017","21-04-2017","21-04-2017","Brighton Downs station, north of Diamantina National Park, WCQ.",-23.397629,141.536462,"GDA2020",20,1,"A",,"C",0
6322331,,"Animalia","Chordata","Mammalia","Carnivora","Felidae","Felis catus","cat",1056,"Linnaeus, 1758",,,False,"II","Harry Hines fauna data","Harry Hines incidental records","24-04-2017","24-04-2017","24-04-2017","Springvale Road between Diamantina Tourist Drive and Gum Hole, central-western section of Diamantina National Park, WCQ.",-23.673487,140.964158,"GDA2020",20,1,"A",,"C",0
6322378,,"Animalia","Chordata","Mammalia","Carnivora","Felidae","Felis catus","cat",1056,"Linnaeus, 1758",,,False,"II","Harry Hines fauna data","Harry Hines incidental records","26-04-2017","26-04-2017","26-04-2017","Between Cooyrie Dam and Diamantina Lakes Homestead, central-eastern section of Diamantina National Park, WCQ.",-23.701628,141.204553,"GDA2020",20,1,"A",,"C",0
6322380,,"Animalia","Chordata","Mammalia","Carnivora","Felidae","Felis catus","cat",1056,"Linnaeus, 1758",,,False,"II","Harry Hines fauna data","Harry Hines incidental records","26-04-2017","26-04-2017","26-04-2017","About 3km northeast of Diamantina Lakes homestead, central-eastern section of Diamantina National Park, WCQ.",-23.751098,141.161471,"GDA2020",20,1,"A",,"C",0
6322495,,"Animalia","Chordata","Mammalia","Carnivora","Felidae","Felis catus","cat",1056,"Linnaeus, 1758",,,False,"II","Harry Hines fauna data","Harry Hines incidental records","27-04-2017","27-04-2017","27-04-2017","Dam beside Top Crossing Road, Bladensburg National Park, south of Winton, WCQ.",-22.524134,143.016471,"GDA2020",100,1,"A",,"C",0
6547227,"30","Animalia","Chordata","Mammalia","Carnivora","Felidae","Felis catus","cat",1056,"Linnaeus, 1758",,,False,"II","Incidental Records","Tully Park Incidental Records","01-01-2002","14-02-2017","01-01-2002","Mount Tully, 5km SE of Lee's Hill, New England Tableland",-28.716490,151.960202,"GDA2020",350,,,,"C",0
6545387,"176","Animalia","Chordata","Mammalia","Carnivora","Felidae","Felis catus","cat",1056,"Linnaeus, 1758",,,False,"II","Incidental Records","Currawinya National Park Fauna Survey 2017","21-09-2017","21-09-2017","21-09-2017","The Granites, Currawinya National Park via Hungerford SWQ",-28.779959,144.468207,"GDA2020",300,1,"A",,"C",0
6551568,"1460","Animalia","Chordata","Mammalia","Carnivora","Felidae","Felis catus","cat",1056,"Linnaeus, 1758",,,False,"II","Rod Hobson's wildlife data","Rod Hobson Fraser Island Sheets","05-10-1995","05-10-1995","05-10-1995","north of Ungowa, Fraser Island, Great Sandy National Park",-25.493658,152.994301,"GDA2020",500,,,,"C",0
6551790,"1683","Animalia","Chordata","Mammalia","Carnivora","Felidae","Felis catus","cat",1056,"Linnaeus, 1758",,,False,"II","Rod Hobson's wildlife data","Rod Hobson Fraser Island Sheets","27-07-1998","27-07-1998","27-07-1998","Fraser Island, Great Sandy National Park",-25.466559,153.048795,"GDA2020",500,1,"A",,"C",0
6552587,,"Animalia","Chordata","Mammalia","Carnivora","Felidae","Felis catus","cat",1056,"Linnaeus, 1758",,,False,"II","Harry Hines fauna data","Harry Hines incidental records","10-06-2015","10-06-2015","10-06-2015","Kroombit Forest Drive, 1.1km north of Barracks, Kroombit Tops National Park, south-west of Gladstone, SEQ.",-24.361725,150.968675,"GDA2020",50,1,"A",,"C",0
6536472,,"Animalia","Chordata","Mammalia","Carnivora","Felidae","Felis catus","cat",1056,"Linnaeus, 1758",,,False,"II","Harry Hines fauna data","Harry Hines incidental records","27-11-2014","27-11-2014","27-11-2014","Kroombit Forest Drive near Griffith Creek, Kroombit Tops National Park, southwest of Gladstone, SEQ.",-24.370265,150.978340,"GDA2020",50,1,"A",,"V",0
6552064,"1958","Animalia","Chordata","Mammalia","Carnivora","Felidae","Felis catus","cat",1056,"Linnaeus, 1758",,,False,"II","Rod Hobson's wildlife data","Rod Hobson Fraser Island Sheets","14-08-1997","14-08-1997","14-08-1997","Fraser Island, Great Sandy National Park",-25.210995,153.039759,"GDA2020",500,2,"A",,"C",0
6553001,,"Animalia","Chordata","Mammalia","Carnivora","Felidae","Felis catus","cat",1056,"Linnaeus, 1758",,,False,"II","Harry Hines fauna data","Harry Hines incidental records","20-10-2016","20-10-2016","20-10-2016","Cement Mills Road, south of Gore, SEQ.",-28.493305,151.450623,"GDA2020",20,1,"A",,"C",0
6553395,,"Animalia","Chordata","Mammalia","Carnivora","Felidae","Felis catus","cat",1056,"Linnaeus, 1758",,,False,"II","Harry Hines fauna data","Harry Hines incidental records","25-05-2017","25-05-2017","25-05-2017","Kroombit Forest Drive near Griffiths Creek, Kroombit Tops National Park, southwest of Gladstone, SEQ.",-24.370782,150.982130,"GDA2020",50,1,"A",,"C",0
6553446,,"Animalia","Chordata","Mammalia","Carnivora","Felidae","Felis catus","cat",1056,"Linnaeus, 1758",,,False,"II","Harry Hines fauna data","Harry Hines incidental records","25-05-2017","25-05-2017","25-05-2017","Rainforest circuit car park, TP050A, Kroombit Tops National Park, south-west of Gladstone, SEQ.",-24.413169,151.038673,"GDA2020",50,1,"A",,"C",0
6553447,,"Animalia","Chordata","Mammalia","Carnivora","Felidae","Felis catus","cat",1056,"Linnaeus, 1758",,,False,"II","Harry Hines fauna data","Harry Hines incidental records","25-05-2017","25-05-2017","25-05-2017","Kroombit Forest Drive, near Three Moon Break, Kroombit Tops National Park, south-west of Gladstone, SEQ.",-24.396708,151.014952,"GDA2020",50,1,"A",,"C",0
6553448,,"Animalia","Chordata","Mammalia","Carnivora","Felidae","Felis catus","cat",1056,"Linnaeus, 1758",,,False,"II","Harry Hines fauna data","Harry Hines incidental records","25-05-2017","25-05-2017","25-05-2017","Kroombit Forest Drive, near Kroombit Creek, Kroombit Tops National Park, south-west of Gladstone, SEQ.",-24.379613,151.002227,"GDA2020",50,1,"A",,"C",0
6553728,,"Animalia","Chordata","Mammalia","Carnivora","Felidae","Felis catus","cat",1056,"Linnaeus, 1758",,,False,"II","Harry Hines fauna data","Harry Hines incidental records","21-08-2017","21-08-2017","21-08-2017","Kroombit Forest Drive, near Three Moon Break, Kroombit Tops National Park, southwest of Calliope, SEQ.",-24.396905,151.016861,"GDA2020",50,1,"A",,"C",0
6553829,,"Animalia","Chordata","Mammalia","Carnivora","Felidae","Felis catus","cat",1056,"Linnaeus, 1758",,,False,"II","Harry Hines fauna data","Harry Hines incidental records","23-08-2017","23-08-2017","23-08-2017","Tableland Road, north of the Barracks, Kroombit Tops National Park, southwest of Calliope, SEQ.",-24.344903,150.955098,"GDA2020",50,1,"A",,"C",0
6614954,"26096","Animalia","Chordata","Mammalia","Carnivora","Felidae","Felis catus","cat",1056,"Linnaeus, 1758",,,False,"II","John W. Winter Database","Winter","22-09-2017","22-09-2017","22-09-2017","Peninsula Development Rd 46 km SSE of Coen",-14.341546,143.334522,"GDA2020",50,1,"A",,"V",0
6619676,,"Animalia","Chordata","Mammalia","Carnivora","Felidae","Felis catus","cat",1056,"Linnaeus, 1758",,,False,"II","Harry Hines fauna data","Harry Hines miscellaneous survey data","12-03-2018","16-03-2018","12-03-2018","The Kroombit Barracks, in the headwaters of Dry Creek, Kroombit Tops National Park, southwest of Gladstone, SEQ.",-24.357147,150.962095,"GDA2020",300,1,"A",,"C",0
6619741,,"Animalia","Chordata","Mammalia","Carnivora","Felidae","Felis catus","cat",1056,"Linnaeus, 1758",,,False,"II","Harry Hines fauna data","Kroombit Tops quoll survey","29-04-2018","07-06-2018","29-04-2018","Headwaters of a tributary of Dry Creek, east of the north running firebreak that joins Razorback Track west of Splat Track, Kroombit Tops National Park, south-west of Gladstone, SEQ.",-24.399684,150.926426,"GDA2020",25,1,"A",,"C",0
6619498,,"Animalia","Chordata","Mammalia","Carnivora","Felidae","Felis catus","cat",1056,"Linnaeus, 1758",,,False,"II","Harry Hines fauna data","Harry Hines miscellaneous survey data","17-01-2018","18-01-2018","17-01-2018","Dam in the headwaters of Thane Creek, near apiary site 101, Durikai State Forest, west of Warwick, SEQ.",-28.288126,151.696272,"GDA2020",250,1,"A",,"C",0
6652293,,"Animalia","Chordata","Mammalia","Carnivora","Felidae","Felis catus","cat",1056,"Linnaeus, 1758",,,False,"II","Harry Hines fauna data","Harry Hines incidental records","17-08-2014","17-08-2014","17-08-2014","Kioma School Road, north of Toobeah, SCQ.",-28.363198,149.879299,"GDA2020",50,1,"A",,"C",0
6653197,,"Animalia","Chordata","Mammalia","Carnivora","Felidae","Felis catus","cat",1056,"Linnaeus, 1758",,,False,"II","Harry Hines fauna data","Harry Hines incidental records","03-05-2018","03-05-2018","03-05-2018","Blackdown Tableland Road, north of the QPWS base, Blackdown Tableland National Park, MEQ.",-23.737811,149.117973,"GDA2020",20,1,"A",,"C",0
6653430,,"Animalia","Chordata","Mammalia","Carnivora","Felidae","Felis catus","cat",1056,"Linnaeus, 1758",,,False,"II","Harry Hines fauna data","Harry Hines incidental records","12-03-2018","12-03-2018","12-03-2018","Kroombit Forest Drive between barracks and Razorback Track, Kroombit Tops National Park, south-west of Gladstone, SEQ.",-24.362193,150.967258,"GDA2020",100,1,"A",,"C",0
6619782,,"Animalia","Chordata","Mammalia","Carnivora","Felidae","Felis catus","cat",1056,"Linnaeus, 1758",,,False,"II","Harry Hines fauna data","Kroombit Tops quoll survey","01-05-2018","07-06-2018","01-05-2018","Ridgeline north of Razorback Break in Dry Creek catchment, west of Helipad Track, Kroombit Tops National Park, south-west of Gladstone, SEQ.",-24.412385,150.893694,"GDA2020",25,1,"A",,"C",0
6693643,"8","Animalia","Chordata","Mammalia","Carnivora","Felidae","Felis catus","cat",1056,"Linnaeus, 1758",,,False,"II","Incidental Records","Terry Reis Incidental Records","31-05-2018","20-06-2018","31-05-2018","Warwick Limestone Mine, Elbow Valley",-27.210657,152.811936,"GDA2020",250,,,,"C",0
6694564,"502","Animalia","Chordata","Mammalia","Carnivora","Felidae","Felis catus","cat",1056,"Linnaeus, 1758",,,False,"II","Incidental Records","Rod Hobson Incidental Records","28-07-2018","28-07-2018","28-07-2018","nr. Budjiti Lookout, Boorara Section, Currawinya National Park SCQ",-28.640804,144.349581,"GDA2020",5,1,"A",,"C",0
6702233,,"Animalia","Chordata","Mammalia","Carnivora","Felidae","Felis catus","cat",1056,"Linnaeus, 1758",,,False,"II","Incidental Records","D'Aguilar National Park (South D'Aguilar MU)","11-09-2018","11-10-2018","11-09-2018","LAWTON 01 - Near AS362 apiary site",-27.318310,152.744331,"GDA2020",100,1,"A",,"C",0
6681830,,"Animalia","Chordata","Mammalia","Carnivora","Felidae","Felis catus","cat",1056,"Linnaeus, 1758",,,False,"II","Fauna records Diamantina National Park","Diamantina NP - Sites visited and recorded regularly","03-02-2018",,"03-02-2018","Gum Hole Camp Gound, Whislting Duck Creek",-23.672201,140.986072,"GDA2020",100,1,"A",,"C",0
6682157,,"Animalia","Chordata","Mammalia","Carnivora","Felidae","Felis catus","cat",1056,"Linnaeus, 1758",,,False,"II","Fauna records Diamantina National Park","Diamantina NP - Sites visited and recorded regularly","20-05-2018",,"20-05-2018","1.5 km south of Diamantina homestead on Davenport road",-23.780023,141.150906,"GDA2020",100,1,"A",,"C",0
6694534,"472","Animalia","Chordata","Mammalia","Carnivora","Felidae","Felis catus","cat",1056,"Linnaeus, 1758",,,False,"II","Incidental Records","Rod Hobson Incidental Records","27-07-2018","27-07-2018","27-07-2018","Boorara Section, Currawinya National Park SCQ",-28.685033,144.353613,"GDA2020",5,1,"A",,"C",0
6694535,"473","Animalia","Chordata","Mammalia","Carnivora","Felidae","Felis catus","cat",1056,"Linnaeus, 1758",,,False,"II","Incidental Records","Rod Hobson Incidental Records","27-07-2018","27-07-2018","27-07-2018","Boorara Section, Currawinya National Park SCQ",-28.691904,144.389657,"GDA2020",5,1,"A",,"C",0
6702242,,"Animalia","Chordata","Mammalia","Carnivora","Felidae","Felis catus","cat",1056,"Linnaeus, 1758",,,False,"II","Incidental Records","D'Aguilar National Park (South D'Aguilar MU)","11-10-2018","15-11-2018","11-10-2018","LAWTON 01 - Near AS362 apiary site",-27.318309,152.744332,"GDA2020",10,1,"A",,"C",0
6702247,,"Animalia","Chordata","Mammalia","Carnivora","Felidae","Felis catus","cat",1056,"Linnaeus, 1758",,,False,"II","Incidental Records","D'Aguilar National Park (South D'Aguilar MU)","12-10-2018","28-10-2018","12-10-2018","Joyners Ridge Road near AS 0349 RE 12.11.3",-27.352857,152.748024,"GDA2020",10,1,"A",,"C",0
6706476,"25","Animalia","Chordata","Mammalia","Carnivora","Felidae","Felis catus","cat",1056,"Linnaeus, 1758",,,False,"II","Incidental Records","Doug Dennis Incidental Records","09-08-2018","20-10-2018","09-08-2018","Josephine Falls Wooroonooran National Park",-17.424268,145.827071,"GDA2020",50,1,"A",,"C",0
6706475,"24","Animalia","Chordata","Mammalia","Carnivora","Felidae","Felis catus","cat",1056,"Linnaeus, 1758",,,False,"II","Incidental Records","Doug Dennis Incidental Records","28-07-2018","09-08-2018","28-07-2018","Josephine Falls Wooroonooran National Park",-17.422979,145.836880,"GDA2020",50,1,"A",,"C",0
6706473,"22","Animalia","Chordata","Mammalia","Carnivora","Felidae","Felis catus","cat",1056,"Linnaeus, 1758",,,False,"II","Incidental Records","Doug Dennis Incidental Records","14-07-2018","28-07-2018","14-07-2018","Josephine Falls Wooroonooran National Park",-17.423872,145.831922,"GDA2020",50,1,"A",,"C",0
6707958,"72","Animalia","Chordata","Mammalia","Carnivora","Felidae","Felis catus","cat",1056,"Linnaeus, 1758",,,False,"II","Incidental Records","Biosecurity QLD bait trial 2018","02-09-2018","02-09-2018","02-09-2018","Girraween National Park",-28.832250,151.941615,"GDA2020",50,1,"A",,"C",0
6708420,"534","Animalia","Chordata","Mammalia","Carnivora","Felidae","Felis catus","cat",1056,"Linnaeus, 1758",,,False,"II","Incidental Records","Biosecurity QLD bait trial 2018","04-10-2018","04-10-2018","04-10-2018","Main Range National Park",-27.989960,152.360222,"GDA2020",50,1,"A",,"C",0
6708123,"237","Animalia","Chordata","Mammalia","Carnivora","Felidae","Felis catus","cat",1056,"Linnaeus, 1758",,,False,"II","Incidental Records","Biosecurity QLD bait trial 2018","01-09-2018","01-09-2018","01-09-2018","Girraween National Park",-28.824754,151.984443,"GDA2020",50,1,"A",,"C",0
6707931,"45","Animalia","Chordata","Mammalia","Carnivora","Felidae","Felis catus","cat",1056,"Linnaeus, 1758",,,False,"II","Incidental Records","Biosecurity QLD bait trial 2018","31-08-2018","31-08-2018","31-08-2018","Girraween National Park",-28.833472,151.940717,"GDA2020",50,1,"A",,"C",0
6707936,"50","Animalia","Chordata","Mammalia","Carnivora","Felidae","Felis catus","cat",1056,"Linnaeus, 1758",,,False,"II","Incidental Records","Biosecurity QLD bait trial 2018","31-08-2018","31-08-2018","31-08-2018","Girraween National Park",-28.834762,151.939791,"GDA2020",50,1,"A",,"C",0
6708510,"624","Animalia","Chordata","Mammalia","Carnivora","Felidae","Felis catus","cat",1056,"Linnaeus, 1758",,,False,"II","Incidental Records","Biosecurity QLD bait trial 2018","22-09-2018","22-09-2018","22-09-2018","Main Range National Park",-27.999074,152.357223,"GDA2020",50,1,"A",,"C",0
6708509,"623","Animalia","Chordata","Mammalia","Carnivora","Felidae","Felis catus","cat",1056,"Linnaeus, 1758",,,False,"II","Incidental Records","Biosecurity QLD bait trial 2018","22-09-2018","22-09-2018","22-09-2018","Main Range National Park",-27.999074,152.357223,"GDA2020",50,1,"A",,"C",0
6708628,"742","Animalia","Chordata","Mammalia","Carnivora","Felidae","Felis catus","cat",1056,"Linnaeus, 1758",,,False,"II","Incidental Records","Biosecurity QLD bait trial 2018","24-09-2018","24-09-2018","24-09-2018","Main Range National Park",-27.990656,152.363330,"GDA2020",50,1,"A",,"C",0
6712379,,"Animalia","Chordata","Mammalia","Carnivora","Felidae","Felis catus","cat",1056,"Linnaeus, 1758",,,False,"II","Incidental Records","D'Aguilar National Park (South D'Aguilar MU)","19-11-2018","14-12-2018","19-11-2018","Joyners Ridge Road near AS 0349 RE 12.11.3",-27.352857,152.748024,"GDA2020",10,1,"A",,"C",0
6714284,"2247","Animalia","Chordata","Mammalia","Carnivora","Felidae","Felis catus","cat",1056,"Linnaeus, 1758",,,False,"II","Rod Hobson's wildlife data","Rod Hobson's incidental records","09-03-2019","09-03-2019","09-03-2019","Cranley Bushland Reserve, Cranley, Toowoomba SEQ",-27.519769,151.915926,"GDA2020",200,1,"A",,"C",0
6717083,"26711","Animalia","Chordata","Mammalia","Carnivora","Felidae","Felis catus","cat",1056,"Linnaeus, 1758",,,False,"II","John W. Winter Database","Winter","30-07-2018","30-07-2018","30-07-2018","Ethabuka, 25 km direct line NW of Ethabuka homestead",-23.778608,138.248367,"GDA2020",100,1,"A",,"V",0
6717275,"26918","Animalia","Chordata","Mammalia","Carnivora","Felidae","Felis catus","cat",1056,"Linnaeus, 1758",,,False,"II","John W. Winter Database","Winter","27-11-2017","27-11-2017","27-11-2017","Tumoulin Forest Reserve, 8 km N of Ravenshoe",-17.537952,145.493222,"GDA2020",10,1,"A",,"C",0
6717276,"26917","Animalia","Chordata","Mammalia","Carnivora","Felidae","Felis catus","cat",1056,"Linnaeus, 1758",,,False,"II","John W. Winter Database","Winter","02-11-2017","02-11-2017","02-11-2017","Tumoulin Forest Reserve, 8 km N of Ravenshoe",-17.537952,145.493222,"GDA2020",10,1,"A",,"C",0
6717277,"26916","Animalia","Chordata","Mammalia","Carnivora","Felidae","Felis catus","cat",1056,"Linnaeus, 1758",,,False,"II","John W. Winter Database","Winter","02-08-2012","02-08-2012","02-08-2012","Tumoulin Forest, 5km NNE of Ravenshoe",-17.548997,145.489212,"GDA2020",10,1,"A",,"C",0
6718746,"2330","Animalia","Chordata","Mammalia","Carnivora","Felidae","Felis catus","cat",1056,"Linnaeus, 1758",,,False,"II","Rod Hobson's wildlife data","Iron Range survey","27-11-2006","04-12-2006","27-11-2006","QPWS barracks, Kutini-Payamu (Iron Range) National Park, Cape York FNQ",-12.767209,143.286675,"GDA2020",500,,,,"C",0
6716133,,"Animalia","Chordata","Mammalia","Carnivora","Felidae","Felis catus","cat",1056,"Linnaeus, 1758",,,False,"II","Ian Gynthers fauna data","Hastings River mouse trapping data","10-05-2016","17-05-2016","10-05-2016","Gambubal, standard HRM site, Gambubal Section, Main Range National Park, SEQ.",-28.225821,152.426812,"GDA2020",350,1,"A",,"V",0
6718475,"2739","Animalia","Chordata","Mammalia","Carnivora","Felidae","Felis catus","cat",1056,"Linnaeus, 1758",,,False,"II","Rod Hobson's wildlife data","Rod Hobson's incidental records","21-05-2019","21-05-2019","21-05-2019","Ambrose property, ""Highwoods"", Jimbour East via Jimbour SEQ",-25.994259,151.297727,"GDA2020",500,1,"A",,"C",0
6717069,"26693","Animalia","Chordata","Mammalia","Carnivora","Felidae","Felis catus","cat",1056,"Linnaeus, 1758",,,False,"II","John W. Winter Database","Winter","03-08-2018","03-08-2018","03-08-2018","Charters Towers to Greenvale Road, 80 km direct line NNW of Charters Towers",-19.533116,145.746143,"GDA2020",100,1,"A",,"V",0
6717242,"26927","Animalia","Chordata","Mammalia","Carnivora","Felidae","Felis catus","cat",1056,"Linnaeus, 1758",,,False,"II","John W. Winter Database","Winter","01-04-2019","01-04-2019","01-04-2019","Blackbraes NP, Juntala, road into Log Spring",-19.571792,144.051131,"GDA2020",20,1,"A",,"V",0
6725506,,"Animalia","Chordata","Mammalia","Carnivora","Felidae","Felis catus","cat",1056,"Linnaeus, 1758",,,False,"II","Ecological Assessment","Muundhi (Jack River) NP 10 year resurvey","03-07-2018","05-07-2018","03-07-2018","Muundhi (Jack River) National Park (Cape York Peninsula Aboriginal Land)",-14.917238,144.409720,"GDA2020",100,1,"A",,"C",0
6725537,,"Animalia","Chordata","Mammalia","Carnivora","Felidae","Felis catus","cat",1056,"Linnaeus, 1758",,,False,"II","Ecological Assessment","Muundhi (Jack River) NP 10 year resurvey","02-07-2018","06-07-2018","02-07-2018","Muundhi (Jack River) National Park (Cape York Peninsula Aboriginal Land)",-14.874184,144.432053,"GDA2020",100,1,"A",,"C",0
6725568,"7","Animalia","Chordata","Mammalia","Carnivora","Felidae","Felis catus","cat",1056,"Linnaeus, 1758",,,False,"II","Ecological Assessment","Julia Creek Dunnart monitoring using thermal image cameras","07-08-2016","07-08-2016","07-08-2016","Bladensburg National Park",-22.522463,143.049344,"GDA2020",100,1,"A",,"C",0
6725636,"75","Animalia","Chordata","Mammalia","Carnivora","Felidae","Felis catus","cat",1056,"Linnaeus, 1758",,,False,"II","Ecological Assessment","Julia Creek Dunnart monitoring using thermal image cameras","09-08-2016","09-08-2016","09-08-2016","Bladensburg National Park",-22.510368,143.049132,"GDA2020",100,1,"A",,"C",0
6725523,,"Animalia","Chordata","Mammalia","Carnivora","Felidae","Felis catus","cat",1056,"Linnaeus, 1758",,,False,"II","Ecological Assessment","Muundhi (Jack River) NP 10 year resurvey","02-07-2018","06-07-2018","02-07-2018","Muundhi (Jack River) National Park (Cape York Peninsula Aboriginal Land)",-14.906688,144.420176,"GDA2020",100,1,"A",,"C",0
6725637,"76","Animalia","Chordata","Mammalia","Carnivora","Felidae","Felis catus","cat",1056,"Linnaeus, 1758",,,False,"II","Ecological Assessment","Julia Creek Dunnart monitoring using thermal image cameras","09-08-2016","09-08-2016","09-08-2016","Bladensburg National Park",-22.501940,143.060980,"GDA2020",100,1,"A",,"C",0
6725691,"130","Animalia","Chordata","Mammalia","Carnivora","Felidae","Felis catus","cat",1056,"Linnaeus, 1758",,,False,"II","Ecological Assessment","Julia Creek Dunnart monitoring using thermal image cameras","10-09-2015","10-09-2015","10-09-2015","Bladensburg National Park",-22.511389,143.047087,"GDA2020",100,1,"A",,"C",0
6726163,"10","Animalia","Chordata","Mammalia","Carnivora","Felidae","Felis catus","cat",1056,"Linnaeus, 1758",,,False,"II","Ecological Assessment","Astrebla Downs NP spotlighting and thermal camera surveys","06-05-2014","07-05-2014","06-05-2014","No 2 via Kite Ck to Backward Ck, Astrebla Downs National Park",-24.250415,140.569612,"GDA2020",100,1,"A",,"C",0
6726164,"11","Animalia","Chordata","Mammalia","Carnivora","Felidae","Felis catus","cat",1056,"Linnaeus, 1758",,,False,"II","Ecological Assessment","Astrebla Downs NP spotlighting and thermal camera surveys","06-05-2014","07-05-2014","06-05-2014","No 2 via Kite Ck to Backward Ck, Astrebla Downs National Park",-24.251081,140.571578,"GDA2020",75,1,"A",,"C",0
6726223,"70","Animalia","Chordata","Mammalia","Carnivora","Felidae","Felis catus","cat",1056,"Linnaeus, 1758",,,False,"II","Ecological Assessment","Astrebla Downs NP spotlighting and thermal camera surveys","10-05-2014","10-05-2014","10-05-2014","Curica Ck to Paraputcheri, Astrebla Downs National Park",-24.229149,140.480093,"GDA2020",100,,,,"C",0
6726224,"71","Animalia","Chordata","Mammalia","Carnivora","Felidae","Felis catus","cat",1056,"Linnaeus, 1758",,,False,"II","Ecological Assessment","Astrebla Downs NP spotlighting and thermal camera surveys","10-05-2014","10-05-2014","10-05-2014","Curica Ck to Paraputcheri, Astrebla Downs National Park",-24.228678,140.474469,"GDA2020",110,1,"A",,"C",0
6726232,"79","Animalia","Chordata","Mammalia","Carnivora","Felidae","Felis catus","cat",1056,"Linnaeus, 1758",,,False,"II","Ecological Assessment","Astrebla Downs NP spotlighting and thermal camera surveys","10-05-2014","10-05-2014","10-05-2014","Curica Ck to Paraputcheri, Astrebla Downs National Park",-24.192700,140.438683,"GDA2020",30,1,"A",,"C",0
6726263,"111","Animalia","Chordata","Mammalia","Carnivora","Felidae","Felis catus","cat",1056,"Linnaeus, 1758",,,False,"II","Ecological Assessment","Astrebla Downs NP spotlighting and thermal camera surveys","08-04-2015","08-04-2015","08-04-2015","Kite Drive, Astrebla Downs National Park",-24.229835,140.568465,"GDA2020",10,1,"A",,"C",0
6726277,"125","Animalia","Chordata","Mammalia","Carnivora","Felidae","Felis catus","cat",1056,"Linnaeus, 1758",,,False,"II","Ecological Assessment","Astrebla Downs NP spotlighting and thermal camera surveys","09-04-2015","09-04-2015","09-04-2015","Kite Drive, Astrebla Downs National Park",-24.221788,140.566781,"GDA2020",200,1,"A",,"C",0
6726280,"128","Animalia","Chordata","Mammalia","Carnivora","Felidae","Felis catus","cat",1056,"Linnaeus, 1758",,,False,"II","Ecological Assessment","Astrebla Downs NP spotlighting and thermal camera surveys","10-04-2015","10-04-2015","10-04-2015","Moordonka to No 2, Astrebla Downs National Park",-24.214402,140.857463,"GDA2020",100,1,"A",,"C",0
6726366,"214","Animalia","Chordata","Mammalia","Carnivora","Felidae","Felis catus","cat",1056,"Linnaeus, 1758",,,False,"II","Ecological Assessment","Astrebla Downs NP spotlighting and thermal camera surveys","12-04-2015","12-04-2015","12-04-2015","Curica Ck, Astrebla Downs National Park",-24.238811,140.516670,"GDA2020",100,1,"A",,"C",0
6726415,"263","Animalia","Chordata","Mammalia","Carnivora","Felidae","Felis catus","cat",1056,"Linnaeus, 1758",,,False,"II","Ecological Assessment","Astrebla Downs NP spotlighting and thermal camera surveys","14-04-2015","14-04-2015","14-04-2015","Nimoi, Astrebla Downs National Park",-24.148727,140.579606,"GDA2020",100,1,"A",,"C",0
6726443,"292","Animalia","Chordata","Mammalia","Carnivora","Felidae","Felis catus","cat",1056,"Linnaeus, 1758",,,False,"II","Ecological Assessment","Astrebla Downs NP spotlighting and thermal camera surveys","02-08-2016","02-08-2016","02-08-2016","No2 via Kit Drive to Backward Ck, Astrebla Downs National Park",-24.207555,140.601731,"GDA2020",80,1,"A",,"C",0
6726655,"504","Animalia","Chordata","Mammalia","Carnivora","Felidae","Felis catus","cat",1056,"Linnaeus, 1758",,,False,"II","Ecological Assessment","Astrebla Downs NP spotlighting and thermal camera surveys","06-08-2016","07-08-2016","06-08-2016","Moordonka to No 2, Astrebla Downs National Park",-24.220693,140.849342,"GDA2020",100,1,"A",,"C",0
6726656,"505","Animalia","Chordata","Mammalia","Carnivora","Felidae","Felis catus","cat",1056,"Linnaeus, 1758",,,False,"II","Ecological Assessment","Astrebla Downs NP spotlighting and thermal camera surveys","06-08-2016","07-08-2016","06-08-2016","Moordonka to No 2, Astrebla Downs National Park",-24.221941,140.855281,"GDA2020",100,1,"A",,"C",0
6726659,"508","Animalia","Chordata","Mammalia","Carnivora","Felidae","Felis catus","cat",1056,"Linnaeus, 1758",,,False,"II","Ecological Assessment","Astrebla Downs NP spotlighting and thermal camera surveys","06-08-2016","07-08-2016","06-08-2016","Moordonka to No 2, Astrebla Downs National Park",-24.212666,140.827928,"GDA2020",20,1,"A",,"C",0
6736582,"101","Animalia","Chordata","Mammalia","Carnivora","Felidae","Felis catus","cat",1056,"Linnaeus, 1758",,,False,"II","Protected Area Investment datasets","Wallaby Lane Wallaby Lane Nature Refuge fauna monitoring","27-02-2019",,"27-02-2019","Pine Grove Lot 5 HT551, northern dam 271 m south of the northern boundary outside Wallaby Lane Nature Refuge. Camera 1",-23.577507,149.200747,"GDA2020",12,1,"A",,"C",0
6736586,"105","Animalia","Chordata","Mammalia","Carnivora","Felidae","Felis catus","cat",1056,"Linnaeus, 1758",,,False,"II","Protected Area Investment datasets","Wallaby Lane Wallaby Lane Nature Refuge fauna monitoring","02-03-2019",,"02-03-2019","Pine Grove Lot 5 HT551, northern dam 271 m south of the northern boundary outside Wallaby Lane Nature Refuge. Camera 1",-23.577507,149.200747,"GDA2020",12,1,"A",,"C",0
6736590,"109","Animalia","Chordata","Mammalia","Carnivora","Felidae","Felis catus","cat",1056,"Linnaeus, 1758",,,False,"II","Protected Area Investment datasets","Wallaby Lane Wallaby Lane Nature Refuge fauna monitoring","01-03-2019",,"01-03-2019","Pine Grove Lot 5 HT551, northern dam 271 m south of the northern boundary outside Wallaby Lane Nature Refuge. Camera 1",-23.577507,149.200747,"GDA2020",12,1,"A",,"C",0
6736596,"115","Animalia","Chordata","Mammalia","Carnivora","Felidae","Felis catus","cat",1056,"Linnaeus, 1758",,,False,"II","Protected Area Investment datasets","Wallaby Lane Wallaby Lane Nature Refuge fauna monitoring","25-05-2019",,"25-05-2019","Pine Grove Lot 5 HT551, northern dam 271 m south of the northern boundary outside Wallaby Lane Nature Refuge. Camera 1",-23.577507,149.200747,"GDA2020",12,1,"A",,"C",0
6736617,"136","Animalia","Chordata","Mammalia","Carnivora","Felidae","Felis catus","cat",1056,"Linnaeus, 1758",,,False,"II","Protected Area Investment datasets","Wallaby Lane Wallaby Lane Nature Refuge fauna monitoring","21-10-2018",,"21-10-2018","Wallaby Lane Nature Refuge, Pine Crove Lot 5 HT551, northern dam 462m south of the northern boundary inside NR. Camera 2",-23.578427,149.198577,"GDA2020",12,1,"A",,"C",0
6736627,"146","Animalia","Chordata","Mammalia","Carnivora","Felidae","Felis catus","cat",1056,"Linnaeus, 1758",,,False,"II","Protected Area Investment datasets","Wallaby Lane Wallaby Lane Nature Refuge fauna monitoring","24-11-2018",,"24-11-2018","Wallaby Lane Nature Refuge, Pine Crove Lot 5 HT551, northern dam 462m south of the northern boundary inside NR. Camera 2",-23.578427,149.198577,"GDA2020",12,1,"A",,"C",0
6736631,"150","Animalia","Chordata","Mammalia","Carnivora","Felidae","Felis catus","cat",1056,"Linnaeus, 1758",,,False,"II","Protected Area Investment datasets","Wallaby Lane Wallaby Lane Nature Refuge fauna monitoring","20-10-2018",,"20-10-2018","Wallaby Lane Nature Refuge, Pine Grove Lot 5 HT551, on Spectacle Ck, 110.21m from NR boundary. Camera 3",-23.584087,149.195907,"GDA2020",12,1,"A",,"C",0
6736633,"152","Animalia","Chordata","Mammalia","Carnivora","Felidae","Felis catus","cat",1056,"Linnaeus, 1758",,,False,"II","Protected Area Investment datasets","Wallaby Lane Wallaby Lane Nature Refuge fauna monitoring","09-11-2018",,"09-11-2018","Wallaby Lane Nature Refuge, Pine Grove Lot 5 HT551, on Spectacle Ck, 110.21m from NR boundary. Camera 3",-23.584087,149.195907,"GDA2020",12,1,"A",,"C",0
6736555,"74","Animalia","Chordata","Mammalia","Carnivora","Felidae","Felis catus","cat",1056,"Linnaeus, 1758",,,False,"II","Protected Area Investment datasets","Wallaby Lane Wallaby Lane Nature Refuge fauna monitoring","12-12-2018",,"12-12-2018","Pine Grove Lot 5 HT551, northern dam 271 m south of the northern boundary outside Wallaby Lane Nature Refuge. Camera 1",-23.577507,149.200747,"GDA2020",12,1,"A",,"C",0
6736675,"194","Animalia","Chordata","Mammalia","Carnivora","Felidae","Felis catus","cat",1056,"Linnaeus, 1758",,,False,"II","Protected Area Investment datasets","Wallaby Lane Wallaby Lane Nature Refuge fauna monitoring","19-10-2018",,"19-10-2018","Pine Grove Lot 5 HT551, Dam 276m from the southern boundary, not in Wallaby Lane Nature Refuge. Camera 5.",-23.606257,149.199327,"GDA2020",12,1,"A",,"C",0
6736659,"178","Animalia","Chordata","Mammalia","Carnivora","Felidae","Felis catus","cat",1056,"Linnaeus, 1758",,,False,"II","Protected Area Investment datasets","Wallaby Lane Wallaby Lane Nature Refuge fauna monitoring","19-02-2019",,"19-02-2019","Wallaby Lane Nature Refuge, Pine Grove Lot 5 HT551, clay creek run, inside NR, 9.3m in from NR boundary. Camera 4",-23.592387,149.184487,"GDA2020",12,1,"A",,"C",0
6736660,"179","Animalia","Chordata","Mammalia","Carnivora","Felidae","Felis catus","cat",1056,"Linnaeus, 1758",,,False,"II","Protected Area Investment datasets","Wallaby Lane Wallaby Lane Nature Refuge fauna monitoring","03-03-2019",,"03-03-2019","Wallaby Lane Nature Refuge, Pine Grove Lot 5 HT551, clay creek run, inside NR, 9.3m in from NR boundary. Camera 4",-23.592387,149.184487,"GDA2020",12,1,"A",,"C",0
6737682,,"Animalia","Chordata","Mammalia","Carnivora","Felidae","Felis catus","cat",1056,"Linnaeus, 1758",,,False,"II","Incidental Records","Ecosure Sightings Data","13-02-2018","15-02-2018","13-02-2018","Aldoga",-23.876287,151.051507,"GDA2020",800,,,,"C",0
6736699,"218","Animalia","Chordata","Mammalia","Carnivora","Felidae","Felis catus","cat",1056,"Linnaeus, 1758",,,False,"II","Protected Area Investment datasets","Wallaby Lane Wallaby Lane Nature Refuge fauna monitoring","24-01-2019",,"24-01-2019","Pine Grove Lot 5 HT551, Dam 276m from the southern boundary, not in Wallaby Lane Nature Refuge. Camera 5.",-23.606257,149.199327,"GDA2020",12,1,"A",,"C",0
6736807,"326","Animalia","Chordata","Mammalia","Carnivora","Felidae","Felis catus","cat",1056,"Linnaeus, 1758",,,False,"II","Protected Area Investment datasets","Wallaby Lane Wallaby Lane Nature Refuge fauna monitoring","07-04-2019",,"07-04-2019","Wallaby Lane Nature Refuge Pine Grove Lot 5 HT551, near waterhole - Camera 9",-23.578417,149.195027,"GDA2020",12,1,"A",,"C",0
6736809,"328","Animalia","Chordata","Mammalia","Carnivora","Felidae","Felis catus","cat",1056,"Linnaeus, 1758",,,False,"II","Protected Area Investment datasets","Wallaby Lane Wallaby Lane Nature Refuge fauna monitoring","13-04-2019",,"13-04-2019","Wallaby Lane Nature Refuge Pine Grove Lot 5 HT551, near waterhole - Camera 9",-23.578417,149.195027,"GDA2020",12,1,"A",,"C",0
6736810,"329","Animalia","Chordata","Mammalia","Carnivora","Felidae","Felis catus","cat",1056,"Linnaeus, 1758",,,False,"II","Protected Area Investment datasets","Wallaby Lane Wallaby Lane Nature Refuge fauna monitoring","14-04-2019",,"14-04-2019","Wallaby Lane Nature Refuge Pine Grove Lot 5 HT551, near waterhole - Camera 9",-23.578417,149.195027,"GDA2020",12,1,"A",,"C",0
6736819,"338","Animalia","Chordata","Mammalia","Carnivora","Felidae","Felis catus","cat",1056,"Linnaeus, 1758",,,False,"II","Protected Area Investment datasets","Wallaby Lane Wallaby Lane Nature Refuge fauna monitoring","22-06-2019",,"22-06-2019","Wallaby Lane Nature Refuge Pine Grove Lot 5 HT551, near waterhole - Camera 9",-23.578417,149.195027,"GDA2020",12,1,"A",,"C",0
6737325,,"Animalia","Chordata","Mammalia","Carnivora","Felidae","Felis catus","cat",1056,"Linnaeus, 1758",,,False,"II","Incidental Records","Ecosure Sightings Data","22-05-2017","30-05-2017","22-05-2017","Facing Island, Gladstone Harbour",-23.787387,151.339907,"GDA2020",1500,,,,"C",0
6737474,,"Animalia","Chordata","Mammalia","Carnivora","Felidae","Felis catus","cat",1056,"Linnaeus, 1758",,,False,"II","Incidental Records","Ecosure Sightings Data","30-11-2017","30-11-2017","30-11-2017","Rugby Run, Moranbah",-22.134187,147.930607,"GDA2020",1200,,,,"C",0
6738301,,"Animalia","Chordata","Mammalia","Carnivora","Felidae","Felis catus","cat",1056,"Linnaeus, 1758",,,False,"II","Incidental Records","Ecosure Sightings Data","11-07-2016","15-07-2016","11-07-2016","Boyne Island",-23.917887,151.309807,"GDA2020",750,,,,"C",0
6738406,,"Animalia","Chordata","Mammalia","Carnivora","Felidae","Felis catus","cat",1056,"Linnaeus, 1758",,,False,"II","Fauna records Diamantina National Park","Spotlighting Transects","29-01-2018",,"29-01-2018","Mosquito spotlight transect",-23.700042,141.094508,"GDA2020",50,1,"A",,"C",0
6737528,,"Animalia","Chordata","Mammalia","Carnivora","Felidae","Felis catus","cat",1056,"Linnaeus, 1758",,,False,"II","Incidental Records","Ecosure Sightings Data","16-04-2018","16-04-2018","16-04-2018","Springs Rd, Agnes Water",-24.219887,151.917307,"GDA2020",85,,,,"C",0
6738412,,"Animalia","Chordata","Mammalia","Carnivora","Felidae","Felis catus","cat",1056,"Linnaeus, 1758",,,False,"II","Fauna records Diamantina National Park","Spotlighting Transects","27-06-2018",,"27-06-2018","21.19 hrs 4.4 km north of Davenport gate",-23.983734,141.188606,"GDA2020",50,1,"A",,"C",0
6738414,,"Animalia","Chordata","Mammalia","Carnivora","Felidae","Felis catus","cat",1056,"Linnaeus, 1758",,,False,"II","Fauna records Diamantina National Park","Spotlighting Transects","27-06-2018",,"27-06-2018","23.30 hrs 200 m right of Davenport spotlight transect",-23.776466,141.157723,"GDA2020",50,1,"A",,"C",0
6738416,,"Animalia","Chordata","Mammalia","Carnivora","Felidae","Felis catus","cat",1056,"Linnaeus, 1758",,,False,"II","Fauna records Diamantina National Park","Spotlighting Transects","28-06-2018",,"28-06-2018","0.36 hrs 28/07/2018150 m east of Davenport Spotlight transect",-23.785087,141.162936,"GDA2020",50,1,"A",,"C",0
6738417,,"Animalia","Chordata","Mammalia","Carnivora","Felidae","Felis catus","cat",1056,"Linnaeus, 1758",,,False,"II","Fauna records Diamantina National Park","Spotlighting Transects","28-06-2018",,"28-06-2018","7.5 km south of hours on Davenport Spotlight transect. 17.15 hrs",-23.815445,141.194273,"GDA2020",50,1,"A",,"C",0
6738419,,"Animalia","Chordata","Mammalia","Carnivora","Felidae","Felis catus","cat",1056,"Linnaeus, 1758",,,False,"II","Fauna records Diamantina National Park","Spotlighting Transects","28-06-2018",,"28-06-2018","Bilby paddock tansect. 20.00 hrs 8.5 km north of Davenport gate",-23.944333,141.197551,"GDA2020",50,1,"A",,"C",0
6738420,,"Animalia","Chordata","Mammalia","Carnivora","Felidae","Felis catus","cat",1056,"Linnaeus, 1758",,,False,"II","Fauna records Diamantina National Park","Spotlighting Transects","28-06-2018",,"28-06-2018","Bilby paddock transect. 21.33 hrs. 3.6 kg tabby, 2 leggadinia in gut, fat acore 4/5",-23.978457,141.210834,"GDA2020",50,1,"A",,"C",0
6738441,,"Animalia","Chordata","Mammalia","Carnivora","Felidae","Felis catus","cat",1056,"Linnaeus, 1758",,,False,"II","Fauna records Diamantina National Park","Spotlighting Transects","09-10-2018",,"09-10-2018","approcx 12 km from Davenport boundry gate",-23.987634,141.241610,"GDA2020",50,1,"A",,"C",0
6738444,,"Animalia","Chordata","Mammalia","Carnivora","Felidae","Felis catus","cat",1056,"Linnaeus, 1758",,,False,"II","Fauna records Diamantina National Park","Spotlighting Transects","09-10-2018",,"09-10-2018","Middle creek",-23.879561,141.198415,"GDA2020",50,1,"A",,"C",0
6738473,,"Animalia","Chordata","Mammalia","Carnivora","Felidae","Felis catus","cat",1056,"Linnaeus, 1758",,,False,"II","Fauna records Diamantina National Park","Spotlighting Transects","14-01-2019",,"14-01-2019","Spotlighting transect - run UPDATE query to fill correct details",-23.910937,141.143305,"GDA2020",100,1,"A",,"C",0
6738474,,"Animalia","Chordata","Mammalia","Carnivora","Felidae","Felis catus","cat",1056,"Linnaeus, 1758",,,False,"II","Fauna records Diamantina National Park","Spotlighting Transects","14-01-2019",,"14-01-2019","Spotlighting transect - run UPDATE query to fill correct details",-23.910937,141.143305,"GDA2020",100,1,"A",,"C",0
6738502,,"Animalia","Chordata","Mammalia","Carnivora","Felidae","Felis catus","cat",1056,"Linnaeus, 1758",,,False,"II","Fauna records Diamantina National Park","Spotlighting Transects","15-01-2019",,"15-01-2019","Spotlighting transect - run UPDATE query to fill correct details",-23.689987,141.426396,"GDA2020",50,1,"A",,"C",0
6738527,,"Animalia","Chordata","Mammalia","Carnivora","Felidae","Felis catus","cat",1056,"Linnaeus, 1758",,,False,"II","Fauna records Diamantina National Park","Spotlighting Transects","16-01-2019",,"16-01-2019","Spotlighting transect - run UPDATE query to fill correct details",-23.778264,141.126619,"GDA2020",20,1,"A",,"C",0
6738529,,"Animalia","Chordata","Mammalia","Carnivora","Felidae","Felis catus","cat",1056,"Linnaeus, 1758",,,False,"II","Fauna records Diamantina National Park","Spotlighting Transects","16-01-2019",,"16-01-2019","Spotlighting transect - run UPDATE query to fill correct details",-23.839348,141.126730,"GDA2020",20,1,"A",,"C",0
6738532,,"Animalia","Chordata","Mammalia","Carnivora","Felidae","Felis catus","cat",1056,"Linnaeus, 1758",,,False,"II","Fauna records Diamantina National Park","Spotlighting Transects","16-01-2019",,"16-01-2019","Spotlighting transect - run UPDATE query to fill correct details",-23.908042,141.161674,"GDA2020",20,1,"A",,"C",0
6738760,,"Animalia","Chordata","Mammalia","Carnivora","Felidae","Felis catus","cat",1056,"Linnaeus, 1758",,,False,"II","Fauna records Diamantina National Park","Spotlighting Transects","04-09-2019","05-09-2019","04-09-2019","Warracoota Circuit Drive",-23.838042,140.925674,"GDA2020",50,1,"A",,"C",0
6738771,,"Animalia","Chordata","Mammalia","Carnivora","Felidae","Felis catus","cat",1056,"Linnaeus, 1758",,,False,"II","Fauna records Diamantina National Park","Spotlighting Transects","04-09-2019","05-09-2019","04-09-2019","Warracoota Circuit Drive",-23.838042,140.925674,"GDA2020",50,1,"A",,"C",0
6738764,,"Animalia","Chordata","Mammalia","Carnivora","Felidae","Felis catus","cat",1056,"Linnaeus, 1758",,,False,"II","Fauna records Diamantina National Park","Spotlighting Transects","04-09-2019","05-09-2019","04-09-2019","Warracoota Circuit Drive",-23.838042,140.925674,"GDA2020",50,1,"A",,"C",0
6738765,,"Animalia","Chordata","Mammalia","Carnivora","Felidae","Felis catus","cat",1056,"Linnaeus, 1758",,,False,"II","Fauna records Diamantina National Park","Spotlighting Transects","04-09-2019","05-09-2019","04-09-2019","Warracoota Circuit Drive",-23.838042,140.925674,"GDA2020",50,1,"A",,"C",0
6738542,,"Animalia","Chordata","Mammalia","Carnivora","Felidae","Felis catus","cat",1056,"Linnaeus, 1758",,,False,"II","Fauna records Diamantina National Park","Spotlighting Transects","17-01-2019",,"17-01-2019","Spotlighting transect - run UPDATE query to fill correct details",-23.826181,141.181480,"GDA2020",20,1,"A",,"C",0
6738550,,"Animalia","Chordata","Mammalia","Carnivora","Felidae","Felis catus","cat",1056,"Linnaeus, 1758",,,False,"II","Fauna records Diamantina National Park","Spotlighting Transects","29-06-2018",,"29-06-2018","Spotlighting transect - run UPDATE query to fill correct details",-23.889070,141.211702,"GDA2020",20,1,"A",,"C",0
6738551,,"Animalia","Chordata","Mammalia","Carnivora","Felidae","Felis catus","cat",1056,"Linnaeus, 1758",,,False,"II","Fauna records Diamantina National Park","Spotlighting Transects","29-06-2018",,"29-06-2018","Spotlighting transect - run UPDATE query to fill correct details",-23.954431,141.423008,"GDA2020",20,1,"A",,"C",0
6738552,,"Animalia","Chordata","Mammalia","Carnivora","Felidae","Felis catus","cat",1056,"Linnaeus, 1758",,,False,"II","Fauna records Diamantina National Park","Spotlighting Transects","29-06-2018",,"29-06-2018","Spotlighting transect - run UPDATE query to fill correct details",-23.909403,141.269396,"GDA2020",20,1,"A",,"C",0
6738553,,"Animalia","Chordata","Mammalia","Carnivora","Felidae","Felis catus","cat",1056,"Linnaeus, 1758",,,False,"II","Fauna records Diamantina National Park","Spotlighting Transects","29-06-2018",,"29-06-2018","Spotlighting transect - run UPDATE query to fill correct details",-23.082181,141.160035,"GDA2020",20,1,"A",,"C",0
6738557,,"Animalia","Chordata","Mammalia","Carnivora","Felidae","Felis catus","cat",1056,"Linnaeus, 1758",,,False,"II","Fauna records Diamantina National Park","Spotlighting Transects","08-08-2018",,"08-08-2018","Spotlighting transect - run UPDATE query to fill correct details",-23.794292,141.158619,"GDA2020",20,1,"A",,"C",0
6738576,,"Animalia","Chordata","Mammalia","Carnivora","Felidae","Felis catus","cat",1056,"Linnaeus, 1758",,,False,"II","Fauna records Diamantina National Park","Spotlighting Transects","09-08-2018",,"09-08-2018","Spotlighting transect - run UPDATE query to fill correct details",-23.783459,141.188674,"GDA2020",50,1,"A",,"C",0
6738580,,"Animalia","Chordata","Mammalia","Carnivora","Felidae","Felis catus","cat",1056,"Linnaeus, 1758",,,False,"II","Fauna records Diamantina National Park","Spotlighting Transects","09-08-2018",,"09-08-2018","Spotlighting transect - run UPDATE query to fill correct details",-23.797403,141.159758,"GDA2020",50,1,"A",,"C",0
6738799,,"Animalia","Chordata","Mammalia","Carnivora","Felidae","Felis catus","cat",1056,"Linnaeus, 1758",,,False,"II","Fauna records Diamantina National Park","Spotlighting Transects","05-09-2019",,"05-09-2019","Spotlighting transect - run UPDATE query to fill correct details",-23.617067,141.258757,"GDA2020",20,1,"A",,"C",0
6738817,,"Animalia","Chordata","Mammalia","Carnivora","Felidae","Felis catus","cat",1056,"Linnaeus, 1758",,,False,"II","Fauna records Diamantina National Park","Spotlighting Transects","15-10-2019",,"15-10-2019","Davenport Rd WN_Visit_1916",-23.772397,141.152929,"GDA2020",100,1,"A",,"C",0
6738819,,"Animalia","Chordata","Mammalia","Carnivora","Felidae","Felis catus","cat",1056,"Linnaeus, 1758",,,False,"II","Fauna records Diamantina National Park","Spotlighting Transects","16-10-2019",,"16-10-2019","Warracota Track -WN_Visit_1928",-23.664973,140.919486,"GDA2020",100,1,"A",,"C",0
6738846,,"Animalia","Chordata","Mammalia","Carnivora","Felidae","Felis catus","cat",1056,"Linnaeus, 1758",,,False,"II","Fauna records Diamantina National Park","Spotlighting Transects","16-10-2019",,"16-10-2019","Warracoota Track WN_Visit_1928",-23.750820,141.023745,"GDA2020",100,1,"A",,"C",0
6755308,"3018","Animalia","Chordata","Mammalia","Carnivora","Felidae","Felis catus","cat",1056,"Linnaeus, 1758",,,False,"II","Australian Wildlife Conservancy data","Australian Wildlife Conservancy data","10-10-2014","10-10-2014","10-10-2014","Bowra",-27.951237,145.538917,"GDA2020",100,1,"A",,"C",0
6758516,"6151","Animalia","Chordata","Mammalia","Carnivora","Felidae","Felis catus","cat",1056,"Linnaeus, 1758",,,False,"II","Australian Wildlife Conservancy data","Australian Wildlife Conservancy data","04-09-2014","04-09-2014","04-09-2014","Brooklyn",-16.599638,145.131544,"GDA2020",100,1,"A",,"C",0
6747692,,"Animalia","Chordata","Mammalia","Carnivora","Felidae","Felis catus","cat",1056,"Linnaeus, 1758",,,False,"II","Incidental Records","Miscellaneous records provided to Harry Hines","20-04-2018","20-04-2018","20-04-2018","Diamantina River Road, south of homestead, Diamantina National Park, WCQ.",-23.799792,141.162777,"GDA2020",100,1,"A",,"C",0
6747722,,"Animalia","Chordata","Mammalia","Carnivora","Felidae","Felis catus","cat",1056,"Linnaeus, 1758",,,False,"II","Incidental Records","Miscellaneous records provided to Harry Hines","07-12-2010","07-12-2010","07-12-2010","Escarpment Road, Kroombit Tops National Park, southwest of Gladstone, SEQ.",-24.385981,151.038530,"GDA2020",20,1,"A",,"C",0
6749304,"177","Animalia","Chordata","Mammalia","Carnivora","Felidae","Felis catus","cat",1056,"Linnaeus, 1758",,,False,"II","Ecological Assessment","Mt Cook Endeavour River","08-09-2019","13-09-2019","08-09-2019","ST4, Rainforest Ridge, unallocated State Land (11/AP15882), adjacent to Mt Cook National Park, Cooktown",-15.479636,145.267065,"GDA2020",100,1,"A",,"V",0
6749563,"115","Animalia","Chordata","Mammalia","Carnivora","Felidae","Felis catus","cat",1056,"Linnaeus, 1758",,,False,"II","Ecological Assessment","Muundhi ten year dry season survey","18-11-2019","24-11-2019","18-11-2019","Muundhi - Middle Lake",-14.906907,144.419971,"GDA2020",100,1,"A",,"C",0
6749708,"220","Animalia","Chordata","Mammalia","Carnivora","Felidae","Felis catus","cat",1056,"Linnaeus, 1758",,,False,"II","Ecological Assessment","Muundhi ten year dry season survey","18-11-2019","24-11-2019","18-11-2019","Muundhi - Middle Lake",-14.889877,144.423060,"GDA2020",100,1,"A",,"C",0
6755252,"2972","Animalia","Chordata","Mammalia","Carnivora","Felidae","Felis catus","cat",1056,"Linnaeus, 1758",,,False,"II","Australian Wildlife Conservancy data","Australian Wildlife Conservancy data","08-10-2014","08-10-2014","08-10-2014","Bowra",-28.020827,145.566127,"GDA2020",100,1,"A",,"C",0
6755279,"2999","Animalia","Chordata","Mammalia","Carnivora","Felidae","Felis catus","cat",1056,"Linnaeus, 1758",,,False,"II","Australian Wildlife Conservancy data","Australian Wildlife Conservancy data","09-10-2014","09-10-2014","09-10-2014","Bowra",-28.022147,145.609357,"GDA2020",100,1,"A",,"C",0
6758624,"6299","Animalia","Chordata","Mammalia","Carnivora","Felidae","Felis catus","cat",1056,"Linnaeus, 1758",,,False,"II","Australian Wildlife Conservancy data","Australian Wildlife Conservancy data","10-09-2014","10-09-2014","10-09-2014","Brooklyn",-16.517357,145.000722,"GDA2020",100,1,"A",,"C",0
6755382,"3092","Animalia","Chordata","Mammalia","Carnivora","Felidae","Felis catus","cat",1056,"Linnaeus, 1758",,,False,"II","Australian Wildlife Conservancy data","Australian Wildlife Conservancy data","13-10-2014","13-10-2014","13-10-2014","Bowra",-28.027777,145.575767,"GDA2020",100,1,"A",,"C",0
6758623,"6298","Animalia","Chordata","Mammalia","Carnivora","Felidae","Felis catus","cat",1056,"Linnaeus, 1758",,,False,"II","Australian Wildlife Conservancy data","Australian Wildlife Conservancy data","10-09-2014","10-09-2014","10-09-2014","Brooklyn",-16.517870,144.999662,"GDA2020",100,1,"A",,"C",0
6759136,"6811","Animalia","Chordata","Mammalia","Carnivora","Felidae","Felis catus","cat",1056,"Linnaeus, 1758",,,False,"II","Australian Wildlife Conservancy data","Australian Wildlife Conservancy data","11-08-2016","11-08-2016","11-08-2016","Brooklyn",-16.599638,145.131544,"GDA2020",100,1,"A",,"C",0
6758879,"6554","Animalia","Chordata","Mammalia","Carnivora","Felidae","Felis catus","cat",1056,"Linnaeus, 1758",,,False,"II","Australian Wildlife Conservancy data","Australian Wildlife Conservancy data","19-04-2015","19-04-2015","19-04-2015","Brooklyn",-16.638355,145.245801,"GDA2020",100,1,"A",,"C",0
6758880,"6555","Animalia","Chordata","Mammalia","Carnivora","Felidae","Felis catus","cat",1056,"Linnaeus, 1758",,,False,"II","Australian Wildlife Conservancy data","Australian Wildlife Conservancy data","19-04-2015","19-04-2015","19-04-2015","Brooklyn",-16.609346,145.243788,"GDA2020",100,1,"A",,"C",0
6759115,"6790","Animalia","Chordata","Mammalia","Carnivora","Felidae","Felis catus","cat",1056,"Linnaeus, 1758",,,False,"II","Australian Wildlife Conservancy data","Australian Wildlife Conservancy data","08-08-2016","08-08-2016","08-08-2016","Brooklyn",-16.522711,145.025153,"GDA2020",100,1,"A",,"C",0
6759116,"6791","Animalia","Chordata","Mammalia","Carnivora","Felidae","Felis catus","cat",1056,"Linnaeus, 1758",,,False,"II","Australian Wildlife Conservancy data","Australian Wildlife Conservancy data","08-08-2016","08-08-2016","08-08-2016","Brooklyn",-16.588980,144.923436,"GDA2020",100,1,"A",,"C",0
6758662,"6337","Animalia","Chordata","Mammalia","Carnivora","Felidae","Felis catus","cat",1056,"Linnaeus, 1758",,,False,"II","Australian Wildlife Conservancy data","Australian Wildlife Conservancy data","13-09-2014","13-09-2014","13-09-2014","Brooklyn",-16.492044,145.077946,"GDA2020",100,1,"A",,"C",0
6759101,"6776","Animalia","Chordata","Mammalia","Carnivora","Felidae","Felis catus","cat",1056,"Linnaeus, 1758",,,False,"II","Australian Wildlife Conservancy data","Australian Wildlife Conservancy data","06-08-2016","06-08-2016","06-08-2016","Brooklyn",-16.503102,145.059621,"GDA2020",100,1,"A",,"C",0
6759104,"6779","Animalia","Chordata","Mammalia","Carnivora","Felidae","Felis catus","cat",1056,"Linnaeus, 1758",,,False,"II","Australian Wildlife Conservancy data","Australian Wildlife Conservancy data","07-08-2016","07-08-2016","07-08-2016","Brooklyn",-16.510932,145.032166,"GDA2020",100,1,"A",,"C",0
6759105,"6780","Animalia","Chordata","Mammalia","Carnivora","Felidae","Felis catus","cat",1056,"Linnaeus, 1758",,,False,"II","Australian Wildlife Conservancy data","Australian Wildlife Conservancy data","07-08-2016","07-08-2016","07-08-2016","Brooklyn",-16.602834,144.931936,"GDA2020",100,1,"A",,"C",0
6759209,"6884","Animalia","Chordata","Mammalia","Carnivora","Felidae","Felis catus","cat",1056,"Linnaeus, 1758",,,False,"II","Australian Wildlife Conservancy data","Australian Wildlife Conservancy data","30-08-2016","30-08-2016","30-08-2016","Brooklyn",-16.582904,145.126470,"GDA2020",100,1,"A",,"C",0
6759141,"6816","Animalia","Chordata","Mammalia","Carnivora","Felidae","Felis catus","cat",1056,"Linnaeus, 1758",,,False,"II","Australian Wildlife Conservancy data","Australian Wildlife Conservancy data","13-08-2016","13-08-2016","13-08-2016","Brooklyn",-16.499037,145.020298,"GDA2020",100,1,"A",,"C",0
6759163,"6838","Animalia","Chordata","Mammalia","Carnivora","Felidae","Felis catus","cat",1056,"Linnaeus, 1758",,,False,"II","Australian Wildlife Conservancy data","Australian Wildlife Conservancy data","19-08-2016","19-08-2016","19-08-2016","Brooklyn",-16.576186,144.917934,"GDA2020",100,1,"A",,"C",0
6760256,"7950","Animalia","Chordata","Mammalia","Carnivora","Felidae","Felis catus","cat",1056,"Linnaeus, 1758",,,False,"II","Australian Wildlife Conservancy data","Australian Wildlife Conservancy data","02-06-2012","02-06-2012","02-06-2012","Mt Zero-Taravale",-19.054207,146.111878,"GDA2020",100,1,"A",,"C",0
6761724,"9419","Animalia","Chordata","Mammalia","Carnivora","Felidae","Felis catus","cat",1056,"Linnaeus, 1758",,,False,"II","Australian Wildlife Conservancy data","Australian Wildlife Conservancy data","09-05-2016","09-05-2016","09-05-2016","Mt Zero-Taravale",-19.119978,146.170441,"GDA2020",100,1,"A",,"C",0
6761644,"9339","Animalia","Chordata","Mammalia","Carnivora","Felidae","Felis catus","cat",1056,"Linnaeus, 1758",,,False,"II","Australian Wildlife Conservancy data","Australian Wildlife Conservancy data","02-05-2016","02-05-2016","02-05-2016","Mt Zero-Taravale",-19.223998,146.053618,"GDA2020",100,1,"A",,"C",0
6761721,"9416","Animalia","Chordata","Mammalia","Carnivora","Felidae","Felis catus","cat",1056,"Linnaeus, 1758",,,False,"II","Australian Wildlife Conservancy data","Australian Wildlife Conservancy data","09-05-2016","09-05-2016","09-05-2016","Mt Zero-Taravale",-19.192849,146.056238,"GDA2020",100,1,"A",,"C",0
6761722,"9417","Animalia","Chordata","Mammalia","Carnivora","Felidae","Felis catus","cat",1056,"Linnaeus, 1758",,,False,"II","Australian Wildlife Conservancy data","Australian Wildlife Conservancy data","09-05-2016","09-05-2016","09-05-2016","Mt Zero-Taravale",-19.107717,146.186566,"GDA2020",100,1,"A",,"C",0
6761723,"9418","Animalia","Chordata","Mammalia","Carnivora","Felidae","Felis catus","cat",1056,"Linnaeus, 1758",,,False,"II","Australian Wildlife Conservancy data","Australian Wildlife Conservancy data","09-05-2016","09-05-2016","09-05-2016","Mt Zero-Taravale",-19.109374,146.179318,"GDA2020",100,1,"A",,"C",0
6761643,"9338","Animalia","Chordata","Mammalia","Carnivora","Felidae","Felis catus","cat",1056,"Linnaeus, 1758",,,False,"II","Australian Wildlife Conservancy data","Australian Wildlife Conservancy data","02-05-2016","02-05-2016","02-05-2016","Mt Zero-Taravale",-19.228961,146.056413,"GDA2020",100,1,"A",,"C",0
6761830,"9525","Animalia","Chordata","Mammalia","Carnivora","Felidae","Felis catus","cat",1056,"Linnaeus, 1758",,,False,"II","Australian Wildlife Conservancy data","Australian Wildlife Conservancy data","12-05-2016","12-05-2016","12-05-2016","Mt Zero-Taravale",-19.120531,146.178163,"GDA2020",100,1,"A",,"C",0
6763163,"10868","Animalia","Chordata","Mammalia","Carnivora","Felidae","Felis catus","cat",1056,"Linnaeus, 1758",,,False,"II","Australian Wildlife Conservancy data","Australian Wildlife Conservancy data","11-08-2012","11-08-2012","11-08-2012","Piccaninny Plains",-13.195787,142.798808,"GDA2020",100,1,"A",,"C",0
6763230,"10935","Animalia","Chordata","Mammalia","Carnivora","Felidae","Felis catus","cat",1056,"Linnaeus, 1758",,,False,"II","Australian Wildlife Conservancy data","Australian Wildlife Conservancy data","25-08-2012","25-08-2012","25-08-2012","Piccaninny Plains",-12.951397,142.901208,"GDA2020",100,1,"A",,"C",0
6763916,"11621","Animalia","Chordata","Mammalia","Carnivora","Felidae","Felis catus","cat",1056,"Linnaeus, 1758",,,False,"II","Australian Wildlife Conservancy data","Australian Wildlife Conservancy data","17-08-2013","17-08-2013","17-08-2013","Piccaninny Plains",-13.357816,142.525538,"GDA2020",100,1,"A",,"C",0
6761749,"9444","Animalia","Chordata","Mammalia","Carnivora","Felidae","Felis catus","cat",1056,"Linnaeus, 1758",,,False,"II","Australian Wildlife Conservancy data","Australian Wildlife Conservancy data","10-05-2016","10-05-2016","10-05-2016","Mt Zero-Taravale",-19.178431,146.058356,"GDA2020",100,1,"A",,"C",0
6763267,"10972","Animalia","Chordata","Mammalia","Carnivora","Felidae","Felis catus","cat",1056,"Linnaeus, 1758",,,False,"II","Australian Wildlife Conservancy data","Australian Wildlife Conservancy data","27-08-2012","27-08-2012","27-08-2012","Piccaninny Plains",-12.951397,142.901208,"GDA2020",100,1,"A",,"C",0
6763914,"11619","Animalia","Chordata","Mammalia","Carnivora","Felidae","Felis catus","cat",1056,"Linnaeus, 1758",,,False,"II","Australian Wildlife Conservancy data","Australian Wildlife Conservancy data","17-08-2013","17-08-2013","17-08-2013","Piccaninny Plains",-13.385066,142.502958,"GDA2020",100,1,"A",,"C",0
6763915,"11620","Animalia","Chordata","Mammalia","Carnivora","Felidae","Felis catus","cat",1056,"Linnaeus, 1758",,,False,"II","Australian Wildlife Conservancy data","Australian Wildlife Conservancy data","17-08-2013","17-08-2013","17-08-2013","Piccaninny Plains",-13.396746,142.491418,"GDA2020",100,1,"A",,"C",0
6761570,"9265","Animalia","Chordata","Mammalia","Carnivora","Felidae","Felis catus","cat",1056,"Linnaeus, 1758",,,False,"II","Australian Wildlife Conservancy data","Australian Wildlife Conservancy data","09-11-2015","09-11-2015","09-11-2015","Mt Zero-Taravale",-19.042047,146.120818,"GDA2020",100,1,"A",,"C",0
6763479,"11184","Animalia","Chordata","Mammalia","Carnivora","Felidae","Felis catus","cat",1056,"Linnaeus, 1758",,,False,"II","Australian Wildlife Conservancy data","Australian Wildlife Conservancy data","10-08-2013","10-08-2013","10-08-2013","Piccaninny Plains",-13.391912,142.614262,"GDA2020",100,1,"A",,"C",0
6763528,"11233","Animalia","Chordata","Mammalia","Carnivora","Felidae","Felis catus","cat",1056,"Linnaeus, 1758",,,False,"II","Australian Wildlife Conservancy data","Australian Wildlife Conservancy data","13-08-2013","13-08-2013","13-08-2013","Piccaninny Plains",-13.215357,142.596648,"GDA2020",100,1,"A",,"C",0
6763725,"11430","Animalia","Chordata","Mammalia","Carnivora","Felidae","Felis catus","cat",1056,"Linnaeus, 1758",,,False,"II","Australian Wildlife Conservancy data","Australian Wildlife Conservancy data","15-08-2013","15-08-2013","15-08-2013","Piccaninny Plains",-13.420646,142.540498,"GDA2020",100,1,"A",,"C",0
6761619,"9314","Animalia","Chordata","Mammalia","Carnivora","Felidae","Felis catus","cat",1056,"Linnaeus, 1758",,,False,"II","Australian Wildlife Conservancy data","Australian Wildlife Conservancy data","26-04-2016","26-04-2016","26-04-2016","Mt Zero-Taravale",-19.055163,146.089763,"GDA2020",100,1,"A",,"C",0
6763913,"11618","Animalia","Chordata","Mammalia","Carnivora","Felidae","Felis catus","cat",1056,"Linnaeus, 1758",,,False,"II","Australian Wildlife Conservancy data","Australian Wildlife Conservancy data","17-08-2013","17-08-2013","17-08-2013","Piccaninny Plains",-13.385066,142.502958,"GDA2020",100,1,"A",,"C",0
6763943,"11648","Animalia","Chordata","Mammalia","Carnivora","Felidae","Felis catus","cat",1056,"Linnaeus, 1758",,,False,"II","Australian Wildlife Conservancy data","Australian Wildlife Conservancy data","18-08-2013","18-08-2013","18-08-2013","Piccaninny Plains",-13.399926,142.488158,"GDA2020",100,1,"A",,"C",0
6763944,"11649","Animalia","Chordata","Mammalia","Carnivora","Felidae","Felis catus","cat",1056,"Linnaeus, 1758",,,False,"II","Australian Wildlife Conservancy data","Australian Wildlife Conservancy data","18-08-2013","18-08-2013","18-08-2013","Piccaninny Plains",-13.399926,142.488158,"GDA2020",100,1,"A",,"C",0
6763966,"11671","Animalia","Chordata","Mammalia","Carnivora","Felidae","Felis catus","cat",1056,"Linnaeus, 1758",,,False,"II","Australian Wildlife Conservancy data","Australian Wildlife Conservancy data","19-08-2013","19-08-2013","19-08-2013","Piccaninny Plains",-13.420366,142.524818,"GDA2020",100,1,"A",,"C",0
6763967,"11672","Animalia","Chordata","Mammalia","Carnivora","Felidae","Felis catus","cat",1056,"Linnaeus, 1758",,,False,"II","Australian Wildlife Conservancy data","Australian Wildlife Conservancy data","19-08-2013","19-08-2013","19-08-2013","Piccaninny Plains",-13.389216,142.504778,"GDA2020",100,1,"A",,"C",0
6764214,"11919","Animalia","Chordata","Mammalia","Carnivora","Felidae","Felis catus","cat",1056,"Linnaeus, 1758",,,False,"II","Australian Wildlife Conservancy data","Australian Wildlife Conservancy data","09-08-2014","09-08-2014","09-08-2014","Piccaninny Plains",-13.392816,142.506848,"GDA2020",100,1,"A",,"C",0
6764035,"11740","Animalia","Chordata","Mammalia","Carnivora","Felidae","Felis catus","cat",1056,"Linnaeus, 1758",,,False,"II","Australian Wildlife Conservancy data","Australian Wildlife Conservancy data","06-08-2014","06-08-2014","06-08-2014","Piccaninny Plains",-13.403976,142.486418,"GDA2020",100,1,"A",,"C",0
6764619,"12325","Animalia","Chordata","Mammalia","Carnivora","Felidae","Felis catus","cat",1056,"Linnaeus, 1758",,,False,"II","Australian Wildlife Conservancy data","Australian Wildlife Conservancy data","22-08-2015","22-08-2015","22-08-2015","Piccaninny Plains",-13.124997,142.782008,"GDA2020",100,1,"A",,"C",0
6764620,"12326","Animalia","Chordata","Mammalia","Carnivora","Felidae","Felis catus","cat",1056,"Linnaeus, 1758",,,False,"II","Australian Wildlife Conservancy data","Australian Wildlife Conservancy data","22-08-2015","22-08-2015","22-08-2015","Piccaninny Plains",-13.146797,142.767108,"GDA2020",100,1,"A",,"C",0
6764623,"12329","Animalia","Chordata","Mammalia","Carnivora","Felidae","Felis catus","cat",1056,"Linnaeus, 1758",,,False,"II","Australian Wildlife Conservancy data","Australian Wildlife Conservancy data","22-08-2015","22-08-2015","22-08-2015","Piccaninny Plains",-13.124997,142.782008,"GDA2020",100,1,"A",,"C",0
6764624,"12330","Animalia","Chordata","Mammalia","Carnivora","Felidae","Felis catus","cat",1056,"Linnaeus, 1758",,,False,"II","Australian Wildlife Conservancy data","Australian Wildlife Conservancy data","22-08-2015","22-08-2015","22-08-2015","Piccaninny Plains",-13.124997,142.782008,"GDA2020",100,1,"A",,"C",0
6764625,"12331","Animalia","Chordata","Mammalia","Carnivora","Felidae","Felis catus","cat",1056,"Linnaeus, 1758",,,False,"II","Australian Wildlife Conservancy data","Australian Wildlife Conservancy data","22-08-2015","22-08-2015","22-08-2015","Piccaninny Plains",-13.146797,142.767108,"GDA2020",100,1,"A",,"C",0
6764355,"12060","Animalia","Chordata","Mammalia","Carnivora","Felidae","Felis catus","cat",1056,"Linnaeus, 1758",,,False,"II","Australian Wildlife Conservancy data","Australian Wildlife Conservancy data","11-08-2014","11-08-2014","11-08-2014","Piccaninny Plains",-13.423576,142.528028,"GDA2020",100,1,"A",,"C",0
6764356,"12061","Animalia","Chordata","Mammalia","Carnivora","Felidae","Felis catus","cat",1056,"Linnaeus, 1758",,,False,"II","Australian Wildlife Conservancy data","Australian Wildlife Conservancy data","11-08-2014","11-08-2014","11-08-2014","Piccaninny Plains",-13.408336,142.510618,"GDA2020",100,1,"A",,"C",0
6764388,"12093","Animalia","Chordata","Mammalia","Carnivora","Felidae","Felis catus","cat",1056,"Linnaeus, 1758",,,False,"II","Australian Wildlife Conservancy data","Australian Wildlife Conservancy data","12-08-2014","12-08-2014","12-08-2014","Piccaninny Plains",-13.410136,142.513308,"GDA2020",100,1,"A",,"C",0
6764389,"12094","Animalia","Chordata","Mammalia","Carnivora","Felidae","Felis catus","cat",1056,"Linnaeus, 1758",,,False,"II","Australian Wildlife Conservancy data","Australian Wildlife Conservancy data","12-08-2014","12-08-2014","12-08-2014","Piccaninny Plains",-13.405476,142.507608,"GDA2020",100,1,"A",,"C",0
6764618,"12324","Animalia","Chordata","Mammalia","Carnivora","Felidae","Felis catus","cat",1056,"Linnaeus, 1758",,,False,"II","Australian Wildlife Conservancy data","Australian Wildlife Conservancy data","22-08-2015","22-08-2015","22-08-2015","Piccaninny Plains",-13.195787,142.798808,"GDA2020",100,1,"A",,"C",0
6765147,"12854","Animalia","Chordata","Mammalia","Carnivora","Felidae","Felis catus","cat",1056,"Linnaeus, 1758",,,False,"II","Australian Wildlife Conservancy data","Australian Wildlife Conservancy data","13-09-2015","13-09-2015","13-09-2015","Piccaninny Plains",-13.001076,142.817234,"GDA2020",100,1,"A",,"C",0
6765202,"12909","Animalia","Chordata","Mammalia","Carnivora","Felidae","Felis catus","cat",1056,"Linnaeus, 1758",,,False,"II","Australian Wildlife Conservancy data","Australian Wildlife Conservancy data","16-09-2015","16-09-2015","16-09-2015","Piccaninny Plains",-12.958787,142.881598,"GDA2020",100,1,"A",,"C",0
6765203,"12910","Animalia","Chordata","Mammalia","Carnivora","Felidae","Felis catus","cat",1056,"Linnaeus, 1758",,,False,"II","Australian Wildlife Conservancy data","Australian Wildlife Conservancy data","16-09-2015","16-09-2015","16-09-2015","Piccaninny Plains",-12.958787,142.881598,"GDA2020",100,1,"A",,"C",0
6765268,"12975","Animalia","Chordata","Mammalia","Carnivora","Felidae","Felis catus","cat",1056,"Linnaeus, 1758",,,False,"II","Australian Wildlife Conservancy data","Australian Wildlife Conservancy data","11-06-2016","11-06-2016","11-06-2016","Piccaninny Plains",-13.100177,142.803208,"GDA2020",100,1,"A",,"C",0
6765522,"13225","Animalia","Chordata","Mammalia","Carnivora","Felidae","Felis catus","cat",1056,"Linnaeus, 1758",,,False,"II","Australian Wildlife Conservancy data","Australian Wildlife Conservancy data","18-10-2016","18-10-2016","18-10-2016","Piccaninny Plains",-12.948727,142.891568,"GDA2020",100,1,"A",,"C",0
6765741,"13444","Animalia","Chordata","Mammalia","Carnivora","Felidae","Felis catus","cat",1056,"Linnaeus, 1758",,,False,"II","Australian Wildlife Conservancy data","Australian Wildlife Conservancy data","01-11-2016","01-11-2016","01-11-2016","Piccaninny Plains",-13.412197,142.683278,"GDA2020",100,1,"A",,"C",0
6765823,"13526","Animalia","Chordata","Mammalia","Carnivora","Felidae","Felis catus","cat",1056,"Linnaeus, 1758",,,False,"II","Australian Wildlife Conservancy data","Australian Wildlife Conservancy data","25-05-2006","25-05-2006","25-05-2006","Brooklyn",-16.508171,145.055740,"GDA2020",100,1,"A",,"C",0
6765824,"13527","Animalia","Chordata","Mammalia","Carnivora","Felidae","Felis catus","cat",1056,"Linnaeus, 1758",,,False,"II","Australian Wildlife Conservancy data","Australian Wildlife Conservancy data","25-05-2006","25-05-2006","25-05-2006","Brooklyn",-16.562127,145.220868,"GDA2020",100,1,"A",,"C",0
6765491,"13199","Animalia","Chordata","Mammalia","Carnivora","Felidae","Felis catus","cat",1056,"Linnaeus, 1758",,,False,"II","Australian Wildlife Conservancy data","Australian Wildlife Conservancy data","17-10-2016","17-10-2016","17-10-2016","Piccaninny Plains",-12.984127,142.753368,"GDA2020",100,1,"A",,"C",0
6765569,"13272","Animalia","Chordata","Mammalia","Carnivora","Felidae","Felis catus","cat",1056,"Linnaeus, 1758",,,False,"II","Australian Wildlife Conservancy data","Australian Wildlife Conservancy data","21-10-2016","21-10-2016","21-10-2016","Piccaninny Plains",-12.994937,142.754048,"GDA2020",100,1,"A",,"C",0
6766030,"13734","Animalia","Chordata","Mammalia","Carnivora","Felidae","Felis catus","cat",1056,"Linnaeus, 1758",,,False,"II","Australian Wildlife Conservancy data","Australian Wildlife Conservancy data","17-08-2009","17-08-2009","17-08-2009","Piccaninny Plains",-13.000184,142.873060,"GDA2020",100,1,"A",,"C",0
6766045,"13749","Animalia","Chordata","Mammalia","Carnivora","Felidae","Felis catus","cat",1056,"Linnaeus, 1758",,,False,"II","Australian Wildlife Conservancy data","Australian Wildlife Conservancy data","19-04-2010","19-04-2010","19-04-2010","Brooklyn",-16.597867,145.205998,"GDA2020",100,1,"A",,"C",0
6766046,"13750","Animalia","Chordata","Mammalia","Carnivora","Felidae","Felis catus","cat",1056,"Linnaeus, 1758",,,False,"II","Australian Wildlife Conservancy data","Australian Wildlife Conservancy data","19-04-2010","19-04-2010","19-04-2010","Brooklyn",-16.591027,145.217418,"GDA2020",100,1,"A",,"C",0
6766357,"14066","Animalia","Chordata","Mammalia","Carnivora","Felidae","Felis catus","cat",1056,"Linnaeus, 1758",,,False,"II","Australian Wildlife Conservancy data","Australian Wildlife Conservancy data","30-04-2012","30-04-2012","30-04-2012","Mt Zero-Taravale",-19.205742,145.926774,"GDA2020",100,1,"A",,"C",0
6765965,"13669","Animalia","Chordata","Mammalia","Carnivora","Felidae","Felis catus","cat",1056,"Linnaeus, 1758",,,False,"II","Australian Wildlife Conservancy data","Australian Wildlife Conservancy data","30-10-2008","30-10-2008","30-10-2008","Piccaninny Plains",-13.392127,142.615508,"GDA2020",100,1,"A",,"C",0
6766047,"13751","Animalia","Chordata","Mammalia","Carnivora","Felidae","Felis catus","cat",1056,"Linnaeus, 1758",,,False,"II","Australian Wildlife Conservancy data","Australian Wildlife Conservancy data","19-04-2010","19-04-2010","19-04-2010","Brooklyn",-16.579987,145.190008,"GDA2020",100,6,"A",,"C",0
6766367,"14076","Animalia","Chordata","Mammalia","Carnivora","Felidae","Felis catus","cat",1056,"Linnaeus, 1758",,,False,"II","Australian Wildlife Conservancy data","Australian Wildlife Conservancy data","07-05-2012","07-05-2012","07-05-2012","Mt Zero-Taravale",-19.194767,145.929218,"GDA2020",100,1,"A",,"C",0
6765770,"13473","Animalia","Chordata","Mammalia","Carnivora","Felidae","Felis catus","cat",1056,"Linnaeus, 1758",,,False,"II","Australian Wildlife Conservancy data","Australian Wildlife Conservancy data","07-11-2016","07-11-2016","07-11-2016","Piccaninny Plains",-13.387029,142.503430,"GDA2020",100,1,"A",,"C",0
6766297,"14006","Animalia","Chordata","Mammalia","Carnivora","Felidae","Felis catus","cat",1056,"Linnaeus, 1758",,,False,"II","Australian Wildlife Conservancy data","Australian Wildlife Conservancy data","13-08-2011","13-08-2011","13-08-2011","Piccaninny Plains",-13.394777,142.824718,"GDA2020",100,1,"A",,"C",0
6766346,"14055","Animalia","Chordata","Mammalia","Carnivora","Felidae","Felis catus","cat",1056,"Linnaeus, 1758",,,False,"II","Australian Wildlife Conservancy data","Australian Wildlife Conservancy data","26-03-2012","26-03-2012","26-03-2012","Bowra",-27.985777,145.526307,"GDA2020",100,1,"A",,"C",0
6766189,"13894","Animalia","Chordata","Mammalia","Carnivora","Felidae","Felis catus","cat",1056,"Linnaeus, 1758",,,False,"II","Australian Wildlife Conservancy data","Australian Wildlife Conservancy data","03-02-2011","03-02-2011","03-02-2011","Piccaninny Plains",-13.097527,142.802898,"GDA2020",100,1,"A",,"C",0
6766430,"14139","Animalia","Chordata","Mammalia","Carnivora","Felidae","Felis catus","cat",1056,"Linnaeus, 1758",,,False,"II","Australian Wildlife Conservancy data","Australian Wildlife Conservancy data","06-09-2012","06-09-2012","06-09-2012","Piccaninny Plains",-13.363037,142.642151,"GDA2020",100,7,"A",,"C",0
6766503,"14212","Animalia","Chordata","Mammalia","Carnivora","Felidae","Felis catus","cat",1056,"Linnaeus, 1758",,,False,"II","Australian Wildlife Conservancy data","Australian Wildlife Conservancy data","06-08-2013","06-08-2013","06-08-2013","Piccaninny Plains",-13.148147,142.787408,"GDA2020",100,1,"A",,"C",0
6766504,"14213","Animalia","Chordata","Mammalia","Carnivora","Felidae","Felis catus","cat",1056,"Linnaeus, 1758",,,False,"II","Australian Wildlife Conservancy data","Australian Wildlife Conservancy data","06-08-2013","06-08-2013","06-08-2013","Piccaninny Plains",-13.153367,142.788568,"GDA2020",100,1,"A",,"C",0
6766534,"14243","Animalia","Chordata","Mammalia","Carnivora","Felidae","Felis catus","cat",1056,"Linnaeus, 1758",,,False,"II","Australian Wildlife Conservancy data","Australian Wildlife Conservancy data","13-08-2013","13-08-2013","13-08-2013","Piccaninny Plains",-13.427326,142.537068,"GDA2020",100,1,"A",,"C",0
6768211,"15958","Animalia","Chordata","Mammalia","Carnivora","Felidae","Felis catus","cat",1056,"Linnaeus, 1758",,,False,"II","Australian Wildlife Conservancy data","Australian Wildlife Conservancy data","01-11-2016","01-11-2016","01-11-2016","Piccaninny Plains",-13.334717,142.615472,"GDA2020",100,1,"A",,"C",0
6758157,"5787","Animalia","Chordata","Mammalia","Carnivora","Felidae","Felis catus","cat",1056,"Linnaeus, 1758",,,False,"II","Australian Wildlife Conservancy data","Australian Wildlife Conservancy data","28-09-2009","28-09-2009","28-09-2009","Brooklyn",-16.645369,145.262726,"GDA2020",100,1,"A",,"C",0
6766972,"14711","Animalia","Chordata","Mammalia","Carnivora","Felidae","Felis catus","cat",1056,"Linnaeus, 1758",,,False,"II","Australian Wildlife Conservancy data","Australian Wildlife Conservancy data","27-11-2013","27-11-2013","27-11-2013","Brooklyn",-16.597398,145.206701,"GDA2020",100,1,"A",,"C",0
6766975,"14714","Animalia","Chordata","Mammalia","Carnivora","Felidae","Felis catus","cat",1056,"Linnaeus, 1758",,,False,"II","Australian Wildlife Conservancy data","Australian Wildlife Conservancy data","28-11-2013","28-11-2013","28-11-2013","Brooklyn",-16.641157,145.240419,"GDA2020",100,1,"A",,"C",0
6767189,"14928","Animalia","Chordata","Mammalia","Carnivora","Felidae","Felis catus","cat",1056,"Linnaeus, 1758",,,False,"II","Australian Wildlife Conservancy data","Australian Wildlife Conservancy data","09-08-2014","09-08-2014","09-08-2014","Piccaninny Plains",-13.019777,142.879008,"GDA2020",100,2,"A",,"C",0
6755356,"3066","Animalia","Chordata","Mammalia","Carnivora","Felidae","Felis catus","cat",1056,"Linnaeus, 1758",,,False,"II","Australian Wildlife Conservancy data","Australian Wildlife Conservancy data","12-10-2014","12-10-2014","12-10-2014","Bowra",-28.020827,145.566127,"GDA2020",100,1,"A",,"C",0
6758824,"6499","Animalia","Chordata","Mammalia","Carnivora","Felidae","Felis catus","cat",1056,"Linnaeus, 1758",,,False,"II","Australian Wildlife Conservancy data","Australian Wildlife Conservancy data","30-09-2014","30-09-2014","30-09-2014","Brooklyn",-16.670074,145.242631,"GDA2020",100,1,"A",,"C",0
6756795,"4495","Animalia","Chordata","Mammalia","Carnivora","Felidae","Felis catus","cat",1056,"Linnaeus, 1758",,,False,"II","Australian Wildlife Conservancy data","Australian Wildlife Conservancy data","19-03-2012","19-03-2012","19-03-2012","Bowra",-27.966307,145.591407,"GDA2020",100,1,"A",,"C",0
6758856,"6531","Animalia","Chordata","Mammalia","Carnivora","Felidae","Felis catus","cat",1056,"Linnaeus, 1758",,,False,"II","Australian Wildlife Conservancy data","Australian Wildlife Conservancy data","25-11-2014","25-11-2014","25-11-2014","Brooklyn",-16.667800,145.226305,"GDA2020",100,1,"A",,"C",0
6758857,"6532","Animalia","Chordata","Mammalia","Carnivora","Felidae","Felis catus","cat",1056,"Linnaeus, 1758",,,False,"II","Australian Wildlife Conservancy data","Australian Wildlife Conservancy data","25-11-2014","25-11-2014","25-11-2014","Brooklyn",-16.667949,145.226951,"GDA2020",100,1,"A",,"C",0
6758858,"6533","Animalia","Chordata","Mammalia","Carnivora","Felidae","Felis catus","cat",1056,"Linnaeus, 1758",,,False,"II","Australian Wildlife Conservancy data","Australian Wildlife Conservancy data","25-11-2014","25-11-2014","25-11-2014","Brooklyn",-16.668194,145.227682,"GDA2020",100,1,"A",,"C",0
6768063,"15809","Animalia","Chordata","Mammalia","Carnivora","Felidae","Felis catus","cat",1056,"Linnaeus, 1758",,,False,"II","Australian Wildlife Conservancy data","Australian Wildlife Conservancy data","13-06-2016","13-06-2016","13-06-2016","Piccaninny Plains",-13.097787,142.818318,"GDA2020",100,1,"A",,"C",0
6767476,"15215","Animalia","Chordata","Mammalia","Carnivora","Felidae","Felis catus","cat",1056,"Linnaeus, 1758",,,False,"II","Australian Wildlife Conservancy data","Australian Wildlife Conservancy data","10-09-2014","10-09-2014","10-09-2014","Brooklyn",-16.509016,145.048910,"GDA2020",100,1,"A",,"C",0
6767682,"15422","Animalia","Chordata","Mammalia","Carnivora","Felidae","Felis catus","cat",1056,"Linnaeus, 1758",,,False,"II","Australian Wildlife Conservancy data","Australian Wildlife Conservancy data","11-10-2014","11-10-2014","11-10-2014","Bowra",-27.977637,145.592587,"GDA2020",100,1,"A",,"C",0
6767697,"15437","Animalia","Chordata","Mammalia","Carnivora","Felidae","Felis catus","cat",1056,"Linnaeus, 1758",,,False,"II","Australian Wildlife Conservancy data","Australian Wildlife Conservancy data","17-10-2014","17-10-2014","17-10-2014","Bowra",-27.980467,145.593137,"GDA2020",100,1,"A",,"C",0
6761933,"9628","Animalia","Chordata","Mammalia","Carnivora","Felidae","Felis catus","cat",1056,"Linnaeus, 1758",,,False,"II","Australian Wildlife Conservancy data","Australian Wildlife Conservancy data","17-05-2016","17-05-2016","17-05-2016","Mt Zero-Taravale",-19.198063,146.055578,"GDA2020",100,1,"A",,"C",0
6761932,"9627","Animalia","Chordata","Mammalia","Carnivora","Felidae","Felis catus","cat",1056,"Linnaeus, 1758",,,False,"II","Australian Wildlife Conservancy data","Australian Wildlife Conservancy data","17-05-2016","17-05-2016","17-05-2016","Mt Zero-Taravale",-19.209529,146.052632,"GDA2020",100,1,"A",,"C",0
6761931,"9626","Animalia","Chordata","Mammalia","Carnivora","Felidae","Felis catus","cat",1056,"Linnaeus, 1758",,,False,"II","Australian Wildlife Conservancy data","Australian Wildlife Conservancy data","17-05-2016","17-05-2016","17-05-2016","Mt Zero-Taravale",-19.214042,146.053960,"GDA2020",100,1,"A",,"C",0
6762220,"9925","Animalia","Chordata","Mammalia","Carnivora","Felidae","Felis catus","cat",1056,"Linnaeus, 1758",,,False,"II","Australian Wildlife Conservancy data","Australian Wildlife Conservancy data","02-06-2016","02-06-2016","02-06-2016","Mt Zero-Taravale",-19.203877,146.066648,"GDA2020",100,1,"A",,"C",0
6762221,"9926","Animalia","Chordata","Mammalia","Carnivora","Felidae","Felis catus","cat",1056,"Linnaeus, 1758",,,False,"II","Australian Wildlife Conservancy data","Australian Wildlife Conservancy data","02-06-2016","02-06-2016","02-06-2016","Mt Zero-Taravale",-19.203877,146.066648,"GDA2020",100,1,"A",,"C",0
6762226,"9931","Animalia","Chordata","Mammalia","Carnivora","Felidae","Felis catus","cat",1056,"Linnaeus, 1758",,,False,"II","Australian Wildlife Conservancy data","Australian Wildlife Conservancy data","03-06-2016","03-06-2016","03-06-2016","Mt Zero-Taravale",-19.102606,146.187260,"GDA2020",100,1,"A",,"C",0
6762236,"9941","Animalia","Chordata","Mammalia","Carnivora","Felidae","Felis catus","cat",1056,"Linnaeus, 1758",,,False,"II","Australian Wildlife Conservancy data","Australian Wildlife Conservancy data","05-06-2016","05-06-2016","05-06-2016","Mt Zero-Taravale",-19.107161,146.182565,"GDA2020",100,1,"A",,"C",0
6762237,"9942","Animalia","Chordata","Mammalia","Carnivora","Felidae","Felis catus","cat",1056,"Linnaeus, 1758",,,False,"II","Australian Wildlife Conservancy data","Australian Wildlife Conservancy data","05-06-2016","05-06-2016","05-06-2016","Mt Zero-Taravale",-19.176337,146.017308,"GDA2020",100,1,"A",,"C",0
7030617,"9975","Animalia","Chordata","Mammalia","Carnivora","Felidae","Felis catus","cat",1056,"Linnaeus, 1758",,,False,"II","Rod Hobson's wildlife data","Rod Hobson's incidental records","19-12-2020","19-12-2020","19-12-2020","powerline easement, Doctors Creek, Jondaryan SEQ",-27.385627,151.618086,"GDA2020",200,,,,"C",0
6762011,"9716","Animalia","Chordata","Mammalia","Carnivora","Felidae","Felis catus","cat",1056,"Linnaeus, 1758",,,False,"II","Australian Wildlife Conservancy data","Australian Wildlife Conservancy data","22-05-2016","22-05-2016","22-05-2016","Mt Zero-Taravale",-19.233222,146.053173,"GDA2020",100,1,"A",,"C",0
7085505,"10660","Animalia","Chordata","Mammalia","Carnivora","Felidae","Felis catus","cat",1056,"Linnaeus, 1758",,,False,"II","Rod Hobson's wildlife data","Rod Hobson's incidental records","27-04-2021","27-04-2021","27-04-2021","McIntyre-Yargullen Road, Jondaryan SEQ",-27.468941,151.616404,"GDA2020",200,1,"A",,"C",0
7148747,,"Animalia","Chordata","Mammalia","Carnivora","Felidae","Felis catus","cat",1056,"Linnaeus, 1758",,,False,"II","Bushfire Recovery Project","Camera trapping - threatened species bushfire project","10-09-2020","03-12-2020","10-09-2020","Headwaters of the northern branch of Teviot Brook, 1.3km north of Teviot Falls, upstream of the crossing of the old logging track (Brett Rd), Main Range National Park, SEQ.",-28.215571,152.482756,"GDA2020",50,1,"A",,"C",0
7148770,,"Animalia","Chordata","Mammalia","Carnivora","Felidae","Felis catus","cat",1056,"Linnaeus, 1758",,,False,"II","Bushfire Recovery Project","Camera trapping - threatened species bushfire project","28-01-2021","29-04-2021","28-01-2021","Top of Laheys Tabletop, beyond the end of the private track, Lamington National Park, SEQ.",-28.170148,153.156371,"GDA2020",25,1,"A",,"C",0
7148786,,"Animalia","Chordata","Mammalia","Carnivora","Felidae","Felis catus","cat",1056,"Linnaeus, 1758",,,False,"II","Bushfire Recovery Project","Camera trapping - threatened species bushfire project","28-01-2021","29-04-2021","28-01-2021","Top of Laheys Tabletop, along the escarpment overlooking the Coomera River, Lamington National Park, SEQ.",-28.166273,153.157659,"GDA2020",25,1,"A",,"C",0
7148812,,"Animalia","Chordata","Mammalia","Carnivora","Felidae","Felis catus","cat",1056,"Linnaeus, 1758",,,False,"II","Bushfire Recovery Project","Camera trapping - threatened species bushfire project","08-09-2020","18-05-2021","08-09-2020","Headwater drainage line in the southern catchment of White Water Gully, about 800m north-east of the highest point on Drummer Break, south-west of Mount Ballow, Mount Barney National Park, SEQ.",-28.280071,152.599062,"GDA2020",50,1,"A",,"C",0
7148839,,"Animalia","Chordata","Mammalia","Carnivora","Felidae","Felis catus","cat",1056,"Linnaeus, 1758",,,False,"II","Bushfire Recovery Project","Camera trapping - threatened species bushfire project","08-09-2020","15-05-2021","08-09-2020","Westerly facing ridge in the southern White Water Gully catchment, about 1.5km south-west of Mount Ballow, Mount Barney National Park, SEQ.",-28.278487,152.602228,"GDA2020",50,2,"A",,"C",0
7148851,,"Animalia","Chordata","Mammalia","Carnivora","Felidae","Felis catus","cat",1056,"Linnaeus, 1758",,,False,"II","Bushfire Recovery Project","Camera trapping - threatened species bushfire project","08-09-2020","18-05-2021","08-09-2020","Main ridge forming the Qld-NSW border, about 1.1km south-west of Mount Ballow, Mount Nothofagus National Park, NENSW.",-28.277474,152.607776,"GDA2020",50,2,"A",,"C",0
7148870,,"Animalia","Chordata","Mammalia","Carnivora","Felidae","Felis catus","cat",1056,"Linnaeus, 1758",,,False,"II","Bushfire Recovery Project","Camera trapping - threatened species bushfire project","08-09-2020","18-05-2021","08-09-2020","Main ridge forming the Qld-NSW border, east of the top of Drummer Break, about 2.1km south-west of Mount Ballow, Mount Nothofagus National Park, NENSW.",-28.284177,152.600032,"GDA2020",50,2,"A",,"C",0
7148897,,"Animalia","Chordata","Mammalia","Carnivora","Felidae","Felis catus","cat",1056,"Linnaeus, 1758",,,False,"II","Bushfire Recovery Project","Camera trapping - threatened species bushfire project","09-09-2020","05-11-2020","09-09-2020","Top of a small north facing escarpment on a westerly ridge, 450m north of the uppermost part of Drummer Break, Mount Barney National Park, SEQ.",-28.282241,152.595634,"GDA2020",50,2,"A",,"C",0
7148916,,"Animalia","Chordata","Mammalia","Carnivora","Felidae","Felis catus","cat",1056,"Linnaeus, 1758",,,False,"II","Bushfire Recovery Project","Camera trapping - threatened species bushfire project","05-11-2020","18-05-2021","05-11-2020","Top of a small north facing escarpment on a westerly ridge, 450m north of the uppermost part of Drummer Break, Mount Barney National Park, SEQ.",-28.282241,152.595634,"GDA2020",50,2,"A",,"C",0
7148965,,"Animalia","Chordata","Mammalia","Carnivora","Felidae","Felis catus","cat",1056,"Linnaeus, 1758",,,False,"II","Bushfire Recovery Project","Camera trapping - threatened species bushfire project","09-09-2020","06-10-2020","09-09-2020","Drummer Break, about 1 km from the top, Mount Barney National Park, SEQ.",-28.287378,152.583826,"GDA2020",50,1,"A",,"C",0
7148977,,"Animalia","Chordata","Mammalia","Carnivora","Felidae","Felis catus","cat",1056,"Linnaeus, 1758",,,False,"II","Bushfire Recovery Project","Camera trapping - threatened species bushfire project","09-09-2020","24-09-2020","09-09-2020","Drummer Break, about 1.8km from the top, Mount Barney National Park, SEQ.",-28.283299,152.578264,"GDA2020",50,1,"A",,"C",0
7148985,,"Animalia","Chordata","Mammalia","Carnivora","Felidae","Felis catus","cat",1056,"Linnaeus, 1758",,,False,"II","Bushfire Recovery Project","Camera trapping - threatened species bushfire project","09-09-2020","05-11-2020","09-09-2020","Eastern branch of Burnett Creek, about 300m upstream of the top crossing of Burnett Creek Road, about 1.7km south-west of Bald Knob, Mount Barney National Park, SEQ.",-28.312465,152.563961,"GDA2020",50,1,"A",,"C",0
7148989,,"Animalia","Chordata","Mammalia","Carnivora","Felidae","Felis catus","cat",1056,"Linnaeus, 1758",,,False,"II","Bushfire Recovery Project","Camera trapping - threatened species bushfire project","09-09-2020","31-10-2020","09-09-2020","Falls Break, 50m from Burnett Creek Road, about 1.7km west-south-west of Bald Knob, Mount Barney National Park, SEQ.",-28.309231,152.563454,"GDA2020",50,4,"A",,"C",0
7149000,,"Animalia","Chordata","Mammalia","Carnivora","Felidae","Felis catus","cat",1056,"Linnaeus, 1758",,,False,"II","Bushfire Recovery Project","Camera trapping - threatened species bushfire project","05-11-2020","20-12-2020","05-11-2020","Falls Break, 50m from Burnett Creek Road, about 1.7km west-south-west of Bald Knob, Mount Barney National Park, SEQ.",-28.309231,152.563454,"GDA2020",50,5,"A",,"C",0
7149086,,"Animalia","Chordata","Mammalia","Carnivora","Felidae","Felis catus","cat",1056,"Linnaeus, 1758",,,False,"II","Bushfire Recovery Project","Camera trapping - threatened species bushfire project","10-09-2020","03-12-2020","10-09-2020","Headwaters of the northern branch of Teviot Brook, 975m north-west of Teviot Falls, upstream of the crossing of the old logging track (Brett Rd), Main Range National Park, SEQ.",-28.220487,152.477006,"GDA2020",50,1,"A",,"C",0
7149102,,"Animalia","Chordata","Mammalia","Carnivora","Felidae","Felis catus","cat",1056,"Linnaeus, 1758",,,False,"II","Bushfire Recovery Project","Camera trapping - threatened species bushfire project","14-09-2020","02-11-2020","14-09-2020","Head of the main branch of Gap Creek West, at Bare Rock Walking Track switch-back, 650m north-west of Mount Cordeaux, Main Range National Park, SEQ.",-28.038460,152.387784,"GDA2020",50,1,"A",,"C",0
7149119,,"Animalia","Chordata","Mammalia","Carnivora","Felidae","Felis catus","cat",1056,"Linnaeus, 1758",,,False,"II","Bushfire Recovery Project","Camera trapping - threatened species bushfire project","02-11-2020","03-12-2020","02-11-2020","Head of the main branch of Gap Creek West, at Bare Rock Walking Track switch-back, 650m north-west of Mount Cordeaux, Main Range National Park, SEQ.",-28.038460,152.387784,"GDA2020",50,1,"A",,"C",0
7149138,,"Animalia","Chordata","Mammalia","Carnivora","Felidae","Felis catus","cat",1056,"Linnaeus, 1758",,,False,"II","Bushfire Recovery Project","Camera trapping - threatened species bushfire project","14-09-2020","02-11-2020","14-09-2020","Head of Gap Creek East in rainforest, about 750m south of the crest carpark along Mount Mitchell Walking track, Cunninghams Gap, Main Range National Park, SEQ.",-28.054404,152.395450,"GDA2020",50,1,"A",,"C",0
7149187,,"Animalia","Chordata","Mammalia","Carnivora","Felidae","Felis catus","cat",1056,"Linnaeus, 1758",,,False,"II","Bushfire Recovery Project","Camera trapping - threatened species bushfire project","15-09-2020","03-12-2020","15-09-2020","Headwater of a westerly flowing tributary of Blackfellow Creek, west of the Winder Track, Mount Mistake section, Main Range National Park, SEQ.",-27.952348,152.363756,"GDA2020",50,1,"A",,"C",0
7149199,,"Animalia","Chordata","Mammalia","Carnivora","Felidae","Felis catus","cat",1056,"Linnaeus, 1758",,,False,"II","Bushfire Recovery Project","Camera trapping - threatened species bushfire project","15-09-2020","03-12-2020","15-09-2020","Winder Track about 1.8km northwest of the locked gate at the end of Lookout Road, Mount Mistake section, Main Range National Park, SEQ.",-27.954320,152.366641,"GDA2020",50,1,"A",,"C",0
7149213,,"Animalia","Chordata","Mammalia","Carnivora","Felidae","Felis catus","cat",1056,"Linnaeus, 1758",,,False,"II","Bushfire Recovery Project","Camera trapping - threatened species bushfire project","15-09-2020","03-12-2020","15-09-2020","Headwater of a northerly flowing tributary of Blackfellow Creek, north of Mount Castle West Fire Break, Mount Mistake section, Main Range National Park, SEQ.",-27.959932,152.359228,"GDA2020",50,1,"A",,"C",0
7149235,,"Animalia","Chordata","Mammalia","Carnivora","Felidae","Felis catus","cat",1056,"Linnaeus, 1758",,,False,"II","Bushfire Recovery Project","Camera trapping - threatened species bushfire project","16-09-2020","02-02-2021","16-09-2020","Shallow drainage line in the headwaters of Cryptocarya Creek, on western side of the Lincoln Walking Trail, about 2.6km west of Mount Superbus, Main Range National Park, SEQ.",-28.231033,152.437603,"GDA2020",50,3,"A",,"C",0
7149258,,"Animalia","Chordata","Mammalia","Carnivora","Felidae","Felis catus","cat",1056,"Linnaeus, 1758",,,False,"II","Bushfire Recovery Project","Camera trapping - threatened species bushfire project","16-09-2020","02-02-2021","16-09-2020","Headwaters of the Western Branch of Condamine River, where crossed by the Lincoln Bomber Walking Trail, about 2.3km south-west of Mount Superbus, Main Range National Park, SEQ.",-28.232821,152.443006,"GDA2020",50,2,"A",,"C",0
7149269,,"Animalia","Chordata","Mammalia","Carnivora","Felidae","Felis catus","cat",1056,"Linnaeus, 1758",,,False,"II","Bushfire Recovery Project","Camera trapping - threatened species bushfire project","16-09-2020","02-02-2021","16-09-2020","Southerly flowing tributary of Emu Creek South Branch, near the junction with Menura Creek, about 900m south-east of The Stern, Main Range National Park, SEQ.",-28.203265,152.453339,"GDA2020",50,3,"A",,"C",0
7149286,,"Animalia","Chordata","Mammalia","Carnivora","Felidae","Felis catus","cat",1056,"Linnaeus, 1758",,,False,"II","Bushfire Recovery Project","Camera trapping - threatened species bushfire project","16-09-2020","02-02-2021","16-09-2020","North bank of the South Branch of Emu Creek, near the confluence with Menura Creek, about 700m south-east of The Stern, Main Range National Park, SEQ.",-28.204113,152.450399,"GDA2020",50,2,"A",,"C",0
7149296,,"Animalia","Chordata","Mammalia","Carnivora","Felidae","Felis catus","cat",1056,"Linnaeus, 1758",,,False,"II","Bushfire Recovery Project","Camera trapping - threatened species bushfire project","17-09-2020","22-12-2020","17-09-2020","North bank of Steamer Creek, 850m north-west of The Funnel, Main Range National Park, SEQ.",-28.199093,152.423730,"GDA2020",50,1,"A",,"C",0
7149312,,"Animalia","Chordata","Mammalia","Carnivora","Felidae","Felis catus","cat",1056,"Linnaeus, 1758",,,False,"II","Bushfire Recovery Project","Camera trapping - threatened species bushfire project","16-09-2020","15-12-2020","16-09-2020","Northerly flowing tributary of Emu Creek South Branch, near the junction with Menura Creek, about 800m south-south-east of The Stern, Main Range National Park, SEQ.",-28.205043,152.449450,"GDA2020",50,1,"A",,"C",0
7149330,,"Animalia","Chordata","Mammalia","Carnivora","Felidae","Felis catus","cat",1056,"Linnaeus, 1758",,,False,"II","Bushfire Recovery Project","Camera trapping - threatened species bushfire project","16-09-2020","06-11-2020","16-09-2020","Southern side of Emu Creek South Branch, 500m south-west of The Funnel, Main Range National Park, SEQ.",-28.206691,152.433950,"GDA2020",50,1,"A",,"C",0
7149343,,"Animalia","Chordata","Mammalia","Carnivora","Felidae","Felis catus","cat",1056,"Linnaeus, 1758",,,False,"II","Bushfire Recovery Project","Camera trapping - threatened species bushfire project","16-09-2020","23-12-2020","16-09-2020","Small sized northerly flowing tributary of Cryptocarya Creek, adjacent to the Lincoln Bomber Walking Trail, about 2.8km west-south-west of Mount Superbus, Main Range National Park, SEQ.",-28.222932,152.432617,"GDA2020",50,2,"A",,"C",0
7149378,,"Animalia","Chordata","Mammalia","Carnivora","Felidae","Felis catus","cat",1056,"Linnaeus, 1758",,,False,"II","Bushfire Recovery Project","Camera trapping - threatened species bushfire project","17-09-2020","22-12-2020","17-09-2020","North bank of Pinchgut Creek, about 1.9km north of The Funnel, Main Range National Park, SEQ.",-28.187612,152.430434,"GDA2020",50,2,"A",,"C",0
7149574,,"Animalia","Chordata","Mammalia","Carnivora","Felidae","Felis catus","cat",1056,"Linnaeus, 1758",,,False,"II","Bushfire Recovery Project","Camera trapping - threatened species bushfire project","16-09-2021","17-01-2022","16-09-2021","Headwater of a northerly flowing tributary of Blackfellow Creek, north of Mount Castle West Fire Break, Mount Mistake section, Main Range National Park, SEQ.",-27.959932,152.359228,"GDA2020",50,1,"A",,"C",0
7149672,,"Animalia","Chordata","Mammalia","Carnivora","Felidae","Felis catus","cat",1056,"Linnaeus, 1758",,,False,"II","Bushfire Recovery Project","Camera trapping - threatened species bushfire project","10-09-2021","17-02-2022","10-09-2021","50 metres south of Falls Break, upslope and just over the ridge from the track, Burnett Creek area of Mount Barney National Park, SEQ.",-28.310882,152.551642,"GDA2020",25,1,"A",,"C",0
7116053,,"Animalia","Chordata","Mammalia","Carnivora","Felidae","Felis catus","cat",1056,"Linnaeus, 1758",,,False,"II","Incidental Records","Ecosure Sightings Data","14-01-2017","14-01-2017","14-01-2017","Comet",-23.704287,148.781207,"GDA2020",1000,,,,"C",0
7116488,,"Animalia","Chordata","Mammalia","Carnivora","Felidae","Felis catus","cat",1056,"Linnaeus, 1758",,,False,"II","Incidental Records","Ecosure Sightings Data","31-05-2018","31-05-2018","31-05-2018","1770 Boat Ramp",-24.170987,151.884007,"GDA2020",500,,,,"C",0
7116628,,"Animalia","Chordata","Mammalia","Carnivora","Felidae","Felis catus","cat",1056,"Linnaeus, 1758",,,False,"II","Incidental Records","Ecosure Sightings Data","06-02-2017","08-02-2017","06-02-2017","Boyne Island",-23.925187,151.312707,"GDA2020",2000,,,,"C",0
7116710,,"Animalia","Chordata","Mammalia","Carnivora","Felidae","Felis catus","cat",1056,"Linnaeus, 1758",,,False,"II","Incidental Records","Ecosure Sightings Data","03-10-2018","04-10-2018","03-10-2018","Boyne Island",-23.927487,151.306807,"GDA2020",1000,,,,"C",0
7116230,,"Animalia","Chordata","Mammalia","Carnivora","Felidae","Felis catus","cat",1056,"Linnaeus, 1758",,,False,"II","Incidental Records","Ecosure Sightings Data","03-06-2017","03-06-2017","03-06-2017","Lilyvale",-23.144087,148.435007,"GDA2020",1500,,,,"C",0
7117130,,"Animalia","Chordata","Mammalia","Carnivora","Felidae","Felis catus","cat",1056,"Linnaeus, 1758",,,False,"II","Incidental Records","Ecosure Sightings Data","31-01-2019","06-02-2019","31-01-2019","Kinka Beach",-23.217187,150.783607,"GDA2020",1000,,,,"C",0
7085181,"10768","Animalia","Chordata","Mammalia","Carnivora","Felidae","Felis catus","cat",1056,"Linnaeus, 1758",,,False,"II","Rod Hobson's wildlife data","Rod Hobson's incidental records","29-03-2021","29-03-2021","29-03-2021","Warrego Highway, Oakey SEQ",-27.429748,151.695237,"GDA2020",50,1,"A",,"C",0
7127950,"13929","Animalia","Chordata","Mammalia","Carnivora","Felidae","Felis catus","cat",1056,"Linnaeus, 1758",,,False,"II","Rod Hobson's wildlife data","Rod Hobson's incidental records","18-08-2021","18-08-2021","18-08-2021","East Creek, Joseph J. Leadbetter Park, Toowoomba SEQ",-27.579027,151.969966,"GDA2020",20,1,"A",,"C",0
7120954,,"Animalia","Chordata","Mammalia","Carnivora","Felidae","Felis catus","cat",1056,"Linnaeus, 1758",,,False,"II","Incidental Records","QPWS Dry Tropics wildlife records","17-11-2020","17-11-2020","17-11-2020","Wairuna Homestead (Wairuna CP)",-18.442213,145.313723,"GDA2020",20,3,"A",,"C",0
7120973,,"Animalia","Chordata","Mammalia","Carnivora","Felidae","Felis catus","cat",1056,"Linnaeus, 1758",,,False,"II","Incidental Records","QPWS Dry Tropics wildlife records","07-10-2020","07-10-2020","07-10-2020","Herkes track (Princess Hills Section, Girringun NP)",-18.334338,145.486530,"GDA2020",2,1,"A",,"C",0
7149689,,"Animalia","Chordata","Mammalia","Carnivora","Felidae","Felis catus","cat",1056,"Linnaeus, 1758",,,False,"II","Bushfire Recovery Project","Camera trapping - threatened species bushfire project","10-09-2021","17-02-2022","10-09-2021","25 metres east of Stags Head Break, slightly downslope from the track, Mount Barney National Park, SEQ.",-28.305221,152.548867,"GDA2020",25,2,"A",,"C",0
7149704,,"Animalia","Chordata","Mammalia","Carnivora","Felidae","Felis catus","cat",1056,"Linnaeus, 1758",,,False,"II","Bushfire Recovery Project","Camera trapping - threatened species bushfire project","10-09-2021","19-11-2021","10-09-2021","30 metres east of Stags Head Break, along the cliff line, 200 metres from the end of the break, Mount Barney National Park, SEQ.",-28.300326,152.546514,"GDA2020",25,1,"A",,"C",0
7149719,,"Animalia","Chordata","Mammalia","Carnivora","Felidae","Felis catus","cat",1056,"Linnaeus, 1758",,,False,"II","Bushfire Recovery Project","Camera trapping - threatened species bushfire project","10-09-2021","17-02-2022","10-09-2021","10 metres south of Watson Creek Break, east of Stags Head, Burnett Creek area, Mount Barney National Park, SEQ.",-28.300590,152.552448,"GDA2020",25,3,"A",,"C",0
7149732,,"Animalia","Chordata","Mammalia","Carnivora","Felidae","Felis catus","cat",1056,"Linnaeus, 1758",,,False,"II","Bushfire Recovery Project","Camera trapping - threatened species bushfire project","10-09-2021","17-02-2022","10-09-2021","5 metres southwest of Burnett Link Break, east of Stags Head, Burnett Creek area, Mount Barney National Park, SEQ.",-28.297574,152.560809,"GDA2020",25,1,"A",,"C",0
7150058,,"Animalia","Chordata","Mammalia","Carnivora","Felidae","Felis catus","cat",1056,"Linnaeus, 1758",,,False,"II","Moggill QPWS fauna data","Miscellaneous camera trapping data","02-06-2021","27-08-2021","02-06-2021","South flowing rainforest gully in headwaters of Coppermine Creek, south of upper Deception Creek Firetrail, Mount Robert section, Dawes National Park, west of Many Peaks township, SEQ.",-24.535709,151.266201,"GDA2020",150,,,,"C",0
7150062,,"Animalia","Chordata","Mammalia","Carnivora","Felidae","Felis catus","cat",1056,"Linnaeus, 1758",,,False,"II","Moggill QPWS fauna data","Miscellaneous camera trapping data","02-06-2021","23-08-2021","02-06-2021","Spur running southwest off Deception Creek Firetrail, Mount Robert section of Dawes National Park, west of Many Peaks township, west of Many Peaks township, SEQ.",-24.530980,151.252401,"GDA2020",50,,,,"C",0
7150072,,"Animalia","Chordata","Mammalia","Carnivora","Felidae","Felis catus","cat",1056,"Linnaeus, 1758",,,False,"II","Moggill QPWS fauna data","Miscellaneous camera trapping data","02-06-2021","27-08-2021","02-06-2021","Spur running east off Deception Creek Firetrail, Mount Robert section of Dawes National Park, west of Many Peaks township, west of Many Peaks township, SEQ.",-24.544734,151.294477,"GDA2020",50,,,,"C",0
7150092,,"Animalia","Chordata","Mammalia","Carnivora","Felidae","Felis catus","cat",1056,"Linnaeus, 1758",,,False,"II","Moggill QPWS fauna data","Miscellaneous camera trapping data","02-06-2021","27-08-2021","02-06-2021","Spur running south off Deception Creek Firetrail, Mount Robert section of Dawes National Park, west of Many Peaks township, west of Many Peaks township, SEQ.",-24.547369,151.286417,"GDA2020",50,,,,"C",0
7171864,"54","Animalia","Chordata","Mammalia","Carnivora","Felidae","Felis catus","cat",1056,"Linnaeus, 1758",,,False,"II","Incidental Records","Keith R. McDonalds Incidental Records","04-06-2022","04-06-2022","04-06-2022","RN150 Mather Rd, Yungaburra",-17.283598,145.578785,"GDA2020",50,1,"A",,"V",0
7171963,"150","Animalia","Chordata","Mammalia","Carnivora","Felidae","Felis catus","cat",1056,"Linnaeus, 1758",,,False,"II","Incidental Records","Keith R. McDonalds Incidental Records","19-05-2022","19-05-2022","19-05-2022","RN150 Mather Rd, Yungaburra",-17.283876,145.578813,"GDA2020",50,1,"A",,"V",0
7174254,"101","Animalia","Chordata","Mammalia","Carnivora","Felidae","Felis catus","cat",1056,"Linnaeus, 1758",,,False,"II","Incidental Records","Bruce Lawrie Incidental Records","09-03-2021","09-03-2021","09-03-2021","""Dingo Mountain"" block. Old Womens Hut Creek Crows Nest SEQ",-27.253049,152.071422,"GDA2020",150,1,"A",,"C",0
7174861,"8","Animalia","Chordata","Mammalia","Carnivora","Felidae","Felis catus","cat",1056,"Linnaeus, 1758",,,False,"II","Incidental Records","WildNet Incidental Records","16-10-2021","16-10-2021","16-10-2021","Dalga",-24.693996,151.508277,"GDA2020",10,1,"A",,"C",0
7180093,"11764","Animalia","Chordata","Mammalia","Carnivora","Felidae","Felis catus","cat",1056,"Linnaeus, 1758",,,False,"II","Rod Hobson's wildlife data","Rod Hobson's incidental records","13-06-2022","13-06-2022","13-06-2022","Back Flagstone Creek Road, Flagstone Creek SEQ",-26.602557,152.112458,"GDA2020",100,1,"A",,"C",0
7181478,"12440","Animalia","Chordata","Mammalia","Carnivora","Felidae","Felis catus","cat",1056,"Linnaeus, 1758",,,False,"II","Rod Hobson's wildlife data","Rod Hobson's incidental records","22-08-2022","22-08-2022","22-08-2022","Kingsthorpe Haden Road, Yalangur SEQ",-27.401137,151.832311,"GDA2020",100,1,"A",,"C",0
7231830,"B2.13","Animalia","Chordata","Mammalia","Carnivora","Felidae","Felis catus","cat",1056,"Linnaeus, 1758",,,False,"II","Incidental Records","WildNet Incidental Records","12-12-2020","12-12-2020","12-12-2020","Lot 2 RP737854",-17.598350,145.553044,"GDA2020",50,1,"A",,"C",0
7235985,,"Animalia","Chordata","Mammalia","Carnivora","Felidae","Felis catus","cat",1056,"Linnaeus, 1758",,,False,"II","Astrebla National Park","Spotlighting Transects","17-10-2021",,"17-10-2021","Currica Creek plus offshoot to NW. Visit 2613. Wpt 28",-24.134073,140.454009,"GDA2020",50,1,"A",,"C",0
7235987,,"Animalia","Chordata","Mammalia","Carnivora","Felidae","Felis catus","cat",1056,"Linnaeus, 1758",,,False,"II","Astrebla National Park","Spotlighting Transects","17-10-2021",,"17-10-2021","Currica Creek plus offshoot to NW. Visit 2613. Wpt 25",-24.134713,140.451044,"GDA2020",50,1,"A",,"C",0
7235990,,"Animalia","Chordata","Mammalia","Carnivora","Felidae","Felis catus","cat",1056,"Linnaeus, 1758",,,False,"II","Astrebla National Park","Spotlighting Transects","18-10-2021",,"18-10-2021","Currica Creek Sout - south side. Visit 2635. Wpt 41",-24.313608,140.620679,"GDA2020",50,1,"A",,"C",0
7235991,,"Animalia","Chordata","Mammalia","Carnivora","Felidae","Felis catus","cat",1056,"Linnaeus, 1758",,,False,"II","Astrebla National Park","Spotlighting Transects","18-10-2021",,"18-10-2021","Currica Creek Sout - south side. Visit 2635. Wpt 42",-24.282261,140.590208,"GDA2020",50,1,"A",,"C",0
7235993,,"Animalia","Chordata","Mammalia","Carnivora","Felidae","Felis catus","cat",1056,"Linnaeus, 1758",,,False,"II","Astrebla National Park","Spotlighting Transects","18-10-2021",,"18-10-2021","Currica Creek Sout - south side. Visit 2635. Wpt 43",-24.257824,140.575017,"GDA2020",50,1,"A",,"C",0
7235998,,"Animalia","Chordata","Mammalia","Carnivora","Felidae","Felis catus","cat",1056,"Linnaeus, 1758",,,False,"II","Astrebla National Park","Spotlighting Transects","18-10-2021",,"18-10-2021","Currica Creek Sout - south side. Visit 2635. Wpt 47",-24.242777,140.558981,"GDA2020",50,1,"A",,"C",0
7236012,,"Animalia","Chordata","Mammalia","Carnivora","Felidae","Felis catus","cat",1056,"Linnaeus, 1758",,,False,"II","Astrebla National Park","Spotlighting Transects","16-10-2021",,"16-10-2021","Currica Creek plus offshoot to NW. Visit 2613. Wpt 6",-24.237111,140.513613,"GDA2020",50,1,"A",,"C",0
7235982,,"Animalia","Chordata","Mammalia","Carnivora","Felidae","Felis catus","cat",1056,"Linnaeus, 1758",,,False,"II","Astrebla National Park","Spotlighting Transects","17-10-2021",,"17-10-2021","Currica Creek plus offshoot to NW. Visit 2613. Wpt 24",-24.143327,140.447995,"GDA2020",50,1,"A",,"C",0
7235950,,"Animalia","Chordata","Mammalia","Carnivora","Felidae","Felis catus","cat",1056,"Linnaeus, 1758",,,False,"II","Astrebla National Park","Spotlighting Transects","30-11-2020",,"30-11-2020","Bore Drain Circuit",-24.122308,140.528091,"GDA2020",20,1,"A",,"K",0
7235937,,"Animalia","Chordata","Mammalia","Carnivora","Felidae","Felis catus","cat",1056,"Linnaeus, 1758",,,False,"II","Astrebla National Park","Spotlighting Transects","19-10-2021",,"19-10-2021","Talgoo Creek Site Visit 2602. Wpt 55",-24.285858,140.738453,"GDA2020",50,1,"A",,"C",0
7235935,,"Animalia","Chordata","Mammalia","Carnivora","Felidae","Felis catus","cat",1056,"Linnaeus, 1758",,,False,"II","Astrebla National Park","Spotlighting Transects","19-10-2021",,"19-10-2021","Talgoo Creek Site Visit 2602. Wpt 55",-24.285858,140.738453,"GDA2020",50,1,"A",,"C",0
7235931,,"Animalia","Chordata","Mammalia","Carnivora","Felidae","Felis catus","cat",1056,"Linnaeus, 1758",,,False,"II","Astrebla National Park","Spotlighting Transects","18-10-2021",,"18-10-2021","Kite Drive - East Visit 2572",-24.243602,140.566543,"GDA2020",50,1,"A",,"C",0
7235927,,"Animalia","Chordata","Mammalia","Carnivora","Felidae","Felis catus","cat",1056,"Linnaeus, 1758",,,False,"II","Astrebla National Park","Spotlighting Transects","18-10-2021",,"18-10-2021","Currica creek north Site visit 2571",-24.281379,140.591235,"GDA2020",50,1,"A",,"C",0
7235925,,"Animalia","Chordata","Mammalia","Carnivora","Felidae","Felis catus","cat",1056,"Linnaeus, 1758",,,False,"II","Astrebla National Park","Spotlighting Transects","18-10-2021",,"18-10-2021","Currica Creek north side Visit 2571 wpt 37",-24.290176,140.594794,"GDA2020",50,1,"A",,"C",0
7235980,,"Animalia","Chordata","Mammalia","Carnivora","Felidae","Felis catus","cat",1056,"Linnaeus, 1758",,,False,"II","Astrebla National Park","Spotlighting Transects","16-10-2021",,"16-10-2021","Currica Creek plus offshoot to NW. Visit 2613. Wpt 21",-24.172316,140.439759,"GDA2020",50,1,"A",,"C",0
7235972,,"Animalia","Chordata","Mammalia","Carnivora","Felidae","Felis catus","cat",1056,"Linnaeus, 1758",,,False,"II","Astrebla National Park","Spotlighting Transects","16-10-2021",,"16-10-2021","Currica creek north Visit 2534",-24.239288,140.516619,"GDA2020",50,1,"A",,"C",0
7235968,,"Animalia","Chordata","Mammalia","Carnivora","Felidae","Felis catus","cat",1056,"Linnaeus, 1758",,,False,"II","Astrebla National Park","Astrebla National Park","15-04-2021",,"15-04-2021","5 km west of No. 2 Bore. Sighted after completion of Visit 2479",-24.110827,140.496764,"GDA2020",20,1,"A",,"C",0
7236013,,"Animalia","Chordata","Mammalia","Carnivora","Felidae","Felis catus","cat",1056,"Linnaeus, 1758",,,False,"II","Astrebla National Park","Spotlighting Transects","16-10-2021",,"16-10-2021","Currica Creek plus offshoot to NW. Visit 2613. Wpt 6",-24.237111,140.513613,"GDA2020",50,3,"A",,"C",0
7236021,,"Animalia","Chordata","Mammalia","Carnivora","Felidae","Felis catus","cat",1056,"Linnaeus, 1758",,,False,"II","Astrebla National Park","Spotlighting Transects","16-10-2021",,"16-10-2021","Currica Creek plus offshoot to NW. Visit 2613. Wpt 12",-24.227876,140.482181,"GDA2020",50,1,"A",,"C",0
7236023,,"Animalia","Chordata","Mammalia","Carnivora","Felidae","Felis catus","cat",1056,"Linnaeus, 1758",,,False,"II","Astrebla National Park","Spotlighting Transects","16-10-2021",,"16-10-2021","Currica Creek plus offshoot to NW. Visit 2613. Wpt 14",-24.223698,140.470114,"GDA2020",50,1,"A",,"C",0
7236026,,"Animalia","Chordata","Mammalia","Carnivora","Felidae","Felis catus","cat",1056,"Linnaeus, 1758",,,False,"II","Astrebla National Park","Spotlighting Transects","16-10-2021",,"16-10-2021","Currica Creek plus offshoot to NW. Visit 2613. Wpt16",-24.213466,140.457423,"GDA2020",50,1,"A",,"C",0
7236027,,"Animalia","Chordata","Mammalia","Carnivora","Felidae","Felis catus","cat",1056,"Linnaeus, 1758",,,False,"II","Astrebla National Park","Spotlighting Transects","16-10-2021",,"16-10-2021","Currica Creek plus offshoot to NW. Visit 2613. Wpt 17",-24.212399,140.454552,"GDA2020",50,1,"A",,"C",0
7238852,,"Animalia","Chordata","Mammalia","Carnivora","Felidae","Felis catus","cat",1056,"Linnaeus, 1758",,,False,"II","Astrebla National Park","Spotlighting Transects","10-03-2022",,"10-03-2022","Warra Creek transect Vfisit 2804 Wpt 148",-24.396312,140.551201,"GDA2020",2000,1,"A",,"U",0
7238866,,"Animalia","Chordata","Mammalia","Carnivora","Felidae","Felis catus","cat",1056,"Linnaeus, 1758",,,False,"II","Astrebla National Park","Spotlighting Transects","10-03-2022",,"10-03-2022","Warra Creek transect Vfisit 2804 Wpt 158",-24.396312,140.551201,"GDA2020",2000,4,"A",,"U",0
7238891,,"Animalia","Chordata","Mammalia","Carnivora","Felidae","Felis catus","cat",1056,"Linnaeus, 1758",,,False,"II","Astrebla National Park","Spotlighting Transects","07-12-2022",,"07-12-2022","Currica Creek Nortjh Visit 2999",-24.235375,140.497785,"GDA2020",20,1,"A",,"U",0
7238853,,"Animalia","Chordata","Mammalia","Carnivora","Felidae","Felis catus","cat",1056,"Linnaeus, 1758",,,False,"II","Astrebla National Park","Spotlighting Transects","10-03-2022",,"10-03-2022","Warra Creek transect Vfisit 2804 Wpt 148",-24.396312,140.551201,"GDA2020",2000,7,"A",,"U",0
7238797,,"Animalia","Chordata","Mammalia","Carnivora","Felidae","Felis catus","cat",1056,"Linnaeus, 1758",,,False,"II","Astrebla National Park","Spotlighting Transects","09-03-2022",,"09-03-2022","Currica Creek North - west of Warra Track - Visit Id 2738 Wpt 84",-24.213722,140.455777,"GDA2020",20,1,"A",,"U",0
7238849,,"Animalia","Chordata","Mammalia","Carnivora","Felidae","Felis catus","cat",1056,"Linnaeus, 1758",,,False,"II","Astrebla National Park","Spotlighting Transects","10-03-2022",,"10-03-2022","Warra Creek transect Vfisit 2804 Wpt 146",-24.396312,140.551201,"GDA2020",2000,1,"A",,"U",0
7238860,,"Animalia","Chordata","Mammalia","Carnivora","Felidae","Felis catus","cat",1056,"Linnaeus, 1758",,,False,"II","Astrebla National Park","Spotlighting Transects","10-03-2022",,"10-03-2022","Warra Creek transect Vfisit 2804 Wpt 155",-24.396312,140.551201,"GDA2020",2000,1,"A",,"U",0
7238862,,"Animalia","Chordata","Mammalia","Carnivora","Felidae","Felis catus","cat",1056,"Linnaeus, 1758",,,False,"II","Astrebla National Park","Spotlighting Transects","10-03-2022",,"10-03-2022","Warra Creek transect Vfisit 2804 Wpt156",-24.396312,140.551201,"GDA2020",2000,1,"A",,"U",0
7238865,,"Animalia","Chordata","Mammalia","Carnivora","Felidae","Felis catus","cat",1056,"Linnaeus, 1758",,,False,"II","Astrebla National Park","Spotlighting Transects","10-03-2022",,"10-03-2022","Warra Creek transect Vfisit 2804 Wpt 158",-24.396312,140.551201,"GDA2020",2000,1,"A",,"U",0
7238383,"14768","Animalia","Chordata","Mammalia","Carnivora","Felidae","Felis catus","cat",1056,"Linnaeus, 1758",,,False,"II","Rod Hobson's wildlife data","Rod Hobson's incidental records","13-12-2022","13-12-2022","13-12-2022","Site 4, Dingo Mountain Conservation Area, Crows Nest SEQ",-27.261812,152.064894,"GDA2020",300,,,,"C",0
7238764,,"Animalia","Chordata","Mammalia","Carnivora","Felidae","Felis catus","cat",1056,"Linnaeus, 1758",,,False,"II","Astrebla National Park","Spotlighting Transects","08-03-2022",,"08-03-2022","Currica Creek north - west from Kite Drive to Warra track.. Wpt 49",-24.243597,140.537022,"GDA2020",40,4,"A",,"U",0
7238768,,"Animalia","Chordata","Mammalia","Carnivora","Felidae","Felis catus","cat",1056,"Linnaeus, 1758",,,False,"II","Astrebla National Park","Spotlighting Transects","08-03-2022",,"08-03-2022","Currica Creek north - west from Kite Drive to Warra track. Wpt 53",-24.244969,140.533984,"GDA2020",20,1,"A",,"U",0
7238814,,"Animalia","Chordata","Mammalia","Carnivora","Felidae","Felis catus","cat",1056,"Linnaeus, 1758",,,False,"II","Astrebla National Park","Spotlighting Transects","09-03-2022",,"09-03-2022","Currica Creek North - west of Warra Track - Visit Id 2738 Wpt 99",-24.175067,140.436163,"GDA2020",20,1,"A",,"U",0
7238908,,"Animalia","Chordata","Mammalia","Carnivora","Felidae","Felis catus","cat",1056,"Linnaeus, 1758",,,False,"II","Astrebla National Park","Spotlighting Transects","08-12-2022",,"08-12-2022","Backwards Creek visit 3000",-24.324181,140.643869,"GDA2020",20,1,"A",,"U",0
7238941,,"Animalia","Chordata","Mammalia","Carnivora","Felidae","Felis catus","cat",1056,"Linnaeus, 1758",,,False,"II","Astrebla National Park","Spotlighting Transects","10-12-2022",,"10-12-2022","Cat Creek Visit 3005",-24.069986,140.756897,"GDA2020",20,1,"A",,"U",0
7238942,,"Animalia","Chordata","Mammalia","Carnivora","Felidae","Felis catus","cat",1056,"Linnaeus, 1758",,,False,"II","Astrebla National Park","Spotlighting Transects","10-12-2022",,"10-12-2022","Cat Creek Visit 3005",-24.063959,140.773397,"GDA2020",20,1,"A",,"U",0
7238949,,"Animalia","Chordata","Mammalia","Carnivora","Felidae","Felis catus","cat",1056,"Linnaeus, 1758",,,False,"II","Astrebla National Park","Spotlighting Transects","11-12-2022",,"11-12-2022","Warra Creek Visit 3004",-24.396312,140.551201,"GDA2020",2000,1,"A",,"U",0
7238952,,"Animalia","Chordata","Mammalia","Carnivora","Felidae","Felis catus","cat",1056,"Linnaeus, 1758",,,False,"II","Astrebla National Park","Spotlighting Transects","11-12-2022",,"11-12-2022","Warra Creek Visit 3004",-24.396312,140.551201,"GDA2020",2000,1,"A",,"U",0
7238953,,"Animalia","Chordata","Mammalia","Carnivora","Felidae","Felis catus","cat",1056,"Linnaeus, 1758",,,False,"II","Astrebla National Park","Spotlighting Transects","11-12-2022",,"11-12-2022","Warra Creek Visit 3004",-24.396312,140.551201,"GDA2020",2000,1,"A",,"U",0
7238909,,"Animalia","Chordata","Mammalia","Carnivora","Felidae","Felis catus","cat",1056,"Linnaeus, 1758",,,False,"II","Astrebla National Park","Spotlighting Transects","08-12-2022",,"08-12-2022","Backwards Creek visit 3000",-24.251625,140.630369,"GDA2020",20,1,"A",,"U",0
7238928,,"Animalia","Chordata","Mammalia","Carnivora","Felidae","Felis catus","cat",1056,"Linnaeus, 1758",,,False,"II","Astrebla National Park","Spotlighting Transects","10-12-2022",,"10-12-2022","Cat Creek Visit 3005",-24.089848,140.718702,"GDA2020",20,1,"A",,"U",0
7238940,,"Animalia","Chordata","Mammalia","Carnivora","Felidae","Felis catus","cat",1056,"Linnaeus, 1758",,,False,"II","Astrebla National Park","Spotlighting Transects","10-12-2022",,"10-12-2022","Cat Creek Visit 3005",-24.066209,140.744008,"GDA2020",20,1,"A",,"U",0
7238929,,"Animalia","Chordata","Mammalia","Carnivora","Felidae","Felis catus","cat",1056,"Linnaeus, 1758",,,False,"II","Astrebla National Park","Spotlighting Transects","10-12-2022",,"10-12-2022","Cat Creek Visit 3005",-24.099903,140.699035,"GDA2020",20,1,"A",,"U",0
7238931,,"Animalia","Chordata","Mammalia","Carnivora","Felidae","Felis catus","cat",1056,"Linnaeus, 1758",,,False,"II","Astrebla National Park","Spotlighting Transects","10-12-2022",,"10-12-2022","Cat Creek Visit 3005",-24.098292,140.704313,"GDA2020",20,1,"A",,"U",0
7238933,,"Animalia","Chordata","Mammalia","Carnivora","Felidae","Felis catus","cat",1056,"Linnaeus, 1758",,,False,"II","Astrebla National Park","Spotlighting Transects","10-12-2022",,"10-12-2022","Cat Creek Visit 3005",-24.089070,140.720563,"GDA2020",20,1,"A",,"U",0
7238934,,"Animalia","Chordata","Mammalia","Carnivora","Felidae","Felis catus","cat",1056,"Linnaeus, 1758",,,False,"II","Astrebla National Park","Spotlighting Transects","10-12-2022",,"10-12-2022","Cat Creek Visit 3005",-24.085181,140.722730,"GDA2020",20,1,"A",,"U",0
7238935,,"Animalia","Chordata","Mammalia","Carnivora","Felidae","Felis catus","cat",1056,"Linnaeus, 1758",,,False,"II","Astrebla National Park","Spotlighting Transects","10-12-2022",,"10-12-2022","Cat Creek Visit 3005",-24.082570,140.722785,"GDA2020",20,1,"A",,"U",0
7238937,,"Animalia","Chordata","Mammalia","Carnivora","Felidae","Felis catus","cat",1056,"Linnaeus, 1758",,,False,"II","Astrebla National Park","Spotlighting Transects","10-12-2022",,"10-12-2022","Cat Creek Visit 3005",-24.082709,140.723369,"GDA2020",20,1,"A",,"U",0
7238939,,"Animalia","Chordata","Mammalia","Carnivora","Felidae","Felis catus","cat",1056,"Linnaeus, 1758",,,False,"II","Astrebla National Park","Spotlighting Transects","10-12-2022",,"10-12-2022","Cat Creek Visit 3005",-24.068181,140.738313,"GDA2020",20,1,"A",,"U",0
7238957,,"Animalia","Chordata","Mammalia","Carnivora","Felidae","Felis catus","cat",1056,"Linnaeus, 1758",,,False,"II","Astrebla National Park","Spotlighting Transects","11-12-2022",,"11-12-2022","Warra Creek Visit 3004",-24.396312,140.551201,"GDA2020",2000,1,"A",,"U",0
7239204,,"Animalia","Chordata","Mammalia","Carnivora","Felidae","Felis catus","cat",1056,"Linnaeus, 1758",,,False,"II","Astrebla National Park","Spotlighting Transects","12-03-2022",,"12-03-2022","Curricica creek south 20.13 Visit iD 3135",-24.361931,140.644591,"GDA2020",20,1,"A",,"U",0
7238958,,"Animalia","Chordata","Mammalia","Carnivora","Felidae","Felis catus","cat",1056,"Linnaeus, 1758",,,False,"II","Astrebla National Park","Spotlighting Transects","11-12-2022",,"11-12-2022","Warra Creek Visit 3004",-24.396312,140.551201,"GDA2020",2000,1,"A",,"U",0
7238959,,"Animalia","Chordata","Mammalia","Carnivora","Felidae","Felis catus","cat",1056,"Linnaeus, 1758",,,False,"II","Astrebla National Park","Spotlighting Transects","11-12-2022",,"11-12-2022","Warra Creek Visit 3004",-24.396312,140.551201,"GDA2020",2000,1,"A",,"U",0
7238963,,"Animalia","Chordata","Mammalia","Carnivora","Felidae","Felis catus","cat",1056,"Linnaeus, 1758",,,False,"II","Astrebla National Park","Spotlighting Transects","12-12-2022",,"12-12-2022","Warra Creek Visit 3004",-24.396312,140.551201,"GDA2020",2000,1,"A",,"U",0
7238964,,"Animalia","Chordata","Mammalia","Carnivora","Felidae","Felis catus","cat",1056,"Linnaeus, 1758",,,False,"II","Astrebla National Park","Spotlighting Transects","12-12-2022",,"12-12-2022","Warra Creek Visit 3004",-24.396312,140.551201,"GDA2020",2000,1,"A",,"U",0
7238977,,"Animalia","Chordata","Mammalia","Carnivora","Felidae","Felis catus","cat",1056,"Linnaeus, 1758",,,False,"II","Bladesnburg National Park","Bladesnburg National Park Incidental records","22-09-2022",,"22-09-2022","Bladensburg homestead under store of fence posts",-22.513875,143.039202,"GDA2020",100,1,"A",,"U",0
7239184,,"Animalia","Chordata","Mammalia","Carnivora","Felidae","Felis catus","cat",1056,"Linnaeus, 1758",,,False,"II","Astrebla National Park","Spotlighting Transects","11-03-2022",,"11-03-2022","Backwards Creek 21.06 Site Visit 3111",-24.365542,140.633452,"GDA2020",20,3,"A",,"U",0
7239185,,"Animalia","Chordata","Mammalia","Carnivora","Felidae","Felis catus","cat",1056,"Linnaeus, 1758",,,False,"II","Astrebla National Park","Spotlighting Transects","11-03-2022",,"11-03-2022","Backwards Creek 23.08 Site Visit 3111",-24.295209,140.636452,"GDA2020",20,1,"A",,"U",0
7239186,,"Animalia","Chordata","Mammalia","Carnivora","Felidae","Felis catus","cat",1056,"Linnaeus, 1758",,,False,"II","Astrebla National Park","Spotlighting Transects","12-03-2022",,"12-03-2022","Backwards Creek 0.24 Site Visit 3111",-24.273459,140.639063,"GDA2020",20,1,"A",,"U",0
7239194,,"Animalia","Chordata","Mammalia","Carnivora","Felidae","Felis catus","cat",1056,"Linnaeus, 1758",,,False,"II","Astrebla National Park","Spotlighting Transects","11-03-2022",,"11-03-2022","Backwards Creek (eastern side) 23.47 Visit Id 3126",-24.291653,140.635591,"GDA2020",20,1,"A",,"U",0
7239196,,"Animalia","Chordata","Mammalia","Carnivora","Felidae","Felis catus","cat",1056,"Linnaeus, 1758",,,False,"II","Astrebla National Park","Spotlighting Transects","12-03-2022",,"12-03-2022","Backwards Creek (eastern side) 20.23 Visit Id 3126",-24.266764,140.634897,"GDA2020",20,1,"A",,"U",0
7239212,,"Animalia","Chordata","Mammalia","Carnivora","Felidae","Felis catus","cat",1056,"Linnaeus, 1758",,,False,"II","Astrebla National Park","Spotlighting Transects","13-03-2022",,"13-03-2022","Curricica creek north 0.03 Visit iD 3144",-24.240764,140.538813,"GDA2020",20,1,"A",,"U",0
7239213,,"Animalia","Chordata","Mammalia","Carnivora","Felidae","Felis catus","cat",1056,"Linnaeus, 1758",,,False,"II","Astrebla National Park","Spotlighting Transects","13-03-2022",,"13-03-2022","Curricica creek north 0.15 Visit iD 3144",-24.243598,140.533647,"GDA2020",20,1,"A",,"U",0
7240204,"39","Animalia","Chordata","Mammalia","Carnivora","Felidae","Felis catus","cat",1056,"Linnaeus, 1758",,,False,"II","Incidental Records","South Endeavour Trust records","17-03-2021","19-04-2022","17-03-2021","Cassowary Crossing",-17.528686,145.563795,"GDA2020",100,1,"A",,"C",0
7300273,"15891","Animalia","Chordata","Mammalia","Carnivora","Felidae","Felis catus","cat",1056,"Linnaeus, 1758",,,False,"II","Rod Hobson's wildlife data","Rod Hobson's incidental records","24-02-2023","24-02-2023","24-02-2023","Broadwater Road, Lake Broadwater Conservation Park, Nandi SEQ",-27.353499,151.091777,"GDA2020",50,1,"A",,"C",0
7300274,"15892","Animalia","Chordata","Mammalia","Carnivora","Felidae","Felis catus","cat",1056,"Linnaeus, 1758",,,False,"II","Rod Hobson's wildlife data","Rod Hobson's incidental records","24-02-2023","24-02-2023","24-02-2023","Broadwater Road, Lake Broadwater Conservation Park, Nandi SEQ",-27.330432,151.096154,"GDA2020",50,1,"A",,"C",0
7300276,"15894","Animalia","Chordata","Mammalia","Carnivora","Felidae","Felis catus","cat",1056,"Linnaeus, 1758",,,False,"II","Rod Hobson's wildlife data","Rod Hobson's incidental records","24-02-2023","24-02-2023","24-02-2023","Loves Road, East Jimbour SEQ",-26.893246,151.288572,"GDA2020",50,1,"A",,"C",0
7304564,,"Animalia","Chordata","Mammalia","Carnivora","Felidae","Felis catus","cat",1056,"Linnaeus, 1758",,,False,"II","Fauna records Diamantina National Park","Diamantina NP - Sites visited and recorded regularly","20-06-2023",,"20-06-2023","WN_visitID_3203 Davenport Gate wpt 12",-23.769436,141.145056,"GDA2020",50,1,"A",,"U",0
7304588,,"Animalia","Chordata","Mammalia","Carnivora","Felidae","Felis catus","cat",1056,"Linnaeus, 1758",,,False,"II","Astrebla National Park","Spotlighting Transects","13-06-2023",,"13-06-2023","Backwards Creek No site visit No. Placemark 7",-24.302024,140.635655,"GDA2020",50,1,"A",,"U",0
7304589,,"Animalia","Chordata","Mammalia","Carnivora","Felidae","Felis catus","cat",1056,"Linnaeus, 1758",,,False,"II","Astrebla National Park","Spotlighting Transects","13-06-2023",,"13-06-2023","Backwards Creek No site visit No.  Placemark 8",-24.231726,140.607327,"GDA2020",50,1,"A",,"U",0
7304591,,"Animalia","Chordata","Mammalia","Carnivora","Felidae","Felis catus","cat",1056,"Linnaeus, 1758",,,False,"II","Astrebla National Park","Spotlighting Transects","13-06-2023",,"13-06-2023","Backwards Creek No site visit No.  Placemark 9",-24.196552,140.594985,"GDA2020",50,1,"A",,"U",0
7304568,,"Animalia","Chordata","Mammalia","Carnivora","Felidae","Felis catus","cat",1056,"Linnaeus, 1758",,,False,"II","Astrebla National Park","Spotlighting Transects","18-06-2023",,"18-06-2023","Kite Drive Site Visit 3215 Placemark 4",-24.183246,140.541724,"GDA2020",50,1,"A",,"U",0
7240177,"12","Animalia","Chordata","Mammalia","Carnivora","Felidae","Felis catus","cat",1056,"Linnaeus, 1758",,,False,"II","Incidental Records","South Endeavour Trust records","17-03-2021","19-04-2022","17-03-2021","Cassowary Crossing",-17.527697,145.564578,"GDA2020",100,1,"A",,"C",0
7304574,,"Animalia","Chordata","Mammalia","Carnivora","Felidae","Felis catus","cat",1056,"Linnaeus, 1758",,,False,"II","Astrebla National Park","Spotlighting Transects","18-06-2023",,"18-06-2023","Kite Drive Site visit 3215 Placemark 10",-24.233055,140.565329,"GDA2020",50,1,"A",,"U",0
7304579,,"Animalia","Chordata","Mammalia","Carnivora","Felidae","Felis catus","cat",1056,"Linnaeus, 1758",,,False,"II","Astrebla National Park","Spotlighting Transects","18-06-2023",,"18-06-2023","Placemark 14",-24.245945,140.569097,"GDA2020",50,1,"A",,"U",0
7304580,,"Animalia","Chordata","Mammalia","Carnivora","Felidae","Felis catus","cat",1056,"Linnaeus, 1758",,,False,"II","Astrebla National Park","Spotlighting Transects","18-06-2023",,"18-06-2023","Kite Drive Site visit 3215 Placemark 15",-24.248015,140.567789,"GDA2020",50,1,"A",,"U",0
7304582,,"Animalia","Chordata","Mammalia","Carnivora","Felidae","Felis catus","cat",1056,"Linnaeus, 1758",,,False,"II","Astrebla National Park","Spotlighting Transects","18-06-2023",,"18-06-2023","Kite Drive Site visit 3215 Placemark 16",-24.244879,140.563722,"GDA2020",50,1,"A",,"U",0
7304106,,"Animalia","Chordata","Mammalia","Carnivora","Felidae","Felis catus","cat",1056,"Linnaeus, 1758",,,False,"II","Harry Hines fauna data","Harry Hines incidental records","23-06-2022","23-06-2022","23-06-2022","Moon Point Road near Moon Point, K'gari (Fraser Island) section of Great Sandy National Park, SEQ.",-25.217454,153.054935,"GDA2020",25,,,,"C",0
7304369,,"Animalia","Chordata","Mammalia","Carnivora","Felidae","Felis catus","cat",1056,"Linnaeus, 1758",,,False,"II","Harry Hines fauna data","Harry Hines incidental records","20-06-2022","20-06-2022","20-06-2022","South-eastern shore of Lake Goochee, northwest of Orchid Beach, K'gari (Fraser Island) section of Great Sandy National Park, SEQ.",-24.852249,153.211795,"GDA2020",350,,,,"C",0
7304597,,"Animalia","Chordata","Mammalia","Carnivora","Felidae","Felis catus","cat",1056,"Linnaeus, 1758",,,False,"II","Astrebla National Park","Spotlighting Transects","14-06-2023",,"14-06-2023","Warra Creek No site visit No.   Placemark 17",-24.396312,140.551201,"GDA2020",2000,1,"A",,"U",0
7304623,,"Animalia","Chordata","Mammalia","Carnivora","Felidae","Felis catus","cat",1056,"Linnaeus, 1758",,,False,"II","Astrebla National Park","Spotlighting Transects","17-06-2023",,"17-06-2023","Placemark 45 Site 702 Visit 3266",-24.172237,140.440398,"GDA2020",50,1,"A",,"U",0
7304599,,"Animalia","Chordata","Mammalia","Carnivora","Felidae","Felis catus","cat",1056,"Linnaeus, 1758",,,False,"II","Astrebla National Park","Spotlighting Transects","14-06-2023",,"14-06-2023","Warra Creek No site visit No.   Placemark 18",-24.396312,140.551201,"GDA2020",2000,1,"A",,"U",0
7304605,,"Animalia","Chordata","Mammalia","Carnivora","Felidae","Felis catus","cat",1056,"Linnaeus, 1758",,,False,"II","Astrebla National Park","Spotlighting Transects","15-06-2023",,"15-06-2023","Davenport track no site visit info Placemark 24",-24.198300,140.670732,"GDA2020",50,1,"A",,"U",0
7304606,,"Animalia","Chordata","Mammalia","Carnivora","Felidae","Felis catus","cat",1056,"Linnaeus, 1758",,,False,"II","Astrebla National Park","Spotlighting Transects","15-06-2023",,"15-06-2023","Davenport track no site visit info Placemark 24",-24.198300,140.670732,"GDA2020",50,1,"E",,"U",0
7304607,,"Animalia","Chordata","Mammalia","Carnivora","Felidae","Felis catus","cat",1056,"Linnaeus, 1758",,,False,"II","Astrebla National Park","Spotlighting Transects","16-06-2023",,"16-06-2023","Placemark 31Site 706 visit 3260",-24.081809,140.732849,"GDA2020",50,1,"A",,"U",0
7304609,,"Animalia","Chordata","Mammalia","Carnivora","Felidae","Felis catus","cat",1056,"Linnaeus, 1758",,,False,"II","Astrebla National Park","Spotlighting Transects","16-06-2023",,"16-06-2023","Placemark 29 Site 706 visit 3260",-24.160900,140.602600,"GDA2020",50,1,"A",,"U",0
7304610,,"Animalia","Chordata","Mammalia","Carnivora","Felidae","Felis catus","cat",1056,"Linnaeus, 1758",,,False,"II","Astrebla National Park","Spotlighting Transects","16-06-2023",,"16-06-2023","Placemark 30 Site 706 visit 3260",-24.180824,140.596729,"GDA2020",50,1,"A",,"U",0
7304611,,"Animalia","Chordata","Mammalia","Carnivora","Felidae","Felis catus","cat",1056,"Linnaeus, 1758",,,False,"II","Astrebla National Park","Spotlighting Transects","16-06-2023",,"16-06-2023","Placemark 31Site 706 visit 3260",-24.081810,140.724607,"GDA2020",50,1,"A",,"U",0
7304618,,"Animalia","Chordata","Mammalia","Carnivora","Felidae","Felis catus","cat",1056,"Linnaeus, 1758",,,False,"II","Astrebla National Park","Spotlighting Transects","17-06-2023",,"17-06-2023","Placemark 40 Site 702 Visit 3266",-24.207102,140.452181,"GDA2020",50,1,"A",,"U",0
7304556,,"Animalia","Chordata","Mammalia","Carnivora","Felidae","Felis catus","cat",1056,"Linnaeus, 1758",,,False,"II","Fauna records Diamantina National Park","Spotlighting Transects","16-06-2023",,"16-06-2023","Wpt 29. Site 706 visit 3260",-23.765355,141.134208,"GDA2020",50,1,"A",,"U",0
7304557,,"Animalia","Chordata","Mammalia","Carnivora","Felidae","Felis catus","cat",1056,"Linnaeus, 1758",,,False,"II","Fauna records Diamantina National Park","Spotlighting Transects","20-06-2023",,"20-06-2023"," WPT 30 Site 706 visit 3260",-23.765355,141.134208,"GDA2020",50,2,"A",,"U",0
7304636,,"Animalia","Chordata","Mammalia","Carnivora","Felidae","Felis catus","cat",1056,"Linnaeus, 1758",,,False,"II","Astrebla National Park","Spotlighting Transects","19-06-2023",,"19-06-2023","Placemark 70 Site 703 Visit 3290",-24.258925,140.576097,"GDA2020",50,1,"A",,"U",0
7304637,,"Animalia","Chordata","Mammalia","Carnivora","Felidae","Felis catus","cat",1056,"Linnaeus, 1758",,,False,"II","Astrebla National Park","Spotlighting Transects","19-06-2023",,"19-06-2023","Placemark 69 Site 703 Visit 3290",-24.279815,140.590689,"GDA2020",50,1,"A",,"U",0
7304639,,"Animalia","Chordata","Mammalia","Carnivora","Felidae","Felis catus","cat",1056,"Linnaeus, 1758",,,False,"II","Astrebla National Park","Spotlighting Transects","18-06-2023",,"18-06-2023","Kite Drive Site visit 3215 Placemark 18",-24.243398,140.559657,"GDA2020",50,1,"A",,"U",0
7304642,,"Animalia","Chordata","Mammalia","Carnivora","Felidae","Felis catus","cat",1056,"Linnaeus, 1758",,,False,"II","Astrebla National Park","Spotlighting Transects","12-06-2023",,"12-06-2023","Barracks",-24.117331,140.522276,"GDA2020",50,1,"A",,"U",0
7304645,,"Animalia","Chordata","Mammalia","Carnivora","Felidae","Felis catus","cat",1056,"Linnaeus, 1758",,,False,"II","Astrebla National Park","Spotlighting Transects","19-06-2023",,"19-06-2023","Placemark 68 Site 703 Visit 3290",-24.316268,140.624642,"GDA2020",50,1,"A",,"U",0
7304646,,"Animalia","Chordata","Mammalia","Carnivora","Felidae","Felis catus","cat",1056,"Linnaeus, 1758",,,False,"II","Astrebla National Park","Spotlighting Transects","19-06-2023",,"19-06-2023","Placemark 67 Site 703 Visit 3290",-24.372965,140.638981,"GDA2020",50,1,"A",,"U",0
7304651,,"Animalia","Chordata","Mammalia","Carnivora","Felidae","Felis catus","cat",1056,"Linnaeus, 1758",,,False,"II","Astrebla National Park","Spotlighting Transects","18-06-2023",,"18-06-2023","Placemark 62 site 2023 visit 3265",-24.018097,140.569671,"GDA2020",50,1,"A",,"U",0
7304653,,"Animalia","Chordata","Mammalia","Carnivora","Felidae","Felis catus","cat",1056,"Linnaeus, 1758",,,False,"II","Astrebla National Park","Spotlighting Transects","18-06-2023",,"18-06-2023","Placemark 60",-24.033160,140.629617,"GDA2020",50,1,"A",,"U",0
7304656,,"Animalia","Chordata","Mammalia","Carnivora","Felidae","Felis catus","cat",1056,"Linnaeus, 1758",,,False,"II","Astrebla National Park","Spotlighting Transects","16-06-2023",,"16-06-2023","Backwards Creek Visit 3259",-24.219814,140.670702,"GDA2020",50,1,"A",,"U",0
7325856,"19902","Animalia","Chordata","Mammalia","Carnivora","Felidae","Felis catus","cat",1056,"Linnaeus, 1758",,,False,"II","Rod Hobson's wildlife data","Rod Hobson's incidental records","02-10-1995","02-10-1995","02-10-1995","QNPWS base, Ungowa, K'gari (Fraser Island), Great Sandy NP SEQ",-25.498654,152.989438,"GDA2020",100,,,,"C",0
7326613,"20770","Animalia","Chordata","Mammalia","Carnivora","Felidae","Felis catus","cat",1056,"Linnaeus, 1758",,,False,"II","Rod Hobson's wildlife data","Rod Hobson's incidental records","21-09-2023","21-09-2023","21-09-2023","Site 7, offset property, Canning Creek SEQ",-28.176257,151.123096,"GDA2020",200,1,"A",,"C",0
7326695,"20853","Animalia","Chordata","Mammalia","Carnivora","Felidae","Felis catus","cat",1056,"Linnaeus, 1758",,,False,"II","Rod Hobson's wildlife data","Rod Hobson's incidental records","22-09-2023","22-09-2023","22-09-2023","Site 19, ""Glenlovely"", Whetstone SEQ",-28.562497,150.816286,"GDA2020",200,1,"A",,"C",0
7323163,"17194","Animalia","Chordata","Mammalia","Carnivora","Felidae","Felis catus","cat",1056,"Linnaeus, 1758",,,False,"II","Rod Hobson's wildlife data","Rod Hobson's incidental records","05-05-2007","05-05-2007","05-05-2007","Wooldridge property, ""Kunari"", Bongeen SEQ",-27.536438,151.440811,"GDA2020",200,,,,"C",0
7331469,,"Animalia","Chordata","Mammalia","Carnivora","Felidae","Felis catus","cat",1056,"Linnaeus, 1758",,,False,"II","Harry Hines fauna data","Harry Hines miscellaneous survey data","25-04-2023","25-04-2023","25-04-2023","Dam in the headwaters of Reedy Creek, northeast of apiary site 28, Durikai State Forest, west of Warwick, SEQ.",-28.205888,151.658603,"GDA2020",500,,,,"C",0
7331561,,"Animalia","Chordata","Mammalia","Carnivora","Felidae","Felis catus","cat",1056,"Linnaeus, 1758",,,False,"II","Incidental Records","Miscellaneous records provided to Harry Hines","22-06-2023","22-06-2023","22-06-2023","Western end of Moon Point Road, Kgari (Fraser Island) section of Great Sandy National Park, SEQ.",-25.217404,153.054701,"GDA2020",20,,,,"C",0
7334252,,"Animalia","Chordata","Mammalia","Carnivora","Felidae","Felis catus","cat",1056,"Linnaeus, 1758",,,False,"II","QPWS incidental fauna data","Sightings from Survey123 app","16-07-2023","16-07-2023","16-07-2023","Wills Developmental Road, northwest of Julia Creek, NWQ.",-20.157667,141.226699,"GDA2020",50,1,"A",,"C",0
9042630,,"Animalia","Chordata","Mammalia","Carnivora","Felidae","Felis catus","cat",1056,"Linnaeus, 1758",,,False,"II","Incidental Records","Keith R. McDonalds Incidental Records","11-12-2024",,"11-12-2024","East Inverleigh Station, 57km along Burketown Rd from Burke Development Rd junction.",-17.982222,140.620833,"GDA2020",100,1,"A",,"V",0
9042631,,"Animalia","Chordata","Mammalia","Carnivora","Felidae","Felis catus","cat",1056,"Linnaeus, 1758",,,False,"II","Incidental Records","Keith R. McDonalds Incidental Records","11-12-2024",,"11-12-2024","East Inverleigh Station, road to homestead.",-18.008889,140.563056,"GDA2020",100,1,"A",,"V",0
9042692,,"Animalia","Chordata","Mammalia","Carnivora","Felidae","Felis catus","cat",1056,"Linnaeus, 1758",,,False,"II","Incidental Records","Keith R. McDonalds Incidental Records","14-12-2024",,"14-12-2024","East Inverleigh Station.",-17.962222,140.653611,"GDA2020",100,1,"A",,"V",0
9042817,,"Animalia","Chordata","Mammalia","Carnivora","Felidae","Felis catus","cat",1056,"Linnaeus, 1758",,,False,"II","Incidental Records","Keith R. McDonalds Incidental Records","13-11-2023",,"13-11-2023","East Inverleigh Station, 0.4 km N of 10 Mile Rd junction on Macallister Rd.",-18.026389,140.573889,"GDA2020",100,1,"A",,"V",0
