WN sighting Id,Provider sighting Id,Kingdom,Phylum,Class,Order,Family,Scientific name,Common name,Taxon Id,Taxon author,NCA,EPBC,Conservation significant,Establishment,Source,Project,Start date,End date,Sighting date,Locality,Latitude,Longitude,Datum,Precision,Count,Count type,Extralimital,Vetting,Restricted record
696152,"9224","Animalia","Chordata","Mammalia","Carnivora","Canidae","Vulpes vulpes","red fox",1071,"(Linnaeus, 1758)",,,False,"II","Southeast Region Fauna Database","SE_FAUNA","18-09-1996","18-09-1996","18-09-1996","COOLOOYPIN CREEK; CAPALABA",-27.544223,153.208015,"GDA2020",100,1,"A",,"C",0
747171,,"Animalia","Chordata","Mammalia","Carnivora","Canidae","Vulpes vulpes","red fox",1071,"(Linnaeus, 1758)",,,False,"II","NatureSearch 1","NatureSearch Records","03-06-1992","03-06-1992","03-06-1992","Boondall wetlands",-27.340058,153.076070,"GDA2020",1300,1,"A",,"C",0
699296,"5558","Animalia","Chordata","Mammalia","Carnivora","Canidae","Vulpes vulpes","red fox",1071,"(Linnaeus, 1758)",,,False,"II","Southeast Region Fauna Database","SE_FAUNA","02-01-1992","02-01-1992","02-01-1992","LAKE WEYBA ENVIRONMENTAL PARK",-26.415060,153.059396,"GDA2020",300,,,,"U",0
769175,,"Animalia","Chordata","Mammalia","Carnivora","Canidae","Vulpes vulpes","red fox",1071,"(Linnaeus, 1758)",,,False,"II","NatureSearch 1","NatureSearch Records","22-06-1992","28-06-1992","22-06-1992","Garragoolba Road, Greenbank",-27.706725,152.942742,"GDA2020",1300,1,"A",,"C",0
699295,"5557","Animalia","Chordata","Mammalia","Carnivora","Canidae","Vulpes vulpes","red fox",1071,"(Linnaeus, 1758)",,,False,"II","Southeast Region Fauna Database","SE_FAUNA","02-01-1992","02-01-1992","02-01-1992","LAKE WEYBA ENVIRONMENTAL PARK",-26.415060,153.059396,"GDA2020",300,,,,"U",0
762339,,"Animalia","Chordata","Mammalia","Carnivora","Canidae","Vulpes vulpes","red fox",1071,"(Linnaeus, 1758)",,,False,"II","NatureSearch 1","NatureSearch Records","21-08-1992","21-08-1992","21-08-1992","No locality provided, Beaudesert",-27.923389,153.176074,"GDA2020",1300,1,"A",,"C",0
699294,"5556","Animalia","Chordata","Mammalia","Carnivora","Canidae","Vulpes vulpes","red fox",1071,"(Linnaeus, 1758)",,,False,"II","Southeast Region Fauna Database","SE_FAUNA","02-01-1992","02-01-1992","02-01-1992","HEADLAND REGION; NOOSA",-26.390060,153.105229,"GDA2020",300,,,,"U",0
699293,"5555","Animalia","Chordata","Mammalia","Carnivora","Canidae","Vulpes vulpes","red fox",1071,"(Linnaeus, 1758)",,,False,"II","Southeast Region Fauna Database","SE_FAUNA","02-01-1992","02-01-1992","02-01-1992","HEADLAND REGION; NOOSA",-26.390060,153.105229,"GDA2020",300,,,,"U",0
699292,"5554","Animalia","Chordata","Mammalia","Carnivora","Canidae","Vulpes vulpes","red fox",1071,"(Linnaeus, 1758)",,,False,"II","Southeast Region Fauna Database","SE_FAUNA","02-01-1992","02-01-1992","02-01-1992","HEADLAND REGION; NOOSA",-26.390060,153.105229,"GDA2020",300,,,,"U",0
699288,"5559","Animalia","Chordata","Mammalia","Carnivora","Canidae","Vulpes vulpes","red fox",1071,"(Linnaeus, 1758)",,,False,"II","Southeast Region Fauna Database","SE_FAUNA","02-01-1992","02-01-1992","02-01-1992","LAKE WEYBA ENVIRONMENTAL PARK",-26.415060,153.059396,"GDA2020",300,,,,"U",0
768978,,"Animalia","Chordata","Mammalia","Carnivora","Canidae","Vulpes vulpes","red fox",1071,"(Linnaeus, 1758)",,,False,"II","NatureSearch 1","NatureSearch Records","06-04-1992","06-04-1992","06-04-1992","No locality provided, Esk",-27.340063,152.426081,"GDA2020",1300,1,"A",,"C",0
768590,,"Animalia","Chordata","Mammalia","Carnivora","Canidae","Vulpes vulpes","red fox",1071,"(Linnaeus, 1758)",,,False,"II","NatureSearch 1","NatureSearch Records","05-07-1992","26-09-1992","05-07-1992","Garragoolba Road, Greenbank",-27.706725,152.942742,"GDA2020",1300,1,"A",,"C",0
776297,,"Animalia","Chordata","Mammalia","Carnivora","Canidae","Vulpes vulpes","red fox",1071,"(Linnaeus, 1758)",,,False,"II","NatureSearch 1","NatureSearch Records","05-07-1992","12-07-1992","05-07-1992","No locality provided, Beaudesert",-27.706725,152.942742,"GDA2020",1300,1,"A",,"C",0
776010,,"Animalia","Chordata","Mammalia","Carnivora","Canidae","Vulpes vulpes","red fox",1071,"(Linnaeus, 1758)",,,False,"II","NatureSearch 1","NatureSearch Records","01-01-1991","01-07-1992","01-01-1991","No locality provided, Beaudesert",-28.123390,152.942746,"GDA2020",1300,1,"A",,"C",0
774567,,"Animalia","Chordata","Mammalia","Carnivora","Canidae","Vulpes vulpes","red fox",1071,"(Linnaeus, 1758)",,,False,"II","NatureSearch 1","NatureSearch Records","01-09-1990","01-12-1990","01-09-1990","No locality provided, Brisbane",-27.423390,153.159403,"GDA2020",1300,1,"A",,"C",0
782007,,"Animalia","Chordata","Mammalia","Carnivora","Canidae","Vulpes vulpes","red fox",1071,"(Linnaeus, 1758)",,,False,"II","NatureSearch 1","NatureSearch Records","21-08-1992","21-08-1992","21-08-1992","Start of the track leading into White Rock Mountain.",-27.690059,152.859410,"GDA2020",1300,2,"A",,"C",0
774642,,"Animalia","Chordata","Mammalia","Carnivora","Canidae","Vulpes vulpes","red fox",1071,"(Linnaeus, 1758)",,,False,"II","NatureSearch 1","NatureSearch Records","03-07-1992","03-07-1992","03-07-1992","No locality provided, Brisbane",-27.423390,153.159403,"GDA2020",1300,1,"A",,"C",0
797350,,"Animalia","Chordata","Mammalia","Carnivora","Canidae","Vulpes vulpes","red fox",1071,"(Linnaeus, 1758)",,,False,"II","NatureSearch 1","NatureSearch Records","17-11-1992","17-11-1992","17-11-1992","Willawong liquid waste treatment plant, Sherbrooke Road, Willawong.",-27.606725,152.992741,"GDA2020",1300,1,"A",,"U",0
755254,,"Animalia","Chordata","Mammalia","Carnivora","Canidae","Vulpes vulpes","red fox",1071,"(Linnaeus, 1758)",,,False,"II","NatureSearch 1","NatureSearch Records","29-06-1992","29-06-1992","29-06-1992","Bellevue homestead, Coominya.",-27.390062,152.509414,"GDA2020",1300,,,,"C",0
696109,"9277","Animalia","Chordata","Mammalia","Carnivora","Canidae","Vulpes vulpes","red fox",1071,"(Linnaeus, 1758)",,,False,"II","Southeast Region Fauna Database","SE_FAUNA","01-10-1996","01-10-1996","01-10-1996","60m FROM END ENTERPRISE ST; NOOSA",-26.067838,153.113559,"GDA2020",9999,1,"A",,"U",0
770919,,"Animalia","Chordata","Mammalia","Carnivora","Canidae","Vulpes vulpes","red fox",1071,"(Linnaeus, 1758)",,,False,"II","NatureSearch 1","NatureSearch Records","01-10-1992","01-11-1992","01-10-1992","No locality provided, Brisbane",-27.473390,153.176070,"GDA2020",1300,1,"A",,"C",0
697489,"7768","Animalia","Chordata","Mammalia","Carnivora","Canidae","Vulpes vulpes","red fox",1071,"(Linnaeus, 1758)",,,False,"II","Southeast Region Fauna Database","SE_FAUNA","01-09-1993","01-09-1993","01-09-1993","MARCUS SHORES",-26.448393,153.084396,"GDA2020",1000,,,,"U",0
807315,,"Animalia","Chordata","Mammalia","Carnivora","Canidae","Vulpes vulpes","red fox",1071,"(Linnaeus, 1758)",,,False,"II","NatureSearch 1","NatureSearch Records","22-11-1992","26-11-1992","22-11-1992","No locality provided, Laidley",-27.723396,152.309420,"GDA2020",1300,1,"A",,"U",0
777287,,"Animalia","Chordata","Mammalia","Carnivora","Canidae","Vulpes vulpes","red fox",1071,"(Linnaeus, 1758)",,,False,"II","NatureSearch 1","NatureSearch Records","07-07-1992","07-07-1992","07-07-1992","Cormorant Bay picnic area, Wivenhoe Dam.",-27.406728,152.626078,"GDA2020",1300,,,,"C",0
752305,,"Animalia","Chordata","Mammalia","Carnivora","Canidae","Vulpes vulpes","red fox",1071,"(Linnaeus, 1758)",,,False,"II","NatureSearch 1","NatureSearch Records","20-02-1992","20-02-1992","20-02-1992","Henderson property, Garragoolba Rd, Greenbank",-27.706725,152.942742,"GDA2020",1300,1,"A",,"C",0
770642,,"Animalia","Chordata","Mammalia","Carnivora","Canidae","Vulpes vulpes","red fox",1071,"(Linnaeus, 1758)",,,False,"II","NatureSearch 1","NatureSearch Records","25-06-1992","25-06-1992","25-06-1992","No locality provided, Beaudesert",-27.806724,152.992742,"GDA2020",1300,1,"A",,"C",0
796855,,"Animalia","Chordata","Mammalia","Carnivora","Canidae","Vulpes vulpes","red fox",1071,"(Linnaeus, 1758)",,,False,"II","NatureSearch 1","NatureSearch Records","26-08-1992","26-08-1992","26-08-1992","Swamp adjacent to Nundah Creek.",-27.356724,153.092737,"GDA2020",1300,1,"A",,"U",0
797524,,"Animalia","Chordata","Mammalia","Carnivora","Canidae","Vulpes vulpes","red fox",1071,"(Linnaeus, 1758)",,,False,"II","NatureSearch 1","NatureSearch Records","01-01-1991","01-01-1992","01-01-1991","No locality provided, Beaudesert",-28.123390,152.959413,"GDA2020",1300,,,,"U",0
796911,,"Animalia","Chordata","Mammalia","Carnivora","Canidae","Vulpes vulpes","red fox",1071,"(Linnaeus, 1758)",,,False,"II","NatureSearch 1","NatureSearch Records","23-08-1992","23-08-1992","23-08-1992","No locality provided, Beaudesert",-27.806723,153.092741,"GDA2020",1300,,,,"U",0
769672,,"Animalia","Chordata","Mammalia","Carnivora","Canidae","Vulpes vulpes","red fox",1071,"(Linnaeus, 1758)",,,False,"II","NatureSearch 1","NatureSearch Records","05-09-1992","05-09-1992","05-09-1992","Joydon Street, Boondall.",-27.356725,153.059404,"GDA2020",1300,1,"A",,"C",0
797278,,"Animalia","Chordata","Mammalia","Carnivora","Canidae","Vulpes vulpes","red fox",1071,"(Linnaeus, 1758)",,,False,"II","NatureSearch 1","NatureSearch Records","21-08-1992","22-08-1992","21-08-1992","Denmark Hill Environmental Park.",-27.623393,152.759411,"GDA2020",1300,,,,"U",0
768551,,"Animalia","Chordata","Mammalia","Carnivora","Canidae","Vulpes vulpes","red fox",1071,"(Linnaeus, 1758)",,,False,"II","NatureSearch 1","NatureSearch Records","09-06-1992","09-06-1992","09-06-1992","No locality provided, Maroochy",-26.706726,153.059399,"GDA2020",1300,1,"A",,"C",0
756121,,"Animalia","Chordata","Mammalia","Carnivora","Canidae","Vulpes vulpes","red fox",1071,"(Linnaeus, 1758)",,,False,"II","NatureSearch 1","NatureSearch Records","01-05-1992","31-05-1992","01-05-1992","brisbane airport",-27.373391,153.126070,"GDA2020",1300,20,"A",,"C",0
769399,,"Animalia","Chordata","Mammalia","Carnivora","Canidae","Vulpes vulpes","red fox",1071,"(Linnaeus, 1758)",,,False,"II","NatureSearch 1","NatureSearch Records","16-08-1992","24-08-1992","16-08-1992","Observers live on Garragoolba Road, Greenbank.",-27.706725,152.942742,"GDA2020",1300,1,"A",,"C",0
762033,,"Animalia","Chordata","Mammalia","Carnivora","Canidae","Vulpes vulpes","red fox",1071,"(Linnaeus, 1758)",,,False,"II","NatureSearch 1","NatureSearch Records","27-07-1992","27-07-1992","27-07-1992","No locality provided, Toowoomba",-27.606732,151.976092,"GDA2020",1300,,,,"C",0
758450,,"Animalia","Chordata","Mammalia","Carnivora","Canidae","Vulpes vulpes","red fox",1071,"(Linnaeus, 1758)",,,False,"II","NatureSearch 1","NatureSearch Records","03-06-1992","03-06-1992","03-06-1992","No locality provided, Brisbane",-27.406724,153.076071,"GDA2020",1300,1,"A",,"C",0
796837,,"Animalia","Chordata","Mammalia","Carnivora","Canidae","Vulpes vulpes","red fox",1071,"(Linnaeus, 1758)",,,False,"II","NatureSearch 1","NatureSearch Records","01-02-1993","01-02-1993","01-02-1993","300m north of Tibrogargan Creek crossing on Glasshouse Mountains Road",-26.940060,152.959402,"GDA2020",1300,1,"A",,"U",0
756934,,"Animalia","Chordata","Mammalia","Carnivora","Canidae","Vulpes vulpes","red fox",1071,"(Linnaeus, 1758)",,,False,"II","NatureSearch 1","NatureSearch Records","13-04-1992","13-04-1992","13-04-1992","Sewage Treatment Plant",-27.090058,153.176067,"GDA2020",1300,2,"A",,"C",0
838553,,"Animalia","Chordata","Mammalia","Carnivora","Canidae","Vulpes vulpes","red fox",1071,"(Linnaeus, 1758)",,,False,"II","NatureSearch 1","NatureSearch Records","01-01-1990","31-12-1992","01-01-1990","WEST CORNUBIA (LOT 403 & PORTION 238) NORTH HILL (HIDAWAY MOUNTAIN STAGE 5)",-27.656723,153.226071,"GDA2020",1300,,,,"U",0
820741,,"Animalia","Chordata","Mammalia","Carnivora","Canidae","Vulpes vulpes","red fox",1071,"(Linnaeus, 1758)",,,False,"II","NatureSearch 1","NatureSearch Records","03-03-1993","03-03-1993","03-03-1993","Bribie Island",-27.090058,153.176067,"GDA2020",1300,1,"A",,"U",0
777435,,"Animalia","Chordata","Mammalia","Carnivora","Canidae","Vulpes vulpes","red fox",1071,"(Linnaeus, 1758)",,,False,"II","NatureSearch 1","NatureSearch Records","07-07-1992","07-07-1992","07-07-1992","Cormorant Bay picnic area, Wivenhoe Dam.",-27.406727,152.642745,"GDA2020",1300,,,,"C",0
753519,,"Animalia","Chordata","Mammalia","Carnivora","Canidae","Vulpes vulpes","red fox",1071,"(Linnaeus, 1758)",,,False,"II","NatureSearch 1","NatureSearch Records","08-04-1992","08-04-1992","08-04-1992","No locality provided, Brisbane",-27.473390,153.176070,"GDA2020",1300,2,"A",,"C",0
781500,,"Animalia","Chordata","Mammalia","Carnivora","Canidae","Vulpes vulpes","red fox",1071,"(Linnaeus, 1758)",,,False,"II","NatureSearch 1","NatureSearch Records","01-07-1992","31-07-1992","01-07-1992","No locality provided, Esk",-27.456728,152.542747,"GDA2020",1300,,,,"C",0
829248,,"Animalia","Chordata","Mammalia","Carnivora","Canidae","Vulpes vulpes","red fox",1071,"(Linnaeus, 1758)",,,False,"II","NatureSearch 1","NatureSearch Records","01-04-1993","30-04-1993","01-04-1993","No locality provided, Caloundra",-26.856727,152.892736,"GDA2020",1300,1,"A",,"U",0
794128,,"Animalia","Chordata","Mammalia","Carnivora","Canidae","Vulpes vulpes","red fox",1071,"(Linnaeus, 1758)",,,False,"II","NatureSearch 1","NatureSearch Records","26-07-1992","26-07-1992","26-07-1992","Beside the David Low Way, Mudjimba Beach area",-26.606726,153.092731,"GDA2020",1300,1,"A",,"U",0
794570,,"Animalia","Chordata","Mammalia","Carnivora","Canidae","Vulpes vulpes","red fox",1071,"(Linnaeus, 1758)",,,False,"II","NatureSearch 1","NatureSearch Records","26-10-1992","31-10-1992","26-10-1992","No locality provided, Moreton",-27.723392,152.826078,"GDA2020",1300,3,"A",,"U",0
798642,,"Animalia","Chordata","Mammalia","Carnivora","Canidae","Vulpes vulpes","red fox",1071,"(Linnaeus, 1758)",,,False,"II","NatureSearch 1","NatureSearch Records","07-12-1992","07-12-1992","07-12-1992","No locality provided, Redcliffe",-27.206725,153.076070,"GDA2020",1300,1,"A",,"U",0
803797,,"Animalia","Chordata","Mammalia","Carnivora","Canidae","Vulpes vulpes","red fox",1071,"(Linnaeus, 1758)",,,False,"II","NatureSearch 1","NatureSearch Records","01-09-1992","31-01-1993","01-09-1992","Lavelle Drive",-27.756723,153.142740,"GDA2020",1300,2,"A",,"U",0
805084,,"Animalia","Chordata","Mammalia","Carnivora","Canidae","Vulpes vulpes","red fox",1071,"(Linnaeus, 1758)",,,False,"II","NatureSearch 1","NatureSearch Records","09-02-1993","09-02-1993","09-02-1993","No locality provided, Beaudesert",-28.156724,152.926080,"GDA2020",1300,1,"A",,"U",0
810127,,"Animalia","Chordata","Mammalia","Carnivora","Canidae","Vulpes vulpes","red fox",1071,"(Linnaeus, 1758)",,,False,"II","NatureSearch 1","NatureSearch Records","01-07-1991","31-07-1991","01-07-1991","Under South-east Freeway where it crosses Marshall Rd, Holland Park.",-27.523391,153.059406,"GDA2020",1300,1,"A",,"U",0
810415,,"Animalia","Chordata","Mammalia","Carnivora","Canidae","Vulpes vulpes","red fox",1071,"(Linnaeus, 1758)",,,False,"II","NatureSearch 1","NatureSearch Records","17-11-1992","17-11-1992","17-11-1992","In forested council & private land off Whites Rd, Manly West behind Boondara St (Melaleuca Park).",-27.473390,153.176070,"GDA2020",1300,3,"A",,"U",0
743150,,"Animalia","Chordata","Mammalia","Carnivora","Canidae","Vulpes vulpes","red fox",1071,"(Linnaeus, 1758)",,,False,"II","NatureSearch 1","NatureSearch Records","29-05-1992","29-05-1992","29-05-1992","Intersection of Zillmere Rd and Sandgate Rd.",-27.356725,153.059404,"GDA2020",1300,1,"A",,"C",0
810677,,"Animalia","Chordata","Mammalia","Carnivora","Canidae","Vulpes vulpes","red fox",1071,"(Linnaeus, 1758)",,,False,"II","NatureSearch 1","NatureSearch Records","24-03-1993","24-03-1993","24-03-1993","Anzac Avenue, Mango Hill. 2.2km south-west of Hays Inlet/Saltwater Creek Crossing",-27.223392,153.026070,"GDA2020",1300,1,"A",,"U",0
874946,,"Animalia","Chordata","Mammalia","Carnivora","Canidae","Vulpes vulpes","red fox",1071,"(Linnaeus, 1758)",,,False,"II","NatureSearch 1","NatureSearch Records","01-07-1993","31-07-1993","01-07-1993","No locality provided, Brisbane",-27.506724,153.076072,"GDA2020",1300,1,"A",,"U",0
850528,,"Animalia","Chordata","Mammalia","Carnivora","Canidae","Vulpes vulpes","red fox",1071,"(Linnaeus, 1758)",,,False,"II","NatureSearch 1","NatureSearch Records","11-06-1993","11-06-1993","11-06-1993","No locality provided, Albert",-27.956722,153.259406,"GDA2020",1300,1,"A",,"U",0
891296,,"Animalia","Chordata","Mammalia","Carnivora","Canidae","Vulpes vulpes","red fox",1071,"(Linnaeus, 1758)",,,False,"II","NatureSearch 1","NatureSearch Records","22-06-1992","11-08-1992","22-06-1992","little liverpool range.",-27.606728,152.542748,"GDA2020",1300,,,,"C",0
794840,,"Animalia","Chordata","Mammalia","Carnivora","Canidae","Vulpes vulpes","red fox",1071,"(Linnaeus, 1758)",,,False,"II","NatureSearch 1","NatureSearch Records","01-01-1992","31-12-1992","01-01-1992","96-110 Hives Rd, Jimboomba.",-27.756724,152.976076,"GDA2020",1300,,,,"U",0
789535,,"Animalia","Chordata","Mammalia","Carnivora","Canidae","Vulpes vulpes","red fox",1071,"(Linnaeus, 1758)",,,False,"II","NatureSearch 1","NatureSearch Records","21-11-1992","21-11-1992","21-11-1992","About 2 kms south-east of Fernvale on Brisbane Valley Highway.",-27.473394,152.659412,"GDA2020",1300,1,"A",,"C",0
891239,,"Animalia","Chordata","Mammalia","Carnivora","Canidae","Vulpes vulpes","red fox",1071,"(Linnaeus, 1758)",,,False,"II","NatureSearch 1","NatureSearch Records","22-06-1992","11-08-1992","22-06-1992","little liverpool range.",-27.623394,152.526082,"GDA2020",1300,,,,"C",0
891394,,"Animalia","Chordata","Mammalia","Carnivora","Canidae","Vulpes vulpes","red fox",1071,"(Linnaeus, 1758)",,,False,"II","NatureSearch 1","NatureSearch Records","22-06-1992","11-08-1992","22-06-1992","perry's knob",-27.606727,152.592747,"GDA2020",1300,,,,"C",0
789580,,"Animalia","Chordata","Mammalia","Carnivora","Canidae","Vulpes vulpes","red fox",1071,"(Linnaeus, 1758)",,,False,"II","NatureSearch 1","NatureSearch Records","21-11-1992","21-11-1992","21-11-1992","Aproximately 800 metres west of Coominya Connection on Atkinson's Dam Road, between Boyce's Road and Banff's Lane.",-27.423395,152.476081,"GDA2020",1300,2,"A",,"C",0
878735,,"Animalia","Chordata","Mammalia","Carnivora","Canidae","Vulpes vulpes","red fox",1071,"(Linnaeus, 1758)",,,False,"II","NatureSearch 1","NatureSearch Records","15-12-1992","30-03-1993","15-12-1992","23 Bertrand Ave, Hattonvale",-27.523395,152.459416,"GDA2020",1300,1,"A",,"U",0
891345,,"Animalia","Chordata","Mammalia","Carnivora","Canidae","Vulpes vulpes","red fox",1071,"(Linnaeus, 1758)",,,False,"II","NatureSearch 1","NatureSearch Records","22-06-1992","11-08-1992","22-06-1992","perry's knob",-27.606727,152.609414,"GDA2020",1300,,,,"C",0
816893,,"Animalia","Chordata","Mammalia","Carnivora","Canidae","Vulpes vulpes","red fox",1071,"(Linnaeus, 1758)",,,False,"II","NatureSearch 1","NatureSearch Records","27-09-1992","27-09-1992","27-09-1992","LOWER SLOPES OF NGUNNGUN, NGUNNGUN NATIONAL PARK.",-26.906727,152.942736,"GDA2020",1300,,,,"U",0
823036,,"Animalia","Chordata","Mammalia","Carnivora","Canidae","Vulpes vulpes","red fox",1071,"(Linnaeus, 1758)",,,False,"II","NatureSearch 1","NatureSearch Records","01-01-1980","31-03-1993","01-01-1980","15 acre property on Pryor Road, Verrierdale.",-26.490060,152.992731,"GDA2020",1300,,,,"U",0
823921,,"Animalia","Chordata","Mammalia","Carnivora","Canidae","Vulpes vulpes","red fox",1071,"(Linnaeus, 1758)",,,False,"II","NatureSearch 1","NatureSearch Records","01-03-1993","31-03-1993","01-03-1993","LOT 8 PEACHESTER RD, PEACHESTER AND SURROUNDS.",-26.856727,152.892736,"GDA2020",1300,1,"A",,"U",0
848393,,"Animalia","Chordata","Mammalia","Carnivora","Canidae","Vulpes vulpes","red fox",1071,"(Linnaeus, 1758)",,,False,"II","NatureSearch 1","NatureSearch Records","05-05-1993","05-05-1993","05-05-1993","Start of Cunningham H'way.",-27.606725,152.859410,"GDA2020",1300,1,"A",,"U",0
795856,,"Animalia","Chordata","Mammalia","Carnivora","Canidae","Vulpes vulpes","red fox",1071,"(Linnaeus, 1758)",,,False,"II","NatureSearch 1","NatureSearch Records","26-12-1992","28-12-1992","26-12-1992","No locality provided, Maroochy",-26.523394,152.992732,"GDA2020",1300,1,"A",,"U",0
899628,,"Animalia","Chordata","Mammalia","Carnivora","Canidae","Vulpes vulpes","red fox",1071,"(Linnaeus, 1758)",,,False,"II","NatureSearch 1","NatureSearch Records","22-11-1993","23-11-1993","22-11-1993","No locality provided, Maroochy",-26.723393,153.042733,"GDA2020",1300,,,,"U",0
881153,,"Animalia","Chordata","Mammalia","Carnivora","Canidae","Vulpes vulpes","red fox",1071,"(Linnaeus, 1758)",,,False,"II","NatureSearch 1","NatureSearch Records","01-01-1980","31-12-1990","01-01-1980","2 ALEXANDER STREET, AROONA CALOUNDRA",-26.773392,153.109398,"GDA2020",1300,,,,"U",0
896205,,"Animalia","Chordata","Mammalia","Carnivora","Canidae","Vulpes vulpes","red fox",1071,"(Linnaeus, 1758)",,,False,"II","NatureSearch 1","NatureSearch Records","08-12-1993","08-12-1993","08-12-1993","REDBANK PLAINS SCHOOL ROAD (corner of Gaoler)",-27.673392,152.859410,"GDA2020",1300,1,"A",,"U",0
796339,,"Animalia","Chordata","Mammalia","Carnivora","Canidae","Vulpes vulpes","red fox",1071,"(Linnaeus, 1758)",,,False,"II","NatureSearch 1","NatureSearch Records","01-05-1992","01-05-1992","01-05-1992","Burleigh Heads N.P.",-28.090053,153.459404,"GDA2020",1300,1,"A",,"U",0
849619,,"Animalia","Chordata","Mammalia","Carnivora","Canidae","Vulpes vulpes","red fox",1071,"(Linnaeus, 1758)",,,False,"II","NatureSearch 1","NatureSearch Records","25-06-1993","25-06-1993","25-06-1993","BOONDALL WETLANDS RESERVE",-27.356724,153.092737,"GDA2020",1300,,,,"U",0
865587,,"Animalia","Chordata","Mammalia","Carnivora","Canidae","Vulpes vulpes","red fox",1071,"(Linnaeus, 1758)",,,False,"II","NatureSearch 1","NatureSearch Records","18-07-1993","18-07-1993","18-07-1993","No locality provided, Albert",-27.940055,153.259406,"GDA2020",1300,1,"A",,"U",0
866922,,"Animalia","Chordata","Mammalia","Carnivora","Canidae","Vulpes vulpes","red fox",1071,"(Linnaeus, 1758)",,,False,"II","NatureSearch 1","NatureSearch Records","15-06-1993","15-06-1993","15-06-1993","Lytton Rd; overpass Gateway arterial",-27.456724,153.126071,"GDA2020",1300,1,"A",,"U",0
872426,,"Animalia","Chordata","Mammalia","Carnivora","Canidae","Vulpes vulpes","red fox",1071,"(Linnaeus, 1758)",,,False,"II","NatureSearch 1","NatureSearch Records","01-03-1993","31-05-1993","01-03-1993","No locality provided, Beaudesert",-27.973389,153.192741,"GDA2020",1300,1,"A",,"U",0
930443,,"Animalia","Chordata","Mammalia","Carnivora","Canidae","Vulpes vulpes","red fox",1071,"(Linnaeus, 1758)",,,False,"II","NatureSearch 1","NatureSearch Records","01-04-1993","30-04-1993","01-04-1993","Gatton campus, University of Queensland",-27.556729,152.342751,"GDA2020",1300,1,"A",,"U",0
874170,,"Animalia","Chordata","Mammalia","Carnivora","Canidae","Vulpes vulpes","red fox",1071,"(Linnaeus, 1758)",,,False,"II","NatureSearch 1","NatureSearch Records","05-08-1993","05-08-1993","05-08-1993","2.5 km east of Prenzlau Road on Warrego Highway, near Minden.",-27.556728,152.526081,"GDA2020",1300,1,"A",,"U",0
886548,,"Animalia","Chordata","Mammalia","Carnivora","Canidae","Vulpes vulpes","red fox",1071,"(Linnaeus, 1758)",,,False,"II","NatureSearch 1","NatureSearch Records","15-08-1993","15-08-1993","15-08-1993","area along Woogaroo creek",-27.656725,152.892743,"GDA2020",1300,1,"A",,"U",0
887305,,"Animalia","Chordata","Mammalia","Carnivora","Canidae","Vulpes vulpes","red fox",1071,"(Linnaeus, 1758)",,,False,"II","NatureSearch 1","NatureSearch Records","29-08-1993","29-08-1993","29-08-1993","Noosa North Shore",-26.373393,153.059396,"GDA2020",1300,,,,"C",0
882631,,"Animalia","Chordata","Mammalia","Carnivora","Canidae","Vulpes vulpes","red fox",1071,"(Linnaeus, 1758)",,,False,"II","NatureSearch 1","NatureSearch Records","07-06-1992","07-06-1992","07-06-1992","No locality provided, Albert",-27.840055,153.376070,"GDA2020",1300,,,,"U",0
927358,,"Animalia","Chordata","Mammalia","Carnivora","Canidae","Vulpes vulpes","red fox",1071,"(Linnaeus, 1758)",,,False,"II","NatureSearch 1","NatureSearch Records","01-01-1993","31-12-1993","01-01-1993","No locality provided, Maroochy",-26.673393,152.976067,"GDA2020",1300,,,,"U",0
905522,,"Animalia","Chordata","Mammalia","Carnivora","Canidae","Vulpes vulpes","red fox",1071,"(Linnaeus, 1758)",,,False,"II","NatureSearch 1","NatureSearch Records","24-01-1994","24-01-1994","24-01-1994","Road on verge of Guanaba Road.",-27.956722,153.259406,"GDA2020",1300,1,"A",,"U",0
825688,,"Animalia","Chordata","Mammalia","Carnivora","Canidae","Vulpes vulpes","red fox",1071,"(Linnaeus, 1758)",,,False,"II","NatureSearch 1","NatureSearch Records","30-04-1993","01-05-1993","30-04-1993","Wolston Park bordering Brisbane River",-27.590058,152.909409,"GDA2020",1300,1,"A",,"U",0
901325,,"Animalia","Chordata","Mammalia","Carnivora","Canidae","Vulpes vulpes","red fox",1071,"(Linnaeus, 1758)",,,False,"II","NatureSearch 1","NatureSearch Records","21-03-1993","21-03-1993","21-03-1993","NORTH PINE RIVER - YEBRA CREEK AREA JUST EAST OF PETRIE.",-27.273392,152.992738,"GDA2020",1300,,,,"U",0
905313,,"Animalia","Chordata","Mammalia","Carnivora","Canidae","Vulpes vulpes","red fox",1071,"(Linnaeus, 1758)",,,False,"II","NatureSearch 1","NatureSearch Records","01-01-1982","31-12-1992","01-01-1982","No locality provided, Caloundra",-26.790062,152.759404,"GDA2020",1300,,,,"U",0
928568,,"Animalia","Chordata","Mammalia","Carnivora","Canidae","Vulpes vulpes","red fox",1071,"(Linnaeus, 1758)",,,False,"II","NatureSearch 1","NatureSearch Records","13-12-1993","03-01-1994","13-12-1993","No locality provided, Caboolture",-27.090058,153.176067,"GDA2020",1300,1,"A",,"U",0
937407,,"Animalia","Chordata","Mammalia","Carnivora","Canidae","Vulpes vulpes","red fox",1071,"(Linnaeus, 1758)",,,False,"II","NatureSearch 1","NatureSearch Records","24-03-1992","24-03-1992","24-03-1992","Near intersection of Tenthill Creek Road, Old Ropely Road, Winwill Connection, Woodlands",-27.606730,152.226087,"GDA2020",1300,1,"A",,"U",0
944784,,"Animalia","Chordata","Mammalia","Carnivora","Canidae","Vulpes vulpes","red fox",1071,"(Linnaeus, 1758)",,,False,"II","NatureSearch 1","NatureSearch Records","01-01-1988","31-12-1993","01-01-1988","No locality provided, Maroochy",-26.556728,152.876067,"GDA2020",1300,1,"A",,"U",0
839704,,"Animalia","Chordata","Mammalia","Carnivora","Canidae","Vulpes vulpes","red fox",1071,"(Linnaeus, 1758)",,,False,"II","NatureSearch 1","NatureSearch Records","07-04-1993","07-04-1993","07-04-1993","ROAD FROM CURTIS FALLS TO EAGLE HEIGHTS; NEAR JOALAH NATIONAL PARK.",-27.923389,153.192740,"GDA2020",1300,1,"A",,"U",0
932514,,"Animalia","Chordata","Mammalia","Carnivora","Canidae","Vulpes vulpes","red fox",1071,"(Linnaeus, 1758)",,,False,"II","NatureSearch 1","NatureSearch Records","01-06-1991","30-06-1992","01-06-1991","Gold Scrub, Nth Pine Dam - Samford-Dayboro Rd to Samsonvale Cemetery.",-27.273393,152.859407,"GDA2020",1300,,,,"U",0
892639,,"Animalia","Chordata","Mammalia","Carnivora","Canidae","Vulpes vulpes","red fox",1071,"(Linnaeus, 1758)",,,False,"II","NatureSearch 1","NatureSearch Records","09-11-1993","09-11-1993","09-11-1993","montuille man rd",-26.690060,152.909401,"GDA2020",1300,1,"A",,"U",0
894254,,"Animalia","Chordata","Mammalia","Carnivora","Canidae","Vulpes vulpes","red fox",1071,"(Linnaeus, 1758)",,,False,"II","NatureSearch 1","NatureSearch Records","07-12-1993","07-12-1993","07-12-1993","Greenbank State School Environmental Park",-27.706724,152.976075,"GDA2020",1300,1,"A",,"U",0
848365,,"Animalia","Chordata","Mammalia","Carnivora","Canidae","Vulpes vulpes","red fox",1071,"(Linnaeus, 1758)",,,False,"II","NatureSearch 1","NatureSearch Records","26-06-1993","26-06-1993","26-06-1993","Woorim-Koolamara Hotel in scrub behind dune.",-27.073391,153.209400,"GDA2020",1300,1,"A",,"U",0
895601,,"Animalia","Chordata","Mammalia","Carnivora","Canidae","Vulpes vulpes","red fox",1071,"(Linnaeus, 1758)",,,False,"II","NatureSearch 1","NatureSearch Records","05-12-1993","05-12-1993","05-12-1993","No locality provided, Caloundra",-26.790060,152.992734,"GDA2020",1300,1,"A",,"U",0
841545,,"Animalia","Chordata","Mammalia","Carnivora","Canidae","Vulpes vulpes","red fox",1071,"(Linnaeus, 1758)",,,False,"II","NatureSearch 1","NatureSearch Records","30-05-1993","30-05-1993","30-05-1993","SOUTHERN OUTSKIRTS OF FERNVALE",-27.456727,152.659412,"GDA2020",1300,1,"A",,"U",0
900753,,"Animalia","Chordata","Mammalia","Carnivora","Canidae","Vulpes vulpes","red fox",1071,"(Linnaeus, 1758)",,,False,"II","NatureSearch 1","NatureSearch Records","03-02-1993","03-02-1993","03-02-1993","Glasshouse Mountains scenic drive between Landsborough turnoffs",-26.806726,152.976068,"GDA2020",1300,1,"A",,"U",0
944654,,"Animalia","Chordata","Mammalia","Carnivora","Canidae","Vulpes vulpes","red fox",1071,"(Linnaeus, 1758)",,,False,"II","NatureSearch 1","NatureSearch Records","01-02-1981","24-01-1994","01-02-1981","14 ACRES ON FRANKS LANE, WAMURAN.",-27.040060,152.876071,"GDA2020",1300,,,,"U",0
946610,,"Animalia","Chordata","Mammalia","Carnivora","Canidae","Vulpes vulpes","red fox",1071,"(Linnaeus, 1758)",,,False,"II","NatureSearch 1","NatureSearch Records","01-01-1990","31-12-1991","01-01-1990","Cedar Creek and Tamborine areas",-27.906723,153.126075,"GDA2020",1300,,,,"U",0
834996,,"Animalia","Chordata","Mammalia","Carnivora","Canidae","Vulpes vulpes","red fox",1071,"(Linnaeus, 1758)",,,False,"II","NatureSearch 1","NatureSearch Records","01-01-1993","01-05-1993","01-01-1993","No locality provided, Toowoomba",-27.606732,151.926092,"GDA2020",1300,1,"A",,"U",0
907208,,"Animalia","Chordata","Mammalia","Carnivora","Canidae","Vulpes vulpes","red fox",1071,"(Linnaeus, 1758)",,,False,"II","NatureSearch 1","NatureSearch Records","01-07-1990","31-08-1990","01-07-1990","Ditchman s Road, Grantham",-27.556731,152.159421,"GDA2020",1300,1,"A",,"U",0
948552,,"Animalia","Chordata","Mammalia","Carnivora","Canidae","Vulpes vulpes","red fox",1071,"(Linnaeus, 1758)",,,False,"II","NatureSearch 1","NatureSearch Records","02-07-1994","05-07-1994","02-07-1994","Opossum Creek.",-27.640059,152.892743,"GDA2020",1300,,,,"U",0
901257,,"Animalia","Chordata","Mammalia","Carnivora","Canidae","Vulpes vulpes","red fox",1071,"(Linnaeus, 1758)",,,False,"II","NatureSearch 1","NatureSearch Records","21-03-1993","21-03-1993","21-03-1993","NORTH PINE RIVER - YEBRA CREEK AREA JUST EAST OF PETRIE.",-27.256725,152.992738,"GDA2020",1300,2,"A",,"U",0
951259,,"Animalia","Chordata","Mammalia","Carnivora","Canidae","Vulpes vulpes","red fox",1071,"(Linnaeus, 1758)",,,False,"II","NatureSearch 1","NatureSearch Records","28-07-1994","29-07-1994","28-07-1994","Neill Rd, Mooloola",-26.756727,152.959401,"GDA2020",1300,,,,"U",0
909107,,"Animalia","Chordata","Mammalia","Carnivora","Canidae","Vulpes vulpes","red fox",1071,"(Linnaeus, 1758)",,,False,"II","NatureSearch 1","NatureSearch Records","24-09-1992","24-09-1992","24-09-1992","No locality provided, Esk",-27.240063,152.426080,"GDA2020",1300,,,,"U",0
907757,,"Animalia","Chordata","Mammalia","Carnivora","Canidae","Vulpes vulpes","red fox",1071,"(Linnaeus, 1758)",,,False,"II","NatureSearch 1","NatureSearch Records","22-12-1992","22-12-1992","22-12-1992","Alluvial cliff along Flagstone Creek, Upper flagstone Creek Road, 0.6 km from Flagstone Creek Rd.",-27.623398,152.059424,"GDA2020",1300,1,"A",,"U",0
908280,,"Animalia","Chordata","Mammalia","Carnivora","Canidae","Vulpes vulpes","red fox",1071,"(Linnaeus, 1758)",,,False,"II","NatureSearch 1","NatureSearch Records","02-10-1993","02-10-1993","02-10-1993","Mt Miketeebumulgra western side.",-27.006727,152.892737,"GDA2020",1300,,,,"U",0
954672,,"Animalia","Chordata","Mammalia","Carnivora","Canidae","Vulpes vulpes","red fox",1071,"(Linnaeus, 1758)",,,False,"II","NatureSearch 1","NatureSearch Records","30-08-1994","30-08-1994","30-08-1994","No locality provided, Caboolture",-27.090058,153.176067,"GDA2020",1300,1,"A",,"U",0
955340,,"Animalia","Chordata","Mammalia","Carnivora","Canidae","Vulpes vulpes","red fox",1071,"(Linnaeus, 1758)",,,False,"II","NatureSearch 1","NatureSearch Records","03-09-1994","04-09-1994","03-09-1994","Beerwah Scientific area",-26.856726,152.976068,"GDA2020",1300,,,,"U",0
909962,,"Animalia","Chordata","Mammalia","Carnivora","Canidae","Vulpes vulpes","red fox",1071,"(Linnaeus, 1758)",,,False,"II","NatureSearch 1","NatureSearch Records","01-06-1994","01-06-1994","01-06-1994","Western Freeway near Mount Coot-tha Botanic Gardens 1.3km from Milton End",-27.473392,152.976073,"GDA2020",1300,1,"A",,"U",0
926481,,"Animalia","Chordata","Mammalia","Carnivora","Canidae","Vulpes vulpes","red fox",1071,"(Linnaeus, 1758)",,,False,"II","NatureSearch 1","NatureSearch Records","01-12-1993","01-12-1993","01-12-1993","Waterford-Tamborine Road, Tamborine Village",-27.790057,153.109407,"GDA2020",1300,,,,"U",0
934575,,"Animalia","Chordata","Mammalia","Carnivora","Canidae","Vulpes vulpes","red fox",1071,"(Linnaeus, 1758)",,,False,"II","NatureSearch 1","NatureSearch Records","03-03-1994","03-03-1994","03-03-1994","WHITES ROAD, LOTA.",-27.473390,153.176070,"GDA2020",1300,1,"A",,"U",0
923994,,"Animalia","Chordata","Mammalia","Carnivora","Canidae","Vulpes vulpes","red fox",1071,"(Linnaeus, 1758)",,,False,"II","NatureSearch 1","NatureSearch Records","06-11-1993","06-11-1993","06-11-1993","1.5 km west of Kilcoy on Sheep Station Creek.",-26.923396,152.542742,"GDA2020",1300,,,,"U",0
938925,,"Animalia","Chordata","Mammalia","Carnivora","Canidae","Vulpes vulpes","red fox",1071,"(Linnaeus, 1758)",,,False,"II","NatureSearch 1","NatureSearch Records","25-09-1992","25-09-1992","25-09-1992","2.1 KM NORTH OF BRISBANE VALLEY HIGHWAY ON SOMERSET-WIVENHOE RD.",-27.406727,152.642745,"GDA2020",1300,1,"A",,"U",0
982003,,"Animalia","Chordata","Mammalia","Carnivora","Canidae","Vulpes vulpes","red fox",1071,"(Linnaeus, 1758)",,,False,"II","NatureSearch 1","NatureSearch Records","01-01-1986","31-12-1992","01-01-1986","McKey Road, Crossdale",-27.206729,152.526078,"GDA2020",1300,,,,"U",0
914450,,"Animalia","Chordata","Mammalia","Carnivora","Canidae","Vulpes vulpes","red fox",1071,"(Linnaeus, 1758)",,,False,"II","NatureSearch 1","NatureSearch Records","20-11-1994","20-11-1994","20-11-1994","Glasshouse mountains tourist drive(old brucehighway)",-26.773393,153.042733,"GDA2020",1300,1,"A",,"U",0
938047,,"Animalia","Chordata","Mammalia","Carnivora","Canidae","Vulpes vulpes","red fox",1071,"(Linnaeus, 1758)",,,False,"II","NatureSearch 1","NatureSearch Records","29-03-1994","29-03-1994","29-03-1994","Spa Water Road, Helidon",-27.573398,152.109422,"GDA2020",1300,1,"A",,"U",0
939311,,"Animalia","Chordata","Mammalia","Carnivora","Canidae","Vulpes vulpes","red fox",1071,"(Linnaeus, 1758)",,,False,"II","NatureSearch 1","NatureSearch Records","23-09-1992","23-09-1992","23-09-1992","Nathan Road 'Wetlands', Redcliffe",-27.206725,153.076070,"GDA2020",1300,,,,"U",0
951125,,"Animalia","Chordata","Mammalia","Carnivora","Canidae","Vulpes vulpes","red fox",1071,"(Linnaeus, 1758)",,,False,"II","NatureSearch 1","NatureSearch Records","28-07-1994","28-07-1994","28-07-1994","Neill Rd, Mooloola",-26.740060,152.942734,"GDA2020",1300,1,"A",,"U",0
897292,,"Animalia","Chordata","Mammalia","Carnivora","Canidae","Vulpes vulpes","red fox",1071,"(Linnaeus, 1758)",,,False,"II","NatureSearch 1","NatureSearch Records","01-10-1992","31-10-1992","01-10-1992","Tent Hill Creek Road, Woodlands via Gatton",-27.623397,152.242754,"GDA2020",1300,1,"A",,"U",0
897306,,"Animalia","Chordata","Mammalia","Carnivora","Canidae","Vulpes vulpes","red fox",1071,"(Linnaeus, 1758)",,,False,"II","NatureSearch 1","NatureSearch Records","01-10-1992","31-10-1992","01-10-1992","Tent Hill Creek Road, Woodlands via Gatton",-27.623397,152.226087,"GDA2020",1300,,,,"U",0
950801,,"Animalia","Chordata","Mammalia","Carnivora","Canidae","Vulpes vulpes","red fox",1071,"(Linnaeus, 1758)",,,False,"II","NatureSearch 1","NatureSearch Records","01-07-1994","30-07-1994","01-07-1994","No locality provided, Ipswich",-27.606725,152.876076,"GDA2020",1300,2,"A",,"U",0
983164,,"Animalia","Chordata","Mammalia","Carnivora","Canidae","Vulpes vulpes","red fox",1071,"(Linnaeus, 1758)",,,False,"II","NatureSearch 1","NatureSearch Records","25-09-1992","25-09-1992","25-09-1992","Railway line 2km N. of Harlin on Brisbane Valley Hwy.",-26.956731,152.359412,"GDA2020",1300,,,,"U",0
975296,,"Animalia","Chordata","Mammalia","Carnivora","Canidae","Vulpes vulpes","red fox",1071,"(Linnaeus, 1758)",,,False,"II","NatureSearch 1","NatureSearch Records","11-09-1992","11-10-1992","11-09-1992","Christmas Creek Rd area",-28.123390,152.959413,"GDA2020",1300,,,,"U",0
951192,,"Animalia","Chordata","Mammalia","Carnivora","Canidae","Vulpes vulpes","red fox",1071,"(Linnaeus, 1758)",,,False,"II","NatureSearch 1","NatureSearch Records","28-07-1994","29-07-1994","28-07-1994","Neill Rd, Mooloola",-26.740060,152.959401,"GDA2020",1300,,,,"U",0
951871,,"Animalia","Chordata","Mammalia","Carnivora","Canidae","Vulpes vulpes","red fox",1071,"(Linnaeus, 1758)",,,False,"II","NatureSearch 1","NatureSearch Records","12-08-1994","12-08-1994","12-08-1994","Atkinson's Lagoon",-27.423396,152.426082,"GDA2020",1300,1,"A",,"U",0
953182,,"Animalia","Chordata","Mammalia","Carnivora","Canidae","Vulpes vulpes","red fox",1071,"(Linnaeus, 1758)",,,False,"II","NatureSearch 1","NatureSearch Records","16-07-1994","16-07-1994","16-07-1994","Karawatha Forest.",-27.623391,153.076073,"GDA2020",1300,,,,"U",0
955419,,"Animalia","Chordata","Mammalia","Carnivora","Canidae","Vulpes vulpes","red fox",1071,"(Linnaeus, 1758)",,,False,"II","NatureSearch 1","NatureSearch Records","16-09-1994","16-09-1994","16-09-1994","Cloverdale Lawns, Jindalee",-27.540058,152.959407,"GDA2020",1300,2,"A",,"U",0
993039,,"Animalia","Chordata","Mammalia","Carnivora","Canidae","Vulpes vulpes","red fox",1071,"(Linnaeus, 1758)",,,False,"II","NatureSearch 1","NatureSearch Records","09-03-1994","09-03-1994","09-03-1994","No locality provided, Caboolture",-27.073391,153.176067,"GDA2020",1300,1,"A",,"U",0
958308,,"Animalia","Chordata","Mammalia","Carnivora","Canidae","Vulpes vulpes","red fox",1071,"(Linnaeus, 1758)",,,False,"II","NatureSearch 1","NatureSearch Records","01-08-1994","31-08-1994","01-08-1994","No locality provided, Esk",-27.456728,152.542747,"GDA2020",1300,,,,"U",0
993402,,"Animalia","Chordata","Mammalia","Carnivora","Canidae","Vulpes vulpes","red fox",1071,"(Linnaeus, 1758)",,,False,"II","NatureSearch 1","NatureSearch Records","01-01-1994","31-01-1994","01-01-1994","No locality provided, Albert",-28.173388,153.192742,"GDA2020",1300,,,,"U",0
959192,,"Animalia","Chordata","Mammalia","Carnivora","Canidae","Vulpes vulpes","red fox",1071,"(Linnaeus, 1758)",,,False,"II","NatureSearch 1","NatureSearch Records","23-04-1994","23-04-1994","23-04-1994","On Maroochydore Rd between Wise Rd & Parson s Rd turnoffs.",-26.673393,153.026066,"GDA2020",1300,4,"A",,"U",0
961625,,"Animalia","Chordata","Mammalia","Carnivora","Canidae","Vulpes vulpes","red fox",1071,"(Linnaeus, 1758)",,,False,"II","NatureSearch 1","NatureSearch Records","15-10-1994","15-10-1994","15-10-1994","1.5km west of Mt Crosby Rd on Warrego Hwy - Chuwar.",-27.573393,152.792744,"GDA2020",1300,,,,"U",0
990825,,"Animalia","Chordata","Mammalia","Carnivora","Canidae","Vulpes vulpes","red fox",1071,"(Linnaeus, 1758)",,,False,"II","NatureSearch 1","NatureSearch Records","17-11-1993","19-11-1993","17-11-1993","SAPLING POCKET",-27.490060,152.726077,"GDA2020",1300,4,"A",,"U",0
987794,,"Animalia","Chordata","Mammalia","Carnivora","Canidae","Vulpes vulpes","red fox",1071,"(Linnaeus, 1758)",,,False,"II","NatureSearch 1","NatureSearch Records","01-01-1993","30-04-1993","01-01-1993","No locality provided, Albert",-28.056721,153.342739,"GDA2020",1300,1,"A",,"U",0
965508,,"Animalia","Chordata","Mammalia","Carnivora","Canidae","Vulpes vulpes","red fox",1071,"(Linnaeus, 1758)",,,False,"II","NatureSearch 1","NatureSearch Records","08-08-1994","08-08-1994","08-08-1994","DRAPERS RD, WANORA NEAR FERNVALE",-27.506727,152.676078,"GDA2020",1300,1,"A",,"U",0
990700,,"Animalia","Chordata","Mammalia","Carnivora","Canidae","Vulpes vulpes","red fox",1071,"(Linnaeus, 1758)",,,False,"II","NatureSearch 1","NatureSearch Records","17-11-1993","19-11-1993","17-11-1993","BRISBANE RIVER & BANKS, SOUTH-EAST OF SAPLING POCKET",-27.506726,152.742744,"GDA2020",1300,1,"A",,"U",0
939453,,"Animalia","Chordata","Mammalia","Carnivora","Canidae","Vulpes vulpes","red fox",1071,"(Linnaeus, 1758)",,,False,"II","NatureSearch 1","NatureSearch Records","01-01-1992","31-12-1992","01-01-1992","PROPERTY ADJACENT TO RIDING SCHOOL AT THE BASE OF MT. O'REILLY.",-27.356726,152.826075,"GDA2020",1300,,,,"U",0
961624,,"Animalia","Chordata","Mammalia","Carnivora","Canidae","Vulpes vulpes","red fox",1071,"(Linnaeus, 1758)",,,False,"II","NatureSearch 1","NatureSearch Records","15-10-1994","15-10-1994","15-10-1994","1.5km west of Mt Crosby Rd on Warrego Hwy - Chuwar.",-27.573393,152.776077,"GDA2020",1300,1,"A",,"U",0
965190,,"Animalia","Chordata","Mammalia","Carnivora","Canidae","Vulpes vulpes","red fox",1071,"(Linnaeus, 1758)",,,False,"II","NatureSearch 1","NatureSearch Records","09-11-1994","10-11-1994","09-11-1994","Along Kerkin Rd, north of the Pimpana River.",-27.790055,153.342737,"GDA2020",1300,1,"A",,"U",0
995738,,"Animalia","Chordata","Mammalia","Carnivora","Canidae","Vulpes vulpes","red fox",1071,"(Linnaeus, 1758)",,,False,"II","NatureSearch 1","NatureSearch Records","12-10-1993","12-10-1993","12-10-1993","BRIGGS ROAD, FLINDERS VIEW; BETWEEN DEEBING CREEK TO THE WEST AND REEDY CREEK TO THE NORTH",-27.656726,152.759412,"GDA2020",1300,,,,"U",0
940890,,"Animalia","Chordata","Mammalia","Carnivora","Canidae","Vulpes vulpes","red fox",1071,"(Linnaeus, 1758)",,,False,"II","NatureSearch 1","NatureSearch Records","20-04-1994","20-04-1994","20-04-1994","JUNCT OF NEWBIETH RD WITH TULLY-MCTAGGARD RDS GREENBANK",-27.740058,152.942743,"GDA2020",1300,1,"A",,"U",0
944481,,"Animalia","Chordata","Mammalia","Carnivora","Canidae","Vulpes vulpes","red fox",1071,"(Linnaeus, 1758)",,,False,"II","NatureSearch 1","NatureSearch Records","22-05-1994","22-05-1994","22-05-1994","No locality provided, Ipswich",-27.606726,152.759411,"GDA2020",1300,1,"A",,"U",0
944456,,"Animalia","Chordata","Mammalia","Carnivora","Canidae","Vulpes vulpes","red fox",1071,"(Linnaeus, 1758)",,,False,"II","NatureSearch 1","NatureSearch Records","22-05-1994","22-05-1994","22-05-1994","Redbank Rifle Range alongside Goodna Creek",-27.606725,152.876076,"GDA2020",1300,1,"A",,"U",0
998837,,"Animalia","Chordata","Mammalia","Carnivora","Canidae","Vulpes vulpes","red fox",1071,"(Linnaeus, 1758)",,,False,"II","NatureSearch 1","NatureSearch Records","03-07-1994","03-07-1994","03-07-1994","Creek crossing 2.9km up Adare Rd from Redbank Rd.",-27.506730,152.292752,"GDA2020",1300,,,,"U",0
974356,,"Animalia","Chordata","Mammalia","Carnivora","Canidae","Vulpes vulpes","red fox",1071,"(Linnaeus, 1758)",,,False,"II","NatureSearch 1","NatureSearch Records","06-12-1993","06-12-1993","06-12-1993","2KM SOUTH OF CORNER OF NORTHBROOK PARK ROAD & SOMERSET WYVENHOE ROAD - BETWEEN WYNEVHOE DAM & MOUNT GLORIOUS.",-27.306728,152.609411,"GDA2020",1300,1,"A",,"U",0
1017886,,"Animalia","Chordata","Mammalia","Carnivora","Canidae","Vulpes vulpes","red fox",1071,"(Linnaeus, 1758)",,,False,"II","NatureSearch 1","NatureSearch Records","27-06-1992","27-06-1992","27-06-1992","No locality provided, Laidley",-27.573395,152.492749,"GDA2020",1300,1,"A",,"U",0
974368,,"Animalia","Chordata","Mammalia","Carnivora","Canidae","Vulpes vulpes","red fox",1071,"(Linnaeus, 1758)",,,False,"II","NatureSearch 1","NatureSearch Records","12-03-1993","12-03-1993","12-03-1993","DRIVING FROM KALLANGUR TO JOLLYS LOOKOUT VIA WINN ROAD, GOAT TRACK - THEN TO NORTH BROOK LOOKOUT AND RETURN; BRISBANE FOREST PARK.",-27.290060,152.859407,"GDA2020",1300,1,"A",,"U",0
975257,,"Animalia","Chordata","Mammalia","Carnivora","Canidae","Vulpes vulpes","red fox",1071,"(Linnaeus, 1758)",,,False,"II","NatureSearch 1","NatureSearch Records","11-09-1992","11-10-1992","11-09-1992","Christmas Creek Rd area",-28.123390,152.942746,"GDA2020",1300,1,"A",,"U",0
1009577,,"Animalia","Chordata","Mammalia","Carnivora","Canidae","Vulpes vulpes","red fox",1071,"(Linnaeus, 1758)",,,False,"II","NatureSearch 1","NatureSearch Records","01-11-1994","30-11-1994","01-11-1994","No locality provided, Esk",-27.456728,152.542747,"GDA2020",1300,,,,"U",0
994260,,"Animalia","Chordata","Mammalia","Carnivora","Canidae","Vulpes vulpes","red fox",1071,"(Linnaeus, 1758)",,,False,"II","NatureSearch 1","NatureSearch Records","21-05-1994","22-05-1994","21-05-1994","8 wetmouth place, alexandra hills",-27.540056,153.226070,"GDA2020",1300,1,"A",,"U",0
1563855,,"Animalia","Chordata","Mammalia","Carnivora","Canidae","Vulpes vulpes","red fox",1071,"(Linnaeus, 1758)",,,False,"II","Integrated Biological Information System (IBIS)","Off Park Site surveys for acquisitions                      ","26-03-1994","26-03-1994","26-03-1994","Stanwell",-23.481741,150.334421,"GDA2020",20000,,,,"C",0
1565579,,"Animalia","Chordata","Mammalia","Carnivora","Canidae","Vulpes vulpes","red fox",1071,"(Linnaeus, 1758)",,,False,"II","Integrated Biological Information System (IBIS)","General Check Lists                                         ","06-07-1998","06-07-1998","06-07-1998","Burrum Coast NP - Kinkuna",-25.115067,152.534392,"GDA2020",20000,,,,"C",0
1010328,,"Animalia","Chordata","Mammalia","Carnivora","Canidae","Vulpes vulpes","red fox",1071,"(Linnaeus, 1758)",,,False,"II","NatureSearch 1","NatureSearch Records","23-11-1994","23-11-1994","23-11-1994","No locality provided, Pine Rivers",-27.323394,152.759409,"GDA2020",1300,1,"A",,"U",0
988975,,"Animalia","Chordata","Mammalia","Carnivora","Canidae","Vulpes vulpes","red fox",1071,"(Linnaeus, 1758)",,,False,"II","NatureSearch 1","NatureSearch Records","05-08-1993","07-08-1993","05-08-1993","BELOW BOB DODD LOOKOUT AREA, PICNIC POINT, TOOWOOMBA",-27.590065,151.992758,"GDA2020",1300,,,,"U",0
1573149,,"Animalia","Chordata","Mammalia","Carnivora","Canidae","Vulpes vulpes","red fox",1071,"(Linnaeus, 1758)",,,False,"II","Integrated Biological Information System (IBIS)","General Check Lists                                         ","01-10-1996","01-10-1996","01-10-1996","Theodore Area",-24.923958,150.030818,"GDA2020",500,,,,"U",0
1573259,,"Animalia","Chordata","Mammalia","Carnivora","Canidae","Vulpes vulpes","red fox",1071,"(Linnaeus, 1758)",,,False,"II","Integrated Biological Information System (IBIS)","General Check Lists                                         ","22-03-1997","22-03-1997","22-03-1997","Clermont",-22.739261,147.634171,"GDA2020",500,,,,"U",0
1573567,,"Animalia","Chordata","Mammalia","Carnivora","Canidae","Vulpes vulpes","red fox",1071,"(Linnaeus, 1758)",,,False,"II","Integrated Biological Information System (IBIS)","General Check Lists                                         ","31-07-1987","31-07-1987","31-07-1987","Kroombit Tops - SF General",-24.397974,150.958857,"GDA2020",500,,,,"U",0
1574248,,"Animalia","Chordata","Mammalia","Carnivora","Canidae","Vulpes vulpes","red fox",1071,"(Linnaeus, 1758)",,,False,"II","Integrated Biological Information System (IBIS)","General Check Lists                                         ","06-07-1998","06-07-1998","06-07-1998","Deepwater NP",-24.281739,151.917731,"GDA2020",20000,,,,"C",0
982622,,"Animalia","Chordata","Mammalia","Carnivora","Canidae","Vulpes vulpes","red fox",1071,"(Linnaeus, 1758)",,,False,"II","NatureSearch 1","NatureSearch Records","24-09-1992","24-09-1992","24-09-1992","0.5km south of Linville, along railway line embankment.",-26.840065,152.276079,"GDA2020",1300,,,,"U",0
1018853,,"Animalia","Chordata","Mammalia","Carnivora","Canidae","Vulpes vulpes","red fox",1071,"(Linnaeus, 1758)",,,False,"II","NatureSearch 1","NatureSearch Records","17-11-1992","17-11-1992","17-11-1992","Willawong liquid waste treatment plant, Sherbrooke Road, Willawong.",-27.606725,152.992741,"GDA2020",1300,1,"A",,"U",0
988899,,"Animalia","Chordata","Mammalia","Carnivora","Canidae","Vulpes vulpes","red fox",1071,"(Linnaeus, 1758)",,,False,"II","NatureSearch 1","NatureSearch Records","05-08-1993","07-08-1993","05-08-1993","TABLETOP MOUNTAIN, TOOWOOMBA",-27.573398,152.009424,"GDA2020",1300,1,"A",,"U",0
988937,,"Animalia","Chordata","Mammalia","Carnivora","Canidae","Vulpes vulpes","red fox",1071,"(Linnaeus, 1758)",,,False,"II","NatureSearch 1","NatureSearch Records","05-08-1993","07-08-1993","05-08-1993","BELOW BOB DODD LOOKOUT AREA, PICNIC POINT, TOOWOOMBA",-27.573399,151.992758,"GDA2020",1300,1,"A",,"U",0
1565670,,"Animalia","Chordata","Mammalia","Carnivora","Canidae","Vulpes vulpes","red fox",1071,"(Linnaeus, 1758)",,,False,"II","Integrated Biological Information System (IBIS)","General Check Lists                                         ","01-07-1991","01-07-1991","01-07-1991","Mt Walsh NP",-25.581735,152.017738,"GDA2020",20000,,,,"U",0
1572545,,"Animalia","Chordata","Mammalia","Carnivora","Canidae","Vulpes vulpes","red fox",1071,"(Linnaeus, 1758)",,,False,"II","Integrated Biological Information System (IBIS)","General Check Lists                                         ","15-06-1996","15-06-1996","15-06-1996","Wongi waterholes",-25.248399,152.584392,"GDA2020",2000,10,"E",,"U",0
989337,,"Animalia","Chordata","Mammalia","Carnivora","Canidae","Vulpes vulpes","red fox",1071,"(Linnaeus, 1758)",,,False,"II","NatureSearch 1","NatureSearch Records","14-07-1993","15-07-1993","14-07-1993","WOLSTON PARK DAM & IMMEDIATE SURROUNDS",-27.590058,152.909409,"GDA2020",1300,2,"A",,"U",0
993997,,"Animalia","Chordata","Mammalia","Carnivora","Canidae","Vulpes vulpes","red fox",1071,"(Linnaeus, 1758)",,,False,"II","NatureSearch 1","NatureSearch Records","01-09-1993","30-09-1993","01-09-1993","No locality provided, Esk",-27.456728,152.542747,"GDA2020",1300,1,"A",,"C",0
1579235,,"Animalia","Chordata","Mammalia","Carnivora","Canidae","Vulpes vulpes","red fox",1071,"(Linnaeus, 1758)",,,False,"II","Integrated Biological Information System (IBIS)","Curtis Island                                               ","07-09-1994","07-09-1994","07-09-1994","Curtis Island",-23.601187,151.176075,"GDA2020",500,1,"A",,"C",0
1012718,,"Animalia","Chordata","Mammalia","Carnivora","Canidae","Vulpes vulpes","red fox",1071,"(Linnaeus, 1758)",,,False,"II","NatureSearch 1","NatureSearch Records","25-02-1994","28-02-1994","25-02-1994","No locality provided, Redland",-27.406722,153.459398,"GDA2020",1300,1,"A",,"U",0
995642,,"Animalia","Chordata","Mammalia","Carnivora","Canidae","Vulpes vulpes","red fox",1071,"(Linnaeus, 1758)",,,False,"II","NatureSearch 1","NatureSearch Records","05-06-1994","05-06-1994","05-06-1994","brightview rd between woolshed ck and court ave",-27.506728,152.492748,"GDA2020",1300,1,"A",,"U",0
995692,,"Animalia","Chordata","Mammalia","Carnivora","Canidae","Vulpes vulpes","red fox",1071,"(Linnaeus, 1758)",,,False,"II","NatureSearch 1","NatureSearch Records","12-10-1993","12-10-1993","12-10-1993","BRIGGS ROAD, FLINDERS VIEW; BETWEEN DEEBING CREEK TO THE WEST AND REEDY CREEK TO THE NORTH",-27.640059,152.759412,"GDA2020",1300,,,,"U",0
1015988,,"Animalia","Chordata","Mammalia","Carnivora","Canidae","Vulpes vulpes","red fox",1071,"(Linnaeus, 1758)",,,False,"II","NatureSearch 1","NatureSearch Records","22-05-1994","22-05-1994","22-05-1994","Redbank Rifle Range alongside Goodna Creek",-27.623392,152.876076,"GDA2020",1300,,,,"U",0
971745,,"Animalia","Chordata","Mammalia","Carnivora","Canidae","Vulpes vulpes","red fox",1071,"(Linnaeus, 1758)",,,False,"II","NatureSearch 1","NatureSearch Records","01-07-1991","31-08-1991","01-07-1991","Ditchman's Road (Eastern end) - Grantham.",-27.573397,152.176088,"GDA2020",1300,1,"A",,"U",0
971765,,"Animalia","Chordata","Mammalia","Carnivora","Canidae","Vulpes vulpes","red fox",1071,"(Linnaeus, 1758)",,,False,"II","NatureSearch 1","NatureSearch Records","01-07-1991","31-07-1991","01-07-1991","Lawler's Road, Helidon",-27.556731,152.142755,"GDA2020",1300,1,"A",,"U",0
972941,,"Animalia","Chordata","Mammalia","Carnivora","Canidae","Vulpes vulpes","red fox",1071,"(Linnaeus, 1758)",,,False,"II","NatureSearch 1","NatureSearch Records","08-12-1992","08-12-1992","08-12-1992","No locality provided, Maroochy",-26.506727,152.959399,"GDA2020",1300,1,"A",,"U",0
972942,,"Animalia","Chordata","Mammalia","Carnivora","Canidae","Vulpes vulpes","red fox",1071,"(Linnaeus, 1758)",,,False,"II","NatureSearch 1","NatureSearch Records","08-12-1992","08-12-1992","08-12-1992","No locality provided, Maroochy",-26.556727,153.026065,"GDA2020",1300,1,"A",,"U",0
1004504,,"Animalia","Chordata","Mammalia","Carnivora","Canidae","Vulpes vulpes","red fox",1071,"(Linnaeus, 1758)",,,False,"II","NatureSearch 1","NatureSearch Records","01-01-1980","18-10-1994","01-01-1980","gibbs property-sam's reserve on six mile ck,redbank planes rd",-27.640059,152.842743,"GDA2020",1300,,,,"U",0
1005441,,"Animalia","Chordata","Mammalia","Carnivora","Canidae","Vulpes vulpes","red fox",1071,"(Linnaeus, 1758)",,,False,"II","NatureSearch 1","NatureSearch Records","29-10-1994","29-10-1994","29-10-1994","0.5 km north of glenview/palmview end, bruce highway",-26.756726,153.042733,"GDA2020",1300,1,"A",,"U",0
996143,,"Animalia","Chordata","Mammalia","Carnivora","Canidae","Vulpes vulpes","red fox",1071,"(Linnaeus, 1758)",,,False,"II","NatureSearch 1","NatureSearch Records","01-10-1992","31-12-1992","01-10-1992","No locality provided, Redland",-27.490056,153.209403,"GDA2020",1300,1,"A",,"U",0
997639,,"Animalia","Chordata","Mammalia","Carnivora","Canidae","Vulpes vulpes","red fox",1071,"(Linnaeus, 1758)",,,False,"II","NatureSearch 1","NatureSearch Records","17-06-1994","19-06-1994","17-06-1994","No locality provided, Redland",-27.406722,153.459398,"GDA2020",1300,1,"A",,"U",0
999201,,"Animalia","Chordata","Mammalia","Carnivora","Canidae","Vulpes vulpes","red fox",1071,"(Linnaeus, 1758)",,,False,"II","NatureSearch 1","NatureSearch Records","27-06-1994","01-07-1994","27-06-1994","Kangaroo (Boonnahbah) Is.",-27.778388,153.392736,"GDA2020",300,1,"A",,"U",0
1007818,,"Animalia","Chordata","Mammalia","Carnivora","Canidae","Vulpes vulpes","red fox",1071,"(Linnaeus, 1758)",,,False,"II","NatureSearch 1","NatureSearch Records","01-01-1989","22-02-1994","01-01-1989","Greenbank Link",-27.806724,153.009409,"GDA2020",1300,,,,"U",0
1009120,,"Animalia","Chordata","Mammalia","Carnivora","Canidae","Vulpes vulpes","red fox",1071,"(Linnaeus, 1758)",,,False,"II","NatureSearch 1","NatureSearch Records","04-11-1994","04-11-1994","04-11-1994","Burpengary Creek",-27.156726,152.942738,"GDA2020",1300,,,,"U",0
1006099,,"Animalia","Chordata","Mammalia","Carnivora","Canidae","Vulpes vulpes","red fox",1071,"(Linnaeus, 1758)",,,False,"II","NatureSearch 1","NatureSearch Records","30-09-1994","30-09-1994","30-09-1994","1.9km north of Stephens Rd on Cunningham Highway.",-27.723393,152.659414,"GDA2020",1300,1,"A",,"U",0
1008886,,"Animalia","Chordata","Mammalia","Carnivora","Canidae","Vulpes vulpes","red fox",1071,"(Linnaeus, 1758)",,,False,"II","NatureSearch 1","NatureSearch Records","12-12-1994","12-12-1994","12-12-1994","Wallace St, Beachmere",-27.106725,153.042736,"GDA2020",1300,,,,"U",0
1016717,,"Animalia","Chordata","Mammalia","Carnivora","Canidae","Vulpes vulpes","red fox",1071,"(Linnaeus, 1758)",,,False,"II","NatureSearch 1","NatureSearch Records","01-03-1991","31-03-1993","01-03-1991","Toohey Forest, Nathan.",-27.556724,153.059406,"GDA2020",1300,,,,"C",0
1019126,,"Animalia","Chordata","Mammalia","Carnivora","Canidae","Vulpes vulpes","red fox",1071,"(Linnaeus, 1758)",,,False,"II","NatureSearch 1","NatureSearch Records","02-08-1992","02-08-1992","02-08-1992","No locality provided, Caboolture",-27.023392,153.142734,"GDA2020",1300,1,"A",,"U",0
1019140,,"Animalia","Chordata","Mammalia","Carnivora","Canidae","Vulpes vulpes","red fox",1071,"(Linnaeus, 1758)",,,False,"II","NatureSearch 1","NatureSearch Records","01-07-1992","04-10-1992","01-07-1992","No locality provided, Laidley",-27.656729,152.392751,"GDA2020",1300,1,"A",,"U",0
1019152,,"Animalia","Chordata","Mammalia","Carnivora","Canidae","Vulpes vulpes","red fox",1071,"(Linnaeus, 1758)",,,False,"II","NatureSearch 1","NatureSearch Records","28-07-1992","31-07-1992","28-07-1992","BCC Wastewater Treatment Plant, Bowhill Rd, Durack",-27.590058,152.992741,"GDA2020",1300,1,"A",,"U",0
1021009,,"Animalia","Chordata","Mammalia","Carnivora","Canidae","Vulpes vulpes","red fox",1071,"(Linnaeus, 1758)",,,False,"II","NatureSearch 1","NatureSearch Records","09-09-1992","09-09-1992","09-09-1992","No locality provided, Caboolture",-27.090058,153.176067,"GDA2020",1300,1,"A",,"U",0
1044137,,"Animalia","Chordata","Mammalia","Carnivora","Canidae","Vulpes vulpes","red fox",1071,"(Linnaeus, 1758)",,,False,"II","NatureSearch 1","NatureSearch Records","16-03-1991","06-03-1992","16-03-1991","Area bounded by Dohles Rocks Rd, Bickle Rd, Anzac Ave, Yebri Creek and Pine River.",-27.256725,152.992738,"GDA2020",1300,,,,"C",0
1021194,,"Animalia","Chordata","Mammalia","Carnivora","Canidae","Vulpes vulpes","red fox",1071,"(Linnaeus, 1758)",,,False,"II","NatureSearch 1","NatureSearch Records","09-09-1992","09-09-1992","09-09-1992","No locality provided, Caboolture",-27.073391,153.176067,"GDA2020",1300,1,"A",,"U",0
1042692,,"Animalia","Chordata","Mammalia","Carnivora","Canidae","Vulpes vulpes","red fox",1071,"(Linnaeus, 1758)",,,False,"II","NatureSearch 1","NatureSearch Records","01-01-1992","01-01-1992","01-01-1992","No locality provided, Caboolture",-27.173392,153.026070,"GDA2020",1300,1,"A",,"U",0
1044484,,"Animalia","Chordata","Mammalia","Carnivora","Canidae","Vulpes vulpes","red fox",1071,"(Linnaeus, 1758)",,,False,"II","NatureSearch 1","NatureSearch Records","01-01-1992","17-11-1992","01-01-1992","22 Jamaica Dve and surrounds, Deception Bay.",-27.173392,153.026070,"GDA2020",1300,,,,"U",0
1057636,,"Animalia","Chordata","Mammalia","Carnivora","Canidae","Vulpes vulpes","red fox",1071,"(Linnaeus, 1758)",,,False,"II","NatureSearch 1","NatureSearch Records","23-05-1992","23-05-1992","23-05-1992","Buderim",-26.673393,153.026066,"GDA2020",1300,2,"A",,"C",0
1044701,,"Animalia","Chordata","Mammalia","Carnivora","Canidae","Vulpes vulpes","red fox",1071,"(Linnaeus, 1758)",,,False,"II","NatureSearch 1","NatureSearch Records","01-01-1992","30-04-1992","01-01-1992","No locality provided, Pine Rivers",-27.123394,152.792740,"GDA2020",1300,,,,"C",0
1044465,,"Animalia","Chordata","Mammalia","Carnivora","Canidae","Vulpes vulpes","red fox",1071,"(Linnaeus, 1758)",,,False,"II","NatureSearch 1","NatureSearch Records","21-03-1992","21-03-1992","21-03-1992","MANORINA NP",-27.373393,152.792742,"GDA2020",1300,1,"A",,"C",0
1045597,,"Animalia","Chordata","Mammalia","Carnivora","Canidae","Vulpes vulpes","red fox",1071,"(Linnaeus, 1758)",,,False,"II","NatureSearch 1","NatureSearch Records","14-07-1991","11-08-1991","14-07-1991","No locality provided, Gatton",-27.973395,152.376087,"GDA2020",1300,1,"A",,"U",0
1046745,,"Animalia","Chordata","Mammalia","Carnivora","Canidae","Vulpes vulpes","red fox",1071,"(Linnaeus, 1758)",,,False,"II","NatureSearch 1","NatureSearch Records","13-01-1993","13-01-1993","13-01-1993","No locality provided, Caboolture",-27.073391,153.176067,"GDA2020",1300,1,"A",,"U",0
1046751,,"Animalia","Chordata","Mammalia","Carnivora","Canidae","Vulpes vulpes","red fox",1071,"(Linnaeus, 1758)",,,False,"II","NatureSearch 1","NatureSearch Records","01-01-1992","02-12-1992","01-01-1992","Lot 30 Tinney Rd, Caboolture.",-27.106726,152.909405,"GDA2020",1300,,,,"U",0
1061127,,"Animalia","Chordata","Mammalia","Carnivora","Canidae","Vulpes vulpes","red fox",1071,"(Linnaeus, 1758)",,,False,"II","NatureSearch 1","NatureSearch Records","12-06-1992","12-06-1992","12-06-1992","Area adjacent to Mooloolah River, Kawana Downs.",-26.706725,153.126064,"GDA2020",1300,,,,"C",0
1061414,,"Animalia","Chordata","Mammalia","Carnivora","Canidae","Vulpes vulpes","red fox",1071,"(Linnaeus, 1758)",,,False,"II","NatureSearch 1","NatureSearch Records","12-06-1992","12-06-1992","12-06-1992","Edge of Mooloolah River",-26.706726,153.109398,"GDA2020",1300,,,,"C",0
1049011,,"Animalia","Chordata","Mammalia","Carnivora","Canidae","Vulpes vulpes","red fox",1071,"(Linnaeus, 1758)",,,False,"II","NatureSearch 1","NatureSearch Records","06-05-1993","06-05-1993","06-05-1993","No locality provided, Caboolture",-27.090058,153.176067,"GDA2020",1300,1,"A",,"U",0
1068824,,"Animalia","Chordata","Mammalia","Carnivora","Canidae","Vulpes vulpes","red fox",1071,"(Linnaeus, 1758)",,,False,"II","NatureSearch 1","NatureSearch Records","23-07-1992","23-07-1992","23-07-1992","SOUTH EAST OF PINE HILL, ADJACENT TO WIVENHOE DAM.",-27.373394,152.609412,"GDA2020",1300,,,,"C",0
1068838,,"Animalia","Chordata","Mammalia","Carnivora","Canidae","Vulpes vulpes","red fox",1071,"(Linnaeus, 1758)",,,False,"II","NatureSearch 1","NatureSearch Records","23-07-1992","23-07-1992","23-07-1992","Caves and rock face on north side of Pine Hill, adjacent to Wivenhoe Dam.",-27.373395,152.592745,"GDA2020",1300,,,,"C",0
1045997,,"Animalia","Chordata","Mammalia","Carnivora","Canidae","Vulpes vulpes","red fox",1071,"(Linnaeus, 1758)",,,False,"II","NatureSearch 1","NatureSearch Records","01-12-1990","31-05-1992","01-12-1990","No locality provided, Brisbane",-27.506723,153.176070,"GDA2020",1300,,,,"C",0
1049778,,"Animalia","Chordata","Mammalia","Carnivora","Canidae","Vulpes vulpes","red fox",1071,"(Linnaeus, 1758)",,,False,"II","NatureSearch 1","NatureSearch Records","10-06-1993","10-06-1993","10-06-1993","No locality provided, Caboolture",-27.056724,153.192733,"GDA2020",1300,1,"A",,"U",0
1046868,,"Animalia","Chordata","Mammalia","Carnivora","Canidae","Vulpes vulpes","red fox",1071,"(Linnaeus, 1758)",,,False,"II","NatureSearch 1","NatureSearch Records","13-01-1993","13-01-1993","13-01-1993","No locality provided, Caboolture",-27.090058,153.176067,"GDA2020",1300,1,"A",,"U",0
1048881,,"Animalia","Chordata","Mammalia","Carnivora","Canidae","Vulpes vulpes","red fox",1071,"(Linnaeus, 1758)",,,False,"II","NatureSearch 1","NatureSearch Records","22-03-1993","22-03-1993","22-03-1993","No locality provided, Caboolture",-27.073391,153.176067,"GDA2020",1300,1,"A",,"U",0
1066638,,"Animalia","Chordata","Mammalia","Carnivora","Canidae","Vulpes vulpes","red fox",1071,"(Linnaeus, 1758)",,,False,"II","NatureSearch 1","NatureSearch Records","09-06-1992","09-06-1992","09-06-1992","No locality provided, Brisbane",-27.390057,153.126070,"GDA2020",1300,1,"A",,"C",0
1066507,,"Animalia","Chordata","Mammalia","Carnivora","Canidae","Vulpes vulpes","red fox",1071,"(Linnaeus, 1758)",,,False,"II","NatureSearch 1","NatureSearch Records","07-08-1992","07-08-1992","07-08-1992","Boondall wetlands",-27.340058,153.076070,"GDA2020",1300,,,,"C",0
1067285,,"Animalia","Chordata","Mammalia","Carnivora","Canidae","Vulpes vulpes","red fox",1071,"(Linnaeus, 1758)",,,False,"II","NatureSearch 1","NatureSearch Records","07-06-1992","07-06-1992","07-06-1992","No locality provided, Albert",-27.823388,153.376070,"GDA2020",1300,2,"A",,"C",0
1084547,,"Animalia","Chordata","Mammalia","Carnivora","Canidae","Vulpes vulpes","red fox",1071,"(Linnaeus, 1758)",,,False,"II","NatureSearch 1","NatureSearch Records","26-08-1992","26-08-1992","26-08-1992","Bells Creek",-26.840059,153.092733,"GDA2020",1300,,,,"U",0
1067728,,"Animalia","Chordata","Mammalia","Carnivora","Canidae","Vulpes vulpes","red fox",1071,"(Linnaeus, 1758)",,,False,"II","NatureSearch 1","NatureSearch Records","07-07-1992","07-07-1992","07-07-1992","Branch Creek/Arm of Wivenhoe Dam on east side of Wivenhoe-Somerset Dam Rd, on north side of Kipper Creek Rd.",-27.323394,152.642744,"GDA2020",1300,1,"A",,"C",0
1068289,,"Animalia","Chordata","Mammalia","Carnivora","Canidae","Vulpes vulpes","red fox",1071,"(Linnaeus, 1758)",,,False,"II","NatureSearch 1","NatureSearch Records","12-06-1992","12-06-1992","12-06-1992","Edge of Mooloolah River",-26.706725,153.126064,"GDA2020",1300,,,,"C",0
1084108,,"Animalia","Chordata","Mammalia","Carnivora","Canidae","Vulpes vulpes","red fox",1071,"(Linnaeus, 1758)",,,False,"II","NatureSearch 1","NatureSearch Records","28-09-1992","29-09-1992","28-09-1992","Rosicrucians property N of Scrubby Creek",-27.673390,153.076073,"GDA2020",1300,,,,"U",0
1068373,,"Animalia","Chordata","Mammalia","Carnivora","Canidae","Vulpes vulpes","red fox",1071,"(Linnaeus, 1758)",,,False,"II","NatureSearch 1","NatureSearch Records","07-07-1992","07-07-1992","07-07-1992","Shaws Gully, West of Somerset-Kilcoy Road.",-27.073396,152.559410,"GDA2020",1300,,,,"C",0
1084245,,"Animalia","Chordata","Mammalia","Carnivora","Canidae","Vulpes vulpes","red fox",1071,"(Linnaeus, 1758)",,,False,"II","NatureSearch 1","NatureSearch Records","28-09-1992","29-09-1992","28-09-1992","Rosicrucians property N of Scrubby Creek",-27.656724,153.076073,"GDA2020",1300,,,,"U",0
1084204,,"Animalia","Chordata","Mammalia","Carnivora","Canidae","Vulpes vulpes","red fox",1071,"(Linnaeus, 1758)",,,False,"II","NatureSearch 1","NatureSearch Records","28-09-1992","29-09-1992","28-09-1992","Rosicrucians property N of Scrubby Creek",-27.673390,153.076073,"GDA2020",1300,,,,"U",0
1072382,,"Animalia","Chordata","Mammalia","Carnivora","Canidae","Vulpes vulpes","red fox",1071,"(Linnaeus, 1758)",,,False,"II","NatureSearch 1","NatureSearch Records","01-01-1988","30-06-1992","01-01-1988","No locality provided, Moreton",-27.723392,152.826078,"GDA2020",1300,4,"A",,"U",0
1072359,,"Animalia","Chordata","Mammalia","Carnivora","Canidae","Vulpes vulpes","red fox",1071,"(Linnaeus, 1758)",,,False,"II","NatureSearch 1","NatureSearch Records","01-01-1988","30-06-1992","01-01-1988","No locality provided, Moreton",-27.723392,152.809412,"GDA2020",1300,4,"A",,"U",0
1085830,,"Animalia","Chordata","Mammalia","Carnivora","Canidae","Vulpes vulpes","red fox",1071,"(Linnaeus, 1758)",,,False,"II","NatureSearch 1","NatureSearch Records","09-01-1994","09-01-1994","09-01-1994","No locality provided, Beaudesert",-27.923389,153.176074,"GDA2020",1300,1,"A",,"U",0
1072399,,"Animalia","Chordata","Mammalia","Carnivora","Canidae","Vulpes vulpes","red fox",1071,"(Linnaeus, 1758)",,,False,"II","NatureSearch 1","NatureSearch Records","01-01-1988","30-06-1992","01-01-1988","No locality provided, Moreton",-27.723392,152.842744,"GDA2020",1300,4,"A",,"U",0
1084567,,"Animalia","Chordata","Mammalia","Carnivora","Canidae","Vulpes vulpes","red fox",1071,"(Linnaeus, 1758)",,,False,"II","NatureSearch 1","NatureSearch Records","26-08-1992","28-08-1992","26-08-1992","along proposed highway N of Bells Creek",-26.840059,153.092733,"GDA2020",1300,,,,"U",0
1084659,,"Animalia","Chordata","Mammalia","Carnivora","Canidae","Vulpes vulpes","red fox",1071,"(Linnaeus, 1758)",,,False,"II","NatureSearch 1","NatureSearch Records","26-08-1992","28-08-1992","26-08-1992","Barrow pits in Pelican Waters",-26.823392,153.109399,"GDA2020",1300,,,,"U",0
1084707,,"Animalia","Chordata","Mammalia","Carnivora","Canidae","Vulpes vulpes","red fox",1071,"(Linnaeus, 1758)",,,False,"II","NatureSearch 1","NatureSearch Records","26-08-1992","28-08-1992","26-08-1992","West of Lamerough Creek drain",-26.823392,153.109399,"GDA2020",1300,,,,"U",0
1075296,,"Animalia","Chordata","Mammalia","Carnivora","Canidae","Vulpes vulpes","red fox",1071,"(Linnaeus, 1758)",,,False,"II","NatureSearch 1","NatureSearch Records","19-06-1992","21-08-1992","19-06-1992","Off Noosa River opposite the roost.",-26.390060,153.076062,"GDA2020",1300,1,"A",,"U",0
1084769,,"Animalia","Chordata","Mammalia","Carnivora","Canidae","Vulpes vulpes","red fox",1071,"(Linnaeus, 1758)",,,False,"II","NatureSearch 1","NatureSearch Records","27-08-1992","27-08-1992","27-08-1992","North of Bells Creek, Pelican Waters",-26.840059,153.109399,"GDA2020",1300,,,,"U",0
1084838,,"Animalia","Chordata","Mammalia","Carnivora","Canidae","Vulpes vulpes","red fox",1071,"(Linnaeus, 1758)",,,False,"II","NatureSearch 1","NatureSearch Records","26-08-1992","28-08-1992","26-08-1992","along Lamerough Creek drainage line",-26.823392,153.109399,"GDA2020",1300,,,,"U",0
1086889,,"Animalia","Chordata","Mammalia","Carnivora","Canidae","Vulpes vulpes","red fox",1071,"(Linnaeus, 1758)",,,False,"II","NatureSearch 1","NatureSearch Records","25-11-1992","26-11-1992","25-11-1992","No locality provided, Moreton",-27.690059,152.876077,"GDA2020",1300,1,"A",,"U",0
1084810,,"Animalia","Chordata","Mammalia","Carnivora","Canidae","Vulpes vulpes","red fox",1071,"(Linnaeus, 1758)",,,False,"II","NatureSearch 1","NatureSearch Records","27-08-1992","28-08-1992","27-08-1992","Lamerough Creek",-26.806725,153.109399,"GDA2020",1300,,,,"U",0
1093272,,"Animalia","Chordata","Mammalia","Carnivora","Canidae","Vulpes vulpes","red fox",1071,"(Linnaeus, 1758)",,,False,"II","NatureSearch 1","NatureSearch Records","15-08-1993","15-08-1993","15-08-1993","Ewen Maddock Dam bird hide area",-26.790060,152.992734,"GDA2020",1300,,,,"U",0
1096156,,"Animalia","Chordata","Mammalia","Carnivora","Canidae","Vulpes vulpes","red fox",1071,"(Linnaeus, 1758)",,,False,"II","NatureSearch 1","NatureSearch Records","17-07-1993","17-07-1993","17-07-1993","No locality provided, Moreton",-27.706727,152.559415,"GDA2020",1300,,,,"U",0
1097237,,"Animalia","Chordata","Mammalia","Carnivora","Canidae","Vulpes vulpes","red fox",1071,"(Linnaeus, 1758)",,,False,"II","NatureSearch 1","NatureSearch Records","19-08-1993","19-08-1993","19-08-1993","riverine vegetation along six mile creek near elimbah.",-27.006726,152.942737,"GDA2020",1300,,,,"U",0
1098566,,"Animalia","Chordata","Mammalia","Carnivora","Canidae","Vulpes vulpes","red fox",1071,"(Linnaeus, 1758)",,,False,"II","NatureSearch 1","NatureSearch Records","30-06-1993","30-06-1993","30-06-1993","PROGRESS RD, WACOL NEAR CNR OF IPSWICH HWY",-27.590058,152.926075,"GDA2020",1300,1,"A",,"U",0
1099422,,"Animalia","Chordata","Mammalia","Carnivora","Canidae","Vulpes vulpes","red fox",1071,"(Linnaeus, 1758)",,,False,"II","NatureSearch 1","NatureSearch Records","01-09-1993","01-09-1993","01-09-1993","No locality provided, Caboolture",-27.090058,153.176067,"GDA2020",1300,1,"A",,"U",0
1101000,,"Animalia","Chordata","Mammalia","Carnivora","Canidae","Vulpes vulpes","red fox",1071,"(Linnaeus, 1758)",,,False,"II","NatureSearch 1","NatureSearch Records","01-09-1993","01-09-1993","01-09-1993","Sheepstation Creek Environmental Park",-27.123393,152.892738,"GDA2020",1300,,,,"U",0
1101132,,"Animalia","Chordata","Mammalia","Carnivora","Canidae","Vulpes vulpes","red fox",1071,"(Linnaeus, 1758)",,,False,"II","NatureSearch 1","NatureSearch Records","01-09-1993","01-09-1993","01-09-1993","Sheepstation Creek Environmental Park",-27.123393,152.909405,"GDA2020",1300,,,,"U",0
1101982,,"Animalia","Chordata","Mammalia","Carnivora","Canidae","Vulpes vulpes","red fox",1071,"(Linnaeus, 1758)",,,False,"II","NatureSearch 1","NatureSearch Records","24-07-1993","24-07-1993","24-07-1993","bielby rd kenmore",-27.490058,152.942741,"GDA2020",1300,,,,"U",0
1101264,,"Animalia","Chordata","Mammalia","Carnivora","Canidae","Vulpes vulpes","red fox",1071,"(Linnaeus, 1758)",,,False,"II","NatureSearch 1","NatureSearch Records","01-09-1993","01-09-1993","01-09-1993","Sheepstation Creek Environmental Park",-27.140060,152.892738,"GDA2020",1300,,,,"U",0
1088051,,"Animalia","Chordata","Mammalia","Carnivora","Canidae","Vulpes vulpes","red fox",1071,"(Linnaeus, 1758)",,,False,"II","NatureSearch 1","NatureSearch Records","22-11-1993","22-11-1993","22-11-1993","Woodland in SE corner of Collingwood Park",-27.640059,152.859410,"GDA2020",1300,3,"A",,"U",0
1101396,,"Animalia","Chordata","Mammalia","Carnivora","Canidae","Vulpes vulpes","red fox",1071,"(Linnaeus, 1758)",,,False,"II","NatureSearch 1","NatureSearch Records","01-09-1993","01-09-1993","01-09-1993","Sheepstation Creek Environmental Park",-27.140060,152.909405,"GDA2020",1300,,,,"U",0
1563323,,"Animalia","Chordata","Mammalia","Carnivora","Canidae","Vulpes vulpes","red fox",1071,"(Linnaeus, 1758)",,,False,"II","Integrated Biological Information System (IBIS)","Off Park Site surveys for acquisitions                      ","01-02-1996","01-02-1996","01-02-1996","Mac Kenzie Island",-23.515076,150.867747,"GDA2020",2000,,,,"C",0
1105362,,"Animalia","Chordata","Mammalia","Carnivora","Canidae","Vulpes vulpes","red fox",1071,"(Linnaeus, 1758)",,,False,"II","NatureSearch 1","NatureSearch Records","01-11-1994","31-12-1994","01-11-1994","Fig Tree Pocket",-27.523392,152.959407,"GDA2020",1300,1,"A",,"U",0
1105526,,"Animalia","Chordata","Mammalia","Carnivora","Canidae","Vulpes vulpes","red fox",1071,"(Linnaeus, 1758)",,,False,"II","NatureSearch 1","NatureSearch Records","26-08-1992","08-11-1992","26-08-1992","GATTON",-27.673398,152.059424,"GDA2020",1300,1,"A",,"U",0
1105546,,"Animalia","Chordata","Mammalia","Carnivora","Canidae","Vulpes vulpes","red fox",1071,"(Linnaeus, 1758)",,,False,"II","NatureSearch 1","NatureSearch Records","26-08-1992","08-11-1992","26-08-1992","No locality provided, Gatton",-27.690065,152.059424,"GDA2020",1300,,,,"U",0
1565315,,"Animalia","Chordata","Mammalia","Carnivora","Canidae","Vulpes vulpes","red fox",1071,"(Linnaeus, 1758)",,,False,"II","Integrated Biological Information System (IBIS)","General Check Lists                                         ","25-06-1997","25-06-1997","25-06-1997","Comet River",-24.466189,148.629173,"GDA2020",500,,,,"U",0
1572290,,"Animalia","Chordata","Mammalia","Carnivora","Canidae","Vulpes vulpes","red fox",1071,"(Linnaeus, 1758)",,,False,"II","Integrated Biological Information System (IBIS)","General Check Lists                                         ","01-07-1991","01-07-1991","01-07-1991","Mynea Creek SF: Mynea Creek Scientfic area is approx. 3.1 hectares. Mynea Creek flows through the site.",-26.248399,152.367739,"GDA2020",2000,,,,"U",0
1583403,,"Animalia","Chordata","Mammalia","Carnivora","Canidae","Vulpes vulpes","red fox",1071,"(Linnaeus, 1758)",,,False,"II","Integrated Biological Information System (IBIS)","General Check Lists                                         ","22-10-1993","22-10-1993","22-10-1993","Poona NP",-25.598397,152.831059,"GDA2020",2000,1,"A",,"U",0
1601840,"638057","Animalia","Chordata","Mammalia","Carnivora","Canidae","Vulpes vulpes","red fox",1071,"(Linnaeus, 1758)",,,False,"II","Queensland Historical Fauna Database","Environmental Research & Education (1995)","10-02-1995","10-02-1995","10-02-1995","Tarong Mining Lease",-26.781734,151.909417,"GDA2020",1800,,,,"U",0
1582498,,"Animalia","Chordata","Mammalia","Carnivora","Canidae","Vulpes vulpes","red fox",1071,"(Linnaeus, 1758)",,,False,"II","Integrated Biological Information System (IBIS)","Central Coast Wildlife Atlas - Rockhampton                  ","01-12-1997","01-12-1997","01-12-1997","Benaraby - Benaraby Area",-24.001464,151.328016,"GDA2020",500,1,"A",,"C",0
1582576,,"Animalia","Chordata","Mammalia","Carnivora","Canidae","Vulpes vulpes","red fox",1071,"(Linnaeus, 1758)",,,False,"II","Integrated Biological Information System (IBIS)","Central Coast Wildlife Atlas - Rockhampton                  ","15-12-1997","15-12-1997","15-12-1997","Marmor Area - Marmor Area",-23.681741,150.711915,"GDA2020",500,1,"A",,"C",0
1114318,,"Animalia","Chordata","Mammalia","Carnivora","Canidae","Vulpes vulpes","red fox",1071,"(Linnaeus, 1758)",,,False,"II","NatureSearch 1","NatureSearch Records","01-01-1989","23-02-1994","01-01-1989","No locality provided, Beaudesert",-27.706725,152.942742,"GDA2020",1300,,,,"U",0
1114327,,"Animalia","Chordata","Mammalia","Carnivora","Canidae","Vulpes vulpes","red fox",1071,"(Linnaeus, 1758)",,,False,"II","NatureSearch 1","NatureSearch Records","01-01-1989","23-02-1994","01-01-1989","No locality provided, Logan",-27.723391,153.009408,"GDA2020",1300,,,,"U",0
1114332,,"Animalia","Chordata","Mammalia","Carnivora","Canidae","Vulpes vulpes","red fox",1071,"(Linnaeus, 1758)",,,False,"II","NatureSearch 1","NatureSearch Records","22-02-1994","22-02-1994","22-02-1994","No locality provided, Logan",-27.723391,153.009408,"GDA2020",1300,,,,"U",0
1114340,,"Animalia","Chordata","Mammalia","Carnivora","Canidae","Vulpes vulpes","red fox",1071,"(Linnaeus, 1758)",,,False,"II","NatureSearch 1","NatureSearch Records","01-01-1989","18-02-1994","01-01-1989","No locality provided, Logan",-27.706724,153.009408,"GDA2020",1300,,,,"U",0
1114350,,"Animalia","Chordata","Mammalia","Carnivora","Canidae","Vulpes vulpes","red fox",1071,"(Linnaeus, 1758)",,,False,"II","NatureSearch 1","NatureSearch Records","01-01-1989","20-03-1994","01-01-1989","No locality provided, Beaudesert",-27.756724,153.009408,"GDA2020",1300,,,,"U",0
1609115,"645344","Animalia","Chordata","Mammalia","Carnivora","Canidae","Vulpes vulpes","red fox",1071,"(Linnaeus, 1758)",,,False,"II","Queensland Historical Fauna Database","WBM Oceanics (1993)","01-01-1993","31-01-1993","01-01-1993","Bellbird Forest, Brisbane",-27.647003,152.885798,"GDA2020",1500,,,,"U",0
1609576,"645805","Animalia","Chordata","Mammalia","Carnivora","Canidae","Vulpes vulpes","red fox",1071,"(Linnaeus, 1758)",,,False,"II","Queensland Historical Fauna Database","Rankine & Hill (1992)","01-01-1984","31-12-1984","01-01-1984","Lot 403, Western Cornubia, Brisbane",-27.656723,153.256626,"GDA2020",450,,,,"U",0
1114366,,"Animalia","Chordata","Mammalia","Carnivora","Canidae","Vulpes vulpes","red fox",1071,"(Linnaeus, 1758)",,,False,"II","NatureSearch 1","NatureSearch Records","01-01-1989","23-02-1994","01-01-1989","No locality provided, Beaudesert",-27.773391,152.959409,"GDA2020",1300,,,,"U",0
1115129,,"Animalia","Chordata","Mammalia","Carnivora","Canidae","Vulpes vulpes","red fox",1071,"(Linnaeus, 1758)",,,False,"II","NatureSearch 1","NatureSearch Records","27-06-1995","27-06-1995","27-06-1995","land between lota creek and tingalpa creek. area of land owned by railways",-27.473390,153.192736,"GDA2020",1300,1,"A",,"C",0
1602083,"638300","Animalia","Chordata","Mammalia","Carnivora","Canidae","Vulpes vulpes","red fox",1071,"(Linnaeus, 1758)",,,False,"II","Queensland Historical Fauna Database","Gutteridge Haskins & Davey (1992)","01-01-1992","31-12-1992","01-01-1992","Little Liverpool Range NW of Rosewood",-27.606728,152.534415,"GDA2020",900,,,,"U",0
1615631,"651861","Animalia","Chordata","Mammalia","Carnivora","Canidae","Vulpes vulpes","red fox",1071,"(Linnaeus, 1758)",,,False,"II","Queensland Historical Fauna Database","Holmes & Associates (1993)","01-01-1990","31-12-1990","01-01-1990","Goodna/Redbank Plains area",-27.640059,152.892743,"GDA2020",3600,,,,"U",0
1602537,"638754","Animalia","Chordata","Mammalia","Carnivora","Canidae","Vulpes vulpes","red fox",1071,"(Linnaeus, 1758)",,,False,"II","Queensland Historical Fauna Database","Gutteridge Haskins & Davey (1992)","01-01-1992","31-12-1992","01-01-1992","Perry's Knob N of Rosewood",-27.609227,152.596914,"GDA2020",450,,,,"U",0
1602570,"638787","Animalia","Chordata","Mammalia","Carnivora","Canidae","Vulpes vulpes","red fox",1071,"(Linnaeus, 1758)",,,False,"II","Queensland Historical Fauna Database","Kershaw & Co (1996)","19-08-1995","19-08-1995","19-08-1995","Wallace Rd, NW of Beachmere",-27.108114,153.053291,"GDA2020",400,,,,"U",0
1618899,"655131","Animalia","Chordata","Mammalia","Carnivora","Canidae","Vulpes vulpes","red fox",1071,"(Linnaeus, 1758)",,,False,"II","Queensland Historical Fauna Database","Environmental Solutions & Investigations (1994)","10-04-1994","10-04-1994","10-04-1994","Proposed Bell's Ck Arterial Rd, Caloundra",-26.827559,153.059400,"GDA2020",6000,,,,"U",0
1606808,"643034","Animalia","Chordata","Mammalia","Carnivora","Canidae","Vulpes vulpes","red fox",1071,"(Linnaeus, 1758)",,,False,"II","Queensland Historical Fauna Database","Barden (1995)","01-01-1990","31-12-1990","01-01-1990","Sapling Pocket area, Brisbane River",-27.498393,152.726077,"GDA2020",1200,,,,"U",0
1601693,"637910","Animalia","Chordata","Mammalia","Carnivora","Canidae","Vulpes vulpes","red fox",1071,"(Linnaeus, 1758)",,,False,"II","Queensland Historical Fauna Database","Brannock Humphreys (1995)","01-01-1994","31-12-1994","01-01-1994","Pelican Waters, Bell's Ck, Caloundra",-26.840059,153.098288,"GDA2020",1500,,,,"U",0
1620612,"656844","Animalia","Chordata","Mammalia","Carnivora","Canidae","Vulpes vulpes","red fox",1071,"(Linnaeus, 1758)",,,False,"II","Queensland Historical Fauna Database","Kinhill Cameron McNamara (1994)","12-04-1994","12-04-1994","12-04-1994","Proposed Golf Course, Cooroy-Noosa Rd",-26.408116,152.978286,"GDA2020",600,,,,"U",0
2439623,"85723","Animalia","Chordata","Mammalia","Carnivora","Canidae","Vulpes vulpes","red fox",1071,"(Linnaeus, 1758)",,,False,"II","Queensland Historical Fauna Database","WBM (1990)","20-08-1990","20-08-1990","20-08-1990","Mooloolah River NP, western edge",-26.719226,153.076065,"GDA2020",900,,,,"U",0
1614511,"650740","Animalia","Chordata","Mammalia","Carnivora","Canidae","Vulpes vulpes","red fox",1071,"(Linnaeus, 1758)",,,False,"II","Queensland Historical Fauna Database","WBM Oceanics (1992)","01-08-1992","31-08-1992","01-08-1992","Flagstone Creek estate",-27.806724,152.951077,"GDA2020",2500,,,,"U",0
1616739,"652970","Animalia","Chordata","Mammalia","Carnivora","Canidae","Vulpes vulpes","red fox",1071,"(Linnaeus, 1758)",,,False,"II","Queensland Historical Fauna Database","WBM Oceanics (1995)","01-01-1995","31-12-1995","01-01-1995","East Coomera development",-27.844221,153.367737,"GDA2020",900,,,,"U",0
2442498,"88967","Animalia","Chordata","Mammalia","Carnivora","Canidae","Vulpes vulpes","red fox",1071,"(Linnaeus, 1758)",,,False,"II","Queensland Historical Fauna Database","Mandala Pty Ltd (1989)","01-01-1988","31-12-1988","01-01-1988","Mandala-portion 50, nr Maryvale",-28.023395,152.284423,"GDA2020",900,,,,"U",0
2446547,"93700","Animalia","Chordata","Mammalia","Carnivora","Canidae","Vulpes vulpes","red fox",1071,"(Linnaeus, 1758)",,,False,"II","Queensland Historical Fauna Database","Nature Refuge Area Assessment","03-08-1992","03-08-1992","03-08-1992","Ranges Bridge Fauna Sanctuary",-27.115072,151.084434,"GDA2020",900,,,,"U",0
1602319,"638536","Animalia","Chordata","Mammalia","Carnivora","Canidae","Vulpes vulpes","red fox",1071,"(Linnaeus, 1758)",,,False,"II","Queensland Historical Fauna Database","Environmental Research & Education (1995)","01-07-1995","31-07-1995","01-07-1995","Yarraman SF289 (Nth end)",-26.790068,151.930250,"GDA2020",900,,,,"U",0
1618469,"654701","Animalia","Chordata","Mammalia","Carnivora","Canidae","Vulpes vulpes","red fox",1071,"(Linnaeus, 1758)",,,False,"II","Queensland Historical Fauna Database","Keilar Fox & McGhie (1994)","01-11-1993","30-11-1993","01-11-1993","Lot 10, Brittains Rd, Bellbird Park",-27.658114,152.883576,"GDA2020",450,,,,"U",0
2451999,"99861","Animalia","Chordata","Mammalia","Carnivora","Canidae","Vulpes vulpes","red fox",1071,"(Linnaeus, 1758)",,,False,"II","Queensland Historical Fauna Database","Pavey et al. (1994)","01-01-1989","31-12-1989","01-01-1989","J.C. Slaughter Falls area, BFP",-27.473392,152.967740,"GDA2020",900,,,,"U",0
1619079,"655311","Animalia","Chordata","Mammalia","Carnivora","Canidae","Vulpes vulpes","red fox",1071,"(Linnaeus, 1758)",,,False,"II","Queensland Historical Fauna Database","Butler & Neate (1994)","01-01-1990","31-12-1990","01-01-1990","Arkarra Lagoons, Sempfs Rd, Dundowran",-25.277565,152.759390,"GDA2020",900,,,,"U",0
1602612,"638829","Animalia","Chordata","Mammalia","Carnivora","Canidae","Vulpes vulpes","red fox",1071,"(Linnaeus, 1758)",,,False,"II","Queensland Historical Fauna Database","Environmental Research & Education (1995)","01-07-1995","31-07-1995","01-07-1995","Tarong Mining Lease",-26.781734,151.909417,"GDA2020",1800,,,,"U",0
1608908,"645137","Animalia","Chordata","Mammalia","Carnivora","Canidae","Vulpes vulpes","red fox",1071,"(Linnaeus, 1758)",,,False,"II","Queensland Historical Fauna Database","Jelliffe (1993)","01-11-1992","30-11-1992","01-11-1992","Lot 149, Parish of Vernon, Toogoom area",-25.270621,152.701058,"GDA2020",900,,,,"U",0
1615438,"651668","Animalia","Chordata","Mammalia","Carnivora","Canidae","Vulpes vulpes","red fox",1071,"(Linnaeus, 1758)",,,False,"II","Queensland Historical Fauna Database","Holmes & Associates (1993)","01-01-1990","31-12-1990","01-01-1990","Springfield Estate area, Brisbane",-27.665058,152.905243,"GDA2020",3500,,,,"U",0
2441996,"88426","Animalia","Chordata","Mammalia","Carnivora","Canidae","Vulpes vulpes","red fox",1071,"(Linnaeus, 1758)",,,False,"II","Queensland Historical Fauna Database","Kinhill Cameron McNamara (1992)","10-10-1990","10-10-1990","10-10-1990","Camerons Scrub nr Ipswich",-27.494227,152.726077,"GDA2020",900,,,,"U",0
1615292,"651522","Animalia","Chordata","Mammalia","Carnivora","Canidae","Vulpes vulpes","red fox",1071,"(Linnaeus, 1758)",,,False,"II","Queensland Historical Fauna Database","John Wilson & Partners (1993)","01-01-1993","31-01-1993","01-01-1993","Bayview Estate, Mt Cotton Rd",-27.640056,153.246904,"GDA2020",1500,,,,"U",0
1619334,"655566","Animalia","Chordata","Mammalia","Carnivora","Canidae","Vulpes vulpes","red fox",1071,"(Linnaeus, 1758)",,,False,"II","Queensland Historical Fauna Database","WBM Oceanics (1993)","01-02-1993","28-02-1993","01-02-1993","Wildlife corridor, Springfield development",-27.681725,152.909409,"GDA2020",2000,,,,"U",0
2451576,"99412","Animalia","Chordata","Mammalia","Carnivora","Canidae","Vulpes vulpes","red fox",1071,"(Linnaeus, 1758)",,,False,"II","Queensland Historical Fauna Database","Date (1988)","26-09-1987","26-09-1987","26-09-1987","Goodnight Scrub",-25.281737,151.913570,"GDA2020",8000,,,,"U",0
2576757,"484688","Animalia","Chordata","Mammalia","Carnivora","Canidae","Vulpes vulpes","red fox",1071,"(Linnaeus, 1758)",,,False,"II","Queensland Historical Fauna Database","Gynther & Caneris (1994)","06-12-1994","06-12-1994","06-12-1994","Logan Mway-Johnson Rd, Larapinta",-27.652558,153.013574,"GDA2020",900,,,,"U",0
2446694,"93852","Animalia","Chordata","Mammalia","Carnivora","Canidae","Vulpes vulpes","red fox",1071,"(Linnaeus, 1758)",,,False,"II","Queensland Historical Fauna Database","Smith (1995)/ANSAR Environmental (1994)","18-07-1994","18-07-1994","18-07-1994","Moranbah North",-21.903982,147.992772,"GDA2020",4000,,,,"U",0
2577490,"485470","Animalia","Chordata","Mammalia","Carnivora","Canidae","Vulpes vulpes","red fox",1071,"(Linnaeus, 1758)",,,False,"II","Queensland Historical Fauna Database","Gynther & Caneris (1995)","06-10-1995","06-10-1995","06-10-1995","Markwell property, Mt Berryman area",-27.727563,152.301087,"GDA2020",900,,,,"U",0
2577936,"485941","Animalia","Chordata","Mammalia","Carnivora","Canidae","Vulpes vulpes","red fox",1071,"(Linnaeus, 1758)",,,False,"II","Queensland Historical Fauna Database","Gynther & Caneris (1995)","11-04-1995","11-04-1995","11-04-1995","Kooralbyn Hotel Resort area",-28.090058,152.842748,"GDA2020",900,,,,"U",0
2455107,"103374","Animalia","Chordata","Mammalia","Carnivora","Canidae","Vulpes vulpes","red fox",1071,"(Linnaeus, 1758)",,,False,"II","Queensland Historical Fauna Database","Pulsford (1984)","05-04-1982","05-04-1982","05-04-1982","Deepwater Creek Rd",-24.431738,151.963564,"GDA2020",2000,,,,"U",0
2456401,"104772","Animalia","Chordata","Mammalia","Carnivora","Canidae","Vulpes vulpes","red fox",1071,"(Linnaeus, 1758)",,,False,"II","Queensland Historical Fauna Database","Pulsford (1984)","03-11-1981","03-11-1981","03-11-1981","Bindaree",-24.265074,151.655235,"GDA2020",1800,,,,"U",0
2456673,"105065","Animalia","Chordata","Mammalia","Carnivora","Canidae","Vulpes vulpes","red fox",1071,"(Linnaeus, 1758)",,,False,"II","Queensland Historical Fauna Database","Pulsford (1984)","05-06-1982","05-06-1982","05-06-1982","Middle Creek",-24.131740,151.780232,"GDA2020",900,,,,"U",0
2457954,"106461","Animalia","Chordata","Mammalia","Carnivora","Canidae","Vulpes vulpes","red fox",1071,"(Linnaeus, 1758)",,,False,"II","Queensland Historical Fauna Database","Pulsford (1984)","24-11-1983","24-11-1983","24-11-1983","Middle-Worthington Creek area",-24.123407,151.709399,"GDA2020",4500,,,,"U",0
2632591,"124911","Animalia","Chordata","Mammalia","Carnivora","Canidae","Vulpes vulpes","red fox",1071,"(Linnaeus, 1758)",,,False,"II","Queensland Historical Fauna Database","Schulz (1994)","21-05-1994","21-05-1994","21-05-1994","Fw WPZ >50m wide, Beerburrum SF611",-26.931726,152.992735,"GDA2020",7000,,,,"U",0
2632702,"125026","Animalia","Chordata","Mammalia","Carnivora","Canidae","Vulpes vulpes","red fox",1071,"(Linnaeus, 1758)",,,False,"II","Queensland Historical Fauna Database","Schulz (1994)","21-05-1994","21-05-1994","21-05-1994","Tidal WPZ, >50m wide, Beerburrum SF611",-26.906726,153.038568,"GDA2020",2500,,,,"U",0
2632764,"125092","Animalia","Chordata","Mammalia","Carnivora","Canidae","Vulpes vulpes","red fox",1071,"(Linnaeus, 1758)",,,False,"II","Queensland Historical Fauna Database","Schulz (1994)","21-05-1994","21-05-1994","21-05-1994","Fw WPZ <50m wide, Beerburrum SF611",-26.940060,152.980235,"GDA2020",4500,,,,"U",0
2442422,"88891","Animalia","Chordata","Mammalia","Carnivora","Canidae","Vulpes vulpes","red fox",1071,"(Linnaeus, 1758)",,,False,"II","Queensland Historical Fauna Database","Parsons (1989)","01-01-1988","31-12-1988","01-01-1988","North Branch Rd, Maryvale",-28.010895,152.284423,"GDA2020",1100,,,,"U",0
2634359,"126732","Animalia","Chordata","Mammalia","Carnivora","Canidae","Vulpes vulpes","red fox",1071,"(Linnaeus, 1758)",,,False,"II","Queensland Historical Fauna Database","Schulz (1994)","01-03-1994","31-03-1994","01-03-1994","Kroombit Tops SF316",-24.381739,150.951079,"GDA2020",13500,,,,"U",0
2470270,"122269","Animalia","Chordata","Mammalia","Carnivora","Canidae","Vulpes vulpes","red fox",1071,"(Linnaeus, 1758)",,,False,"II","Queensland Historical Fauna Database","Dyer & Hines (1994)","01-01-1986","31-12-1986","01-01-1986","Dune Rocks Headland, Point Lookout",-27.427554,153.542731,"GDA2020",450,,,,"U",0
2656871,"149641","Animalia","Chordata","Mammalia","Carnivora","Canidae","Vulpes vulpes","red fox",1071,"(Linnaeus, 1758)",,,False,"II","Queensland Historical Fauna Database","Barlow Gregg Abercromby (1993)","01-01-1990","31-12-1990","01-01-1990","Eli Waters Estate, W of Pialba",-25.273398,152.805223,"GDA2020",2000,,,,"U",0
2656979,"149752","Animalia","Chordata","Mammalia","Carnivora","Canidae","Vulpes vulpes","red fox",1071,"(Linnaeus, 1758)",,,False,"II","Queensland Historical Fauna Database","Templeton (1986-1994)","01-01-1992","31-12-1992","01-01-1992","East Nanango Fauna Sanctuary",-26.665067,152.026081,"GDA2020",450,,,,"U",0
2667966,"161393","Animalia","Chordata","Mammalia","Carnivora","Canidae","Vulpes vulpes","red fox",1071,"(Linnaeus, 1758)",,,False,"II","Queensland Historical Fauna Database","Plowman (1985)","01-01-1984","31-12-1984","01-01-1984","Scrub Rd SPA, BFP",-27.422004,152.842186,"GDA2020",300,,,,"U",0
2668106,"161539","Animalia","Chordata","Mammalia","Carnivora","Canidae","Vulpes vulpes","red fox",1071,"(Linnaeus, 1758)",,,False,"II","Queensland Historical Fauna Database","Plowman (1985)","01-01-1983","31-12-1983","01-01-1983","Gap Creek Rd, BFP",-27.473392,152.930241,"GDA2020",900,,,,"U",0
2576982,"484926","Animalia","Chordata","Mammalia","Carnivora","Canidae","Vulpes vulpes","red fox",1071,"(Linnaeus, 1758)",,,False,"II","Queensland Historical Fauna Database","Gynther & Caneris (1995)","22-04-1995","22-04-1995","22-04-1995","Boondall Wetlands, Brisbane",-27.340058,153.071904,"GDA2020",1300,,,,"U",0
2576860,"484797","Animalia","Chordata","Mammalia","Carnivora","Canidae","Vulpes vulpes","red fox",1071,"(Linnaeus, 1758)",,,False,"II","Queensland Historical Fauna Database","Gynther et al. (1995)","23-01-1995","23-01-1995","23-01-1995","Neill-Perrins Rd, Mooloolah",-26.744227,152.946901,"GDA2020",700,,,,"U",0
2577643,"485631","Animalia","Chordata","Mammalia","Carnivora","Canidae","Vulpes vulpes","red fox",1071,"(Linnaeus, 1758)",,,False,"II","Queensland Historical Fauna Database","Gynther (1995)","08-11-1995","08-11-1995","08-11-1995","Lot 878, W of Maroochy Airport, Marcoola",-26.602559,153.080231,"GDA2020",900,,,,"U",0
2579302,"487348","Animalia","Chordata","Mammalia","Carnivora","Canidae","Vulpes vulpes","red fox",1071,"(Linnaeus, 1758)",,,False,"II","Queensland Historical Fauna Database","Ford et al. (1995)","01-11-1995","30-11-1995","01-11-1995","Benandre Stn, Dumaresq River",-29.123955,151.376949,"GDA2020",900,,,,"U",0
2974351,"551058","Animalia","Chordata","Mammalia","Carnivora","Canidae","Vulpes vulpes","red fox",1071,"(Linnaeus, 1758)",,,False,"II","Queensland Historical Fauna Database","DEH SW Fauna Database","26-09-1995","26-09-1995","26-09-1995","Currajong Park Stn",-27.531712,149.751126,"GDA2020",400,,,,"U",0
2974790,"551504","Animalia","Chordata","Mammalia","Carnivora","Canidae","Vulpes vulpes","red fox",1071,"(Linnaeus, 1758)",,,False,"II","Queensland Historical Fauna Database","DEH SW Fauna Database","06-11-1995","06-11-1995","06-11-1995","Lagoons Stn",-26.831713,149.817818,"GDA2020",400,,,,"U",0
2580009,"488107","Animalia","Chordata","Mammalia","Carnivora","Canidae","Vulpes vulpes","red fox",1071,"(Linnaeus, 1758)",,,False,"II","Queensland Historical Fauna Database","Ford et al. (1995)","01-11-1995","30-11-1995","01-11-1995","Rocklands Stn, Warwick",-28.270898,151.797768,"GDA2020",900,,,,"U",0
2580010,"488108","Animalia","Chordata","Mammalia","Carnivora","Canidae","Vulpes vulpes","red fox",1071,"(Linnaeus, 1758)",,,False,"II","Queensland Historical Fauna Database","Ford et al. (1995)","01-11-1995","30-11-1995","01-11-1995","Lisavale Stn, Arcot Rd, Texas",-28.790345,151.402501,"GDA2020",900,,,,"U",0
2631564,"123838","Animalia","Chordata","Mammalia","Carnivora","Canidae","Vulpes vulpes","red fox",1071,"(Linnaeus, 1758)",,,False,"II","Queensland Historical Fauna Database","Limpus (1995)","19-01-1989","19-01-1989","19-01-1989","Mon Repos EP",-24.798401,152.438559,"GDA2020",900,,,,"U",0
2974225,"550929","Animalia","Chordata","Mammalia","Carnivora","Canidae","Vulpes vulpes","red fox",1071,"(Linnaeus, 1758)",,,False,"II","Queensland Historical Fauna Database","DEH SW Fauna Database","13-10-1995","13-10-1995","13-10-1995","Currajong Park Stn",-27.506712,149.773326,"GDA2020",150,,,,"U",0
2577708,"485701","Animalia","Chordata","Mammalia","Carnivora","Canidae","Vulpes vulpes","red fox",1071,"(Linnaeus, 1758)",,,False,"II","Queensland Historical Fauna Database","Gynther (1996)","12-01-1996","12-01-1996","12-01-1996","VCL betw Emu Mt & Coolum EP",-26.513671,153.084397,"GDA2020",800,,,,"U",0
2975085,"551802","Animalia","Chordata","Mammalia","Carnivora","Canidae","Vulpes vulpes","red fox",1071,"(Linnaeus, 1758)",,,False,"II","Queensland Historical Fauna Database","DEH SW Fauna Database","08-11-1995","08-11-1995","08-11-1995","Lagoons Stn",-26.835913,149.809418,"GDA2020",400,,,,"U",0
2979247,"556750","Animalia","Chordata","Mammalia","Carnivora","Canidae","Vulpes vulpes","red fox",1071,"(Linnaeus, 1758)",,,False,"II","Queensland Historical Fauna Database","Wood & Allison (1988)","01-01-1988","31-12-1988","01-01-1988","Darling Downs (Central)",-27.331739,150.834440,"GDA2020",54000,,,,"U",0
2979276,"556779","Animalia","Chordata","Mammalia","Carnivora","Canidae","Vulpes vulpes","red fox",1071,"(Linnaeus, 1758)",,,False,"II","Queensland Historical Fauna Database","Wood & Allison (1988)","01-01-1988","31-12-1988","01-01-1988","Lake Broadwater District",-27.365071,151.101103,"GDA2020",10000,,,,"U",0
2975120,"551837","Animalia","Chordata","Mammalia","Carnivora","Canidae","Vulpes vulpes","red fox",1071,"(Linnaeus, 1758)",,,False,"II","Queensland Historical Fauna Database","DEH SW Fauna Database","09-11-1995","09-11-1995","09-11-1995","Lagoons Stn",-26.828713,149.804718,"GDA2020",150,,,,"U",0
2973969,"550669","Animalia","Chordata","Mammalia","Carnivora","Canidae","Vulpes vulpes","red fox",1071,"(Linnaeus, 1758)",,,False,"II","Queensland Historical Fauna Database","DEH SW Fauna Database","11-10-1995","11-10-1995","11-10-1995","Currajong Park Stn",-27.510912,149.733026,"GDA2020",150,,,,"U",0
2632829,"125158","Animalia","Chordata","Mammalia","Carnivora","Canidae","Vulpes vulpes","red fox",1071,"(Linnaeus, 1758)",,,False,"II","Queensland Historical Fauna Database","Schulz (1994)","21-05-1994","21-05-1994","21-05-1994","Pine plantation, Beerburrum SF611",-26.935893,153.001068,"GDA2020",7000,,,,"U",0
2634594,"127043","Animalia","Chordata","Mammalia","Carnivora","Canidae","Vulpes vulpes","red fox",1071,"(Linnaeus, 1758)",,,False,"II","Queensland Historical Fauna Database","Rishworth (1993)","01-01-1993","31-12-1993","01-01-1993","Marcus Shores leasehold",-26.444226,153.101062,"GDA2020",500,,,,"U",0
2973525,"549936","Animalia","Chordata","Mammalia","Carnivora","Canidae","Vulpes vulpes","red fox",1071,"(Linnaeus, 1758)",,,False,"II","Queensland Historical Fauna Database","DEH SW Fauna Database","28-09-1995","28-09-1995","28-09-1995","Wollambi Stn",-27.481711,149.815025,"GDA2020",150,,,,"U",0
2994095,"573655","Animalia","Chordata","Mammalia","Carnivora","Canidae","Vulpes vulpes","red fox",1071,"(Linnaeus, 1758)",,,False,"II","Queensland Historical Fauna Database","Russell et al. (1992)","01-04-1991","30-04-1991","01-04-1991","Green Hills nr Meandarra (caves t)",-27.556744,149.867791,"GDA2020",900,,,,"U",0
2994096,"573656","Animalia","Chordata","Mammalia","Carnivora","Canidae","Vulpes vulpes","red fox",1071,"(Linnaeus, 1758)",,,False,"II","Queensland Historical Fauna Database","Russell et al. (1992)","01-10-1990","31-10-1990","01-10-1990","Green Hills nr Meandarra (pig t)",-27.556744,149.867791,"GDA2020",900,,,,"U",0
2994097,"573657","Animalia","Chordata","Mammalia","Carnivora","Canidae","Vulpes vulpes","red fox",1071,"(Linnaeus, 1758)",,,False,"II","Queensland Historical Fauna Database","Russell et al. (1992)","01-05-1990","31-05-1990","01-05-1990","The Glen nr Upper Pilton",-27.931730,152.142758,"GDA2020",900,,,,"U",0
2994098,"573658","Animalia","Chordata","Mammalia","Carnivora","Canidae","Vulpes vulpes","red fox",1071,"(Linnaeus, 1758)",,,False,"II","Queensland Historical Fauna Database","Russell et al. (1992)","01-05-1991","31-05-1991","01-05-1991","Erringibba NP nr Glenmorgan",-27.285913,149.692791,"GDA2020",900,,,,"U",0
2994099,"573659","Animalia","Chordata","Mammalia","Carnivora","Canidae","Vulpes vulpes","red fox",1071,"(Linnaeus, 1758)",,,False,"II","Queensland Historical Fauna Database","Russell et al. (1992)","01-11-1991","30-11-1991","01-11-1991","Erringibba NP nr Glenmorgan",-27.285913,149.692791,"GDA2020",900,,,,"U",0
2976344,"553369","Animalia","Chordata","Mammalia","Carnivora","Canidae","Vulpes vulpes","red fox",1071,"(Linnaeus, 1758)",,,False,"II","Queensland Historical Fauna Database","DEH SW Fauna Database","22-05-1996","22-05-1996","22-05-1996","Brooklyn Stn",-26.389823,147.917842,"GDA2020",150,,,,"U",0
3000793,"582512","Animalia","Chordata","Mammalia","Carnivora","Canidae","Vulpes vulpes","red fox",1071,"(Linnaeus, 1758)",,,False,"II","Queensland Historical Fauna Database","Queensland Electricity Commission (1985)","31-01-1983","31-01-1983","31-01-1983","Stanwell Power Stn-S of Stony Ck",-23.517853,150.305255,"GDA2020",450,,,,"U",0
3005183,"573556","Animalia","Chordata","Mammalia","Carnivora","Canidae","Vulpes vulpes","red fox",1071,"(Linnaeus, 1758)",,,False,"II","Queensland Historical Fauna Database","Russell et al. (1992)","01-09-1990","30-09-1990","01-09-1990","Green Hills nr Meandarra (caves t)",-27.556744,149.867791,"GDA2020",900,,,,"U",0
3013163,"5074","Animalia","Chordata","Mammalia","Carnivora","Canidae","Vulpes vulpes","red fox",1071,"(Linnaeus, 1758)",,,False,"II","SEQ Comprehensive Regional Assessment Fauna Survey Database","SEQ Comprehensive Regional Assessment Fauna Survey","26-05-1997","29-05-1997","26-05-1997","SITE 7, LOCKYER SF; TOP OF REDBANK CK",-27.444195,152.256329,"GDA2020",500,1,"A",,"C",0
2974824,"551538","Animalia","Chordata","Mammalia","Carnivora","Canidae","Vulpes vulpes","red fox",1071,"(Linnaeus, 1758)",,,False,"II","Queensland Historical Fauna Database","DEH SW Fauna Database","07-11-1995","07-11-1995","07-11-1995","Lagoons Stn",-26.828713,149.804718,"GDA2020",150,,,,"U",0
2975836,"552849","Animalia","Chordata","Mammalia","Carnivora","Canidae","Vulpes vulpes","red fox",1071,"(Linnaeus, 1758)",,,False,"II","Queensland Historical Fauna Database","DEH SW Fauna Database","21-04-1996","21-04-1996","21-04-1996","Dukes Plain nr Isla Gorge NP",-25.178703,150.042499,"GDA2020",150,,,,"U",0
3015362,"7598","Animalia","Chordata","Mammalia","Carnivora","Canidae","Vulpes vulpes","red fox",1071,"(Linnaeus, 1758)",,,False,"II","SEQ Comprehensive Regional Assessment Fauna Survey Database","SEQ Comprehensive Regional Assessment Fauna Survey","11-08-1997","15-08-1997","11-08-1997","BENARKIN STATE FOREST - TALL OPEN FOREST IN BIDWILLII LOGGING AREA",-26.780726,152.154036,"GDA2020",500,1,"A",,"U",0
2973989,"550690","Animalia","Chordata","Mammalia","Carnivora","Canidae","Vulpes vulpes","red fox",1071,"(Linnaeus, 1758)",,,False,"II","Queensland Historical Fauna Database","DEH SW Fauna Database","11-10-1995","11-10-1995","11-10-1995","Currajong Park Stn",-27.517312,149.733026,"GDA2020",150,,,,"U",0
2983396,"561012","Animalia","Chordata","Mammalia","Carnivora","Canidae","Vulpes vulpes","red fox",1071,"(Linnaeus, 1758)",,,False,"II","Queensland Historical Fauna Database","Wood (1983)","31-08-1983","31-08-1983","31-08-1983","Yuleba Clay Holes, 7km NE Yuleba Forest Stn",-26.835915,149.492790,"GDA2020",900,,,,"U",0
2988597,"566628","Animalia","Chordata","Mammalia","Carnivora","Canidae","Vulpes vulpes","red fox",1071,"(Linnaeus, 1758)",,,False,"II","Queensland Historical Fauna Database","Dumaresq-Barwon Border Rivers Commission (1988)","01-01-1984","31-12-1984","01-01-1984","Weir site, Boggabilla-Toomelah area",-28.588963,150.357794,"GDA2020",900,,,,"U",0
2989518,"567580","Animalia","Chordata","Mammalia","Carnivora","Canidae","Vulpes vulpes","red fox",1071,"(Linnaeus, 1758)",,,False,"II","Queensland Historical Fauna Database","Dumaresq-Barwon Border Rivers Commission (1988)","01-01-1984","31-12-1984","01-01-1984","Malgaroi site, Boggabilla-Toomelah area",-28.630074,150.387516,"GDA2020",900,,,,"U",0
2976234,"553259","Animalia","Chordata","Mammalia","Carnivora","Canidae","Vulpes vulpes","red fox",1071,"(Linnaeus, 1758)",,,False,"II","Queensland Historical Fauna Database","DEH SW Fauna Database","21-05-1996","21-05-1996","21-05-1996","Thornlee Stn",-26.431724,147.801145,"GDA2020",400,,,,"U",0
2998459,"579236","Animalia","Chordata","Mammalia","Carnivora","Canidae","Vulpes vulpes","red fox",1071,"(Linnaeus, 1758)",,,False,"II","Queensland Historical Fauna Database","PPK (1997)","23-03-1997","23-03-1997","23-03-1997","Survey 1 - Comet Dam area",-24.385912,148.601117,"GDA2020",9000,,,,"U",0
2988483,"566504","Animalia","Chordata","Mammalia","Carnivora","Canidae","Vulpes vulpes","red fox",1071,"(Linnaeus, 1758)",,,False,"II","Queensland Historical Fauna Database","Dumaresq-Barwon Border Rivers Commission (1988)","01-01-1984","31-12-1984","01-01-1984","Merewah site, Boggabilla-Toomelah area",-28.653407,150.422793,"GDA2020",900,,,,"U",0
3013388,"5330","Animalia","Chordata","Mammalia","Carnivora","Canidae","Vulpes vulpes","red fox",1071,"(Linnaeus, 1758)",,,False,"II","SEQ Comprehensive Regional Assessment Fauna Survey Database","SEQ Comprehensive Regional Assessment Fauna Survey","15-08-1997","15-08-1997","15-08-1997","ON TAROMEO CK 15MIN * 2PERSON",-26.787441,152.153705,"GDA2020",500,1,"A",,"U",0
3034326,"222","Animalia","Chordata","Mammalia","Carnivora","Canidae","Vulpes vulpes","red fox",1071,"(Linnaeus, 1758)",,,False,"II","SEQ Comprehensive Regional Assessment Fauna Survey Database","SEQ CRA Fauna Survey Incidental Records","07-05-1997",,"07-05-1997","BELLTHORPE SF - SMALL POND 400 M WEST OF FOREST OFFICE - AREA SURVEYED = 0.5 HA",-26.818251,152.677626,"GDA2020",500,1,"A",,"U",0
3014374,"6540","Animalia","Chordata","Mammalia","Carnivora","Canidae","Vulpes vulpes","red fox",1071,"(Linnaeus, 1758)",,,False,"II","SEQ Comprehensive Regional Assessment Fauna Survey Database","SEQ Comprehensive Regional Assessment Fauna Survey","07-07-1997","11-07-1997","07-07-1997","MANY PEAKS TIMBER RESERVE - RIDGE LINE ADJACENT ROAD",-24.545562,151.296477,"GDA2020",500,1,"A",,"V",0
3586063,,"Animalia","Chordata","Mammalia","Carnivora","Canidae","Vulpes vulpes","red fox",1071,"(Linnaeus, 1758)",,,False,"II","Incidental Records","Rogers - Crows Nest","22-03-2001",,"22-03-2001","Crows Nest",-27.276376,152.068895,"GDA2020",100,,,,"C",0
3022652,"876","Animalia","Chordata","Mammalia","Carnivora","Canidae","Vulpes vulpes","red fox",1071,"(Linnaeus, 1758)",,,False,"II","SEQ Comprehensive Regional Assessment Fauna Survey Database","SEQ CRA Fauna Survey Incidental Records","01-01-1997","30-06-1998","01-01-1997","Various sites within Cordalba State Forest",-25.053776,152.164023,"GDA2020",500,,,,"U",0
2988730,"566762","Animalia","Chordata","Mammalia","Carnivora","Canidae","Vulpes vulpes","red fox",1071,"(Linnaeus, 1758)",,,False,"II","Queensland Historical Fauna Database","Wood (1982)","08-09-1982","08-09-1982","08-09-1982","Boombah Scrub, Port.30, 20km S St George",-28.169252,148.717815,"GDA2020",900,,,,"U",0
3023722,"14021","Animalia","Chordata","Mammalia","Carnivora","Canidae","Vulpes vulpes","red fox",1071,"(Linnaeus, 1758)",,,False,"II","SEQ Comprehensive Regional Assessment Fauna Survey Database","SEQ Comprehensive Regional Assessment Fauna Survey","02-06-1997","06-06-1997","02-06-1997","Mothar Mountain State Forest, Dingo LA, compartment 2, Dingo Creek",-26.299180,152.801210,"GDA2020",500,1,"A",,"C",0
3034332,"228","Animalia","Chordata","Mammalia","Carnivora","Canidae","Vulpes vulpes","red fox",1071,"(Linnaeus, 1758)",,,False,"II","SEQ Comprehensive Regional Assessment Fauna Survey Database","SEQ CRA Fauna Survey Incidental Records","06-06-1997",,"06-06-1997","BELLTHORPE SF - OPPORTUNISTIC SIGHTINGS 200 M SOUTH OF FOREST OFFICE ON MAIN FOREST ROAD",-26.825620,152.678531,"GDA2020",500,1,"A",,"U",0
3599542,,"Animalia","Chordata","Mammalia","Carnivora","Canidae","Vulpes vulpes","red fox",1071,"(Linnaeus, 1758)",,,False,"II","Fauna/flora inventory","Community Nature Conservation","16-09-2001",,"16-09-2001","Windorah",-25.369153,142.745674,"GDA2020",100,3,"A",,"C",0
3034405,"316","Animalia","Chordata","Mammalia","Carnivora","Canidae","Vulpes vulpes","red fox",1071,"(Linnaeus, 1758)",,,False,"II","SEQ Comprehensive Regional Assessment Fauna Survey Database","SEQ CRA Fauna Survey Incidental Records","28-05-1997",,"28-05-1997","LOCKYER SF",-27.486406,152.304947,"GDA2020",500,1,"A",,"U",0
3034373,"269","Animalia","Chordata","Mammalia","Carnivora","Canidae","Vulpes vulpes","red fox",1071,"(Linnaeus, 1758)",,,False,"II","SEQ Comprehensive Regional Assessment Fauna Survey Database","SEQ CRA Fauna Survey Incidental Records","09-07-1997",,"09-07-1997","BELLTHORPE SF - RAINFOREST GULLY NORTH OF SITE BLUE 3",-26.814798,152.684096,"GDA2020",500,1,"A",,"U",0
3022682,"906","Animalia","Chordata","Mammalia","Carnivora","Canidae","Vulpes vulpes","red fox",1071,"(Linnaeus, 1758)",,,False,"II","SEQ Comprehensive Regional Assessment Fauna Survey Database","SEQ CRA Fauna Survey Incidental Records","01-01-1997","30-06-1998","01-01-1997","Various sites within Cordalba State Forest",-25.220190,152.145814,"GDA2020",500,,,,"U",0
3022000,"26247","Animalia","Chordata","Mammalia","Carnivora","Canidae","Vulpes vulpes","red fox",1071,"(Linnaeus, 1758)",,,False,"II","SEQ Comprehensive Regional Assessment Fauna Survey Database","SEQ Comprehensive Regional Assessment Fauna Survey","17-09-1997","24-10-1997","17-09-1997","500 METRES EAST OF CAMP MILO",-25.991295,153.079892,"GDA2020",500,1,"A",,"V",0
3034912,"1019","Animalia","Chordata","Mammalia","Carnivora","Canidae","Vulpes vulpes","red fox",1071,"(Linnaeus, 1758)",,,False,"II","SEQ Comprehensive Regional Assessment Fauna Survey Database","SEQ CRA Fauna Survey Incidental Records","25-08-1997","29-08-1997","25-08-1997","Various locations within Kandanga and Wrattens State Forests",-26.340447,152.387469,"GDA2020",500,1,"A",,"U",0
3018149,"10778","Animalia","Chordata","Mammalia","Carnivora","Canidae","Vulpes vulpes","red fox",1071,"(Linnaeus, 1758)",,,False,"II","SEQ Comprehensive Regional Assessment Fauna Survey Database","SEQ Comprehensive Regional Assessment Fauna Survey","08-09-1997","12-09-1997","08-09-1997","VINE SCRUB SITE NEAR COONGARA FALLS RD - COONGARA ROCK RD INTERSECTION, MT WALSH NP",-25.641223,151.998939,"GDA2020",500,1,"A",,"V",0
3636633,,"Animalia","Chordata","Mammalia","Carnivora","Canidae","Vulpes vulpes","red fox",1071,"(Linnaeus, 1758)",,,False,"II","Incidental Records","Mackay District Incidental Fauna Sightings","12-06-1995",,"12-06-1995","Neils Rd Habana",-21.028743,149.103533,"GDA2020",2000,1,"A",,"C",0
3592324,,"Animalia","Chordata","Mammalia","Carnivora","Canidae","Vulpes vulpes","red fox",1071,"(Linnaeus, 1758)",,,False,"II","NatureSearch - Wide Bay/Burnett","Teddington Water Reserve Survey","01-12-2000","01-12-2000","01-12-2000","Teddington Weir Water Reserve, Tinana, Maryborough, Qld",-25.651099,152.665006,"GDA2020",100,,,,"C",0
3593586,,"Animalia","Chordata","Mammalia","Carnivora","Canidae","Vulpes vulpes","red fox",1071,"(Linnaeus, 1758)",,,False,"II","NatureSearch - Wide Bay/Burnett","Wide Bay Training Area","22-04-2001","22-04-2001","22-04-2001","Wide Bay Training Area, Military reserve near Tin Can Bay",-25.886071,152.979451,"GDA2020",200,,,,"U",0
3657150,"700580","Animalia","Chordata","Mammalia","Carnivora","Canidae","Vulpes vulpes","red fox",1071,"(Linnaeus, 1758)",,,False,"II","Queensland Historical Fauna Database","Aland & Taylor (1994)","01-11-1993","01-11-1993","01-11-1993","Wooroolin Swamp, 16km N of Kingaroy",-26.415069,151.834415,"GDA2020",900,,,,"U",0
3639449,,"Animalia","Chordata","Mammalia","Carnivora","Canidae","Vulpes vulpes","red fox",1071,"(Linnaeus, 1758)",,,False,"II","NatureSearch Moggill","2001 Marsupial Nightstalk","18-05-2001","18-05-2001","18-05-2001","Purga Wetland Reserve",-27.735609,152.721117,"GDA2020",50,1,"A",,"C",0
3602627,,"Animalia","Chordata","Mammalia","Carnivora","Canidae","Vulpes vulpes","red fox",1071,"(Linnaeus, 1758)",,,False,"II","NatureSearch - South Coast","Gecko Walk with Wildlife","17-08-2001","17-08-2001","17-08-2001","Elanora Wetland Habitat",-28.122276,153.441627,"GDA2020",500,,,,"U",0
3590783,,"Animalia","Chordata","Mammalia","Carnivora","Canidae","Vulpes vulpes","red fox",1071,"(Linnaeus, 1758)",,,False,"II","NatureSearch Moggill","NatureSearch Eumarella Weyba Survey - April 2001","27-04-2001","29-04-2001","27-04-2001","Eumarella Shores Lake Weyba",-26.436932,153.062506,"GDA2020",100,,,,"C",0
3660346,"703794","Animalia","Chordata","Mammalia","Carnivora","Canidae","Vulpes vulpes","red fox",1071,"(Linnaeus, 1758)",,,False,"II","Queensland Historical Fauna Database","Catterall & Wallace (1987)","01-01-1986","31-12-1986","01-01-1986","Toohey Forest, Brisbane",-27.540058,153.051073,"GDA2020",1800,,,,"U",0
3592307,,"Animalia","Chordata","Mammalia","Carnivora","Canidae","Vulpes vulpes","red fox",1071,"(Linnaeus, 1758)",,,False,"II","NatureSearch - Wide Bay/Burnett","Eva Ford Traveston monitoring","01-04-2000","30-04-2000","01-04-2000","Lot 7 Noakes Road, Traveston, Qld",-26.340265,152.786951,"GDA2020",200,1,"A",,"C",0
3663033,"706484","Animalia","Chordata","Mammalia","Carnivora","Canidae","Vulpes vulpes","red fox",1071,"(Linnaeus, 1758)",,,False,"II","Queensland Historical Fauna Database","Giese & Jones (1996)","01-12-1989","31-12-1989","01-12-1989","UQ Vet farm, 12km W of Brisbane",-27.531725,152.921908,"GDA2020",1200,,,,"U",0
3605076,,"Animalia","Chordata","Mammalia","Carnivora","Canidae","Vulpes vulpes","red fox",1071,"(Linnaeus, 1758)",,,False,"II","Harry Hines fauna data","Harry Hines incidental records","21-04-2000","24-04-2000","21-04-2000","Canning Creek, Bringalily State Forest, southern Qld.",-28.239058,151.205749,"GDA2020",200,,,,"C",0
3602625,,"Animalia","Chordata","Mammalia","Carnivora","Canidae","Vulpes vulpes","red fox",1071,"(Linnaeus, 1758)",,,False,"II","NatureSearch - South Coast","Gecko Walk with Wildlife","07-10-2001","07-10-2001","07-10-2001","Elanora Wetland Habitat",-28.122276,153.441627,"GDA2020",500,,,,"U",0
3640364,,"Animalia","Chordata","Mammalia","Carnivora","Canidae","Vulpes vulpes","red fox",1071,"(Linnaeus, 1758)",,,False,"II","NatureSearch Moggill","WBM Oceanics Tamborine Survey - Nov 2000","14-11-2000","20-11-2000","14-11-2000","Mt Tamborine Escarpment",-27.942599,153.199950,"GDA2020",10000,,,,"C",0
3654038,"697451","Animalia","Chordata","Mammalia","Carnivora","Canidae","Vulpes vulpes","red fox",1071,"(Linnaeus, 1758)",,,False,"II","Queensland Historical Fauna Database","McLachlan & McLachlan (1988)","17-12-1987","17-12-1987","17-12-1987","3-4km S of Wreck Rock",-24.340072,151.973286,"GDA2020",500,,,,"U",0
3654039,"697452","Animalia","Chordata","Mammalia","Carnivora","Canidae","Vulpes vulpes","red fox",1071,"(Linnaeus, 1758)",,,False,"II","Queensland Historical Fauna Database","McLachlan & McLachlan (1988)","17-12-1987","17-12-1987","17-12-1987","Red Rock area, N of Wreck Rock",-24.256739,151.946897,"GDA2020",900,,,,"U",0
3674484,"718116","Animalia","Chordata","Mammalia","Carnivora","Canidae","Vulpes vulpes","red fox",1071,"(Linnaeus, 1758)",,,False,"II","Queensland Historical Fauna Database","EPA-BBS Fauna Survey (1999)","09-11-1998","09-11-1998","09-11-1998","Dip and culvert in the main Yuleba road. Site=T027, Yuleba SF190",-26.806285,149.623341,"GDA2020",300,,,,"U",0
3657786,"701218","Animalia","Chordata","Mammalia","Carnivora","Canidae","Vulpes vulpes","red fox",1071,"(Linnaeus, 1758)",,,False,"II","Queensland Historical Fauna Database","Stewart (1995)","01-01-1994","31-12-1994","01-01-1994","Illaweena Wetlands, Karawatha Reserve",-27.641446,153.071906,"GDA2020",750,,,,"U",0
3678490,"722806","Animalia","Chordata","Mammalia","Carnivora","Canidae","Vulpes vulpes","red fox",1071,"(Linnaeus, 1758)",,,False,"II","Queensland Historical Fauna Database","EPA-BBS Fauna Survey (1999)","05-05-1999","05-05-1999","05-05-1999","Warrego highway Site=L347, various locations in BBS",-27.287372,151.405928,"GDA2020",300,,,,"U",0
3699665,"744380","Animalia","Chordata","Mammalia","Carnivora","Canidae","Vulpes vulpes","red fox",1071,"(Linnaeus, 1758)",,,False,"II","Queensland Historical Fauna Database","Davies (1993)","01-01-1980","31-12-1980","01-01-1980","Brisbane Statistical Division",-27.431724,153.101071,"GDA2020",40000,,,,"U",0
3701710,"746937","Animalia","Chordata","Mammalia","Carnivora","Canidae","Vulpes vulpes","red fox",1071,"(Linnaeus, 1758)",,,False,"II","Queensland Historical Fauna Database","Haselgrove (1994)","01-01-1988","31-12-1988","01-01-1988","Christie Target area, Roberts Range proposal",-28.915064,151.826107,"GDA2020",5000,,,,"U",0
3661697,"705146","Animalia","Chordata","Mammalia","Carnivora","Canidae","Vulpes vulpes","red fox",1071,"(Linnaeus, 1758)",,,False,"II","Queensland Historical Fauna Database","Borsboom (1993)","01-01-1992","31-12-1992","01-01-1992","DPI Animal Genetics Centre, Warrill View",-27.815060,152.601082,"GDA2020",900,,,,"U",0
3666567,"710041","Animalia","Chordata","Mammalia","Carnivora","Canidae","Vulpes vulpes","red fox",1071,"(Linnaeus, 1758)",,,False,"II","Queensland Historical Fauna Database","Seeney (1987)","01-01-1985","31-12-1985","01-01-1985","Portion 46, N of Moonford nr Monto",-24.713682,151.027468,"GDA2020",1500,,,,"U",0
3743265,"813805","Animalia","Chordata","Mammalia","Carnivora","Canidae","Vulpes vulpes","red fox",1071,"(Linnaeus, 1758)",,,False,"II","Queensland Historical Fauna Database","Cremasco & Hopkins (1998)","01-01-1996","31-12-1996","01-01-1996","Halls Poultry Farm, 6km E of Millmerran",-27.846458,151.328326,"GDA2020",300,,,,"U",0
3674354,"717986","Animalia","Chordata","Mammalia","Carnivora","Canidae","Vulpes vulpes","red fox",1071,"(Linnaeus, 1758)",,,False,"II","Queensland Historical Fauna Database","EPA-BBS Fauna Survey (1999)","09-11-1998","09-11-1998","09-11-1998","Where the Yuleba road crosses Tchanning Creek Site=S022, Yuleba SF190",-26.804322,149.592304,"GDA2020",300,,,,"U",0
3748522,"819098","Animalia","Chordata","Mammalia","Carnivora","Canidae","Vulpes vulpes","red fox",1071,"(Linnaeus, 1758)",,,False,"II","Queensland Historical Fauna Database","Brown & Lundie-Jenkins (1995)","01-08-1995","31-08-1995","01-08-1995","Jimbour area",-26.919239,151.084432,"GDA2020",15000,,,,"U",0
3656023,"699449","Animalia","Chordata","Mammalia","Carnivora","Canidae","Vulpes vulpes","red fox",1071,"(Linnaeus, 1758)",,,False,"II","Queensland Historical Fauna Database","Greenway & Kordas (1994)","01-05-1993","31-05-1993","01-05-1993","N of Beenleigh-Redland rd, Carbrook wetland area",-27.682000,153.258570,"GDA2020",1700,,,,"U",0
3657251,"700681","Animalia","Chordata","Mammalia","Carnivora","Canidae","Vulpes vulpes","red fox",1071,"(Linnaeus, 1758)",,,False,"II","Queensland Historical Fauna Database","Stewart (1997)","01-03-1997","31-03-1997","01-03-1997","DOT land nr Karawatha Reserve",-27.627002,153.067740,"GDA2020",1000,,,,"U",0
3657571,"701001","Animalia","Chordata","Mammalia","Carnivora","Canidae","Vulpes vulpes","red fox",1071,"(Linnaeus, 1758)",,,False,"II","Queensland Historical Fauna Database","Stewart (1995)","01-01-1994","31-12-1994","01-01-1994","Karawatha Reserve",-27.631724,153.084406,"GDA2020",1800,,,,"U",0
3674381,"718013","Animalia","Chordata","Mammalia","Carnivora","Canidae","Vulpes vulpes","red fox",1071,"(Linnaeus, 1758)",,,False,"II","Queensland Historical Fauna Database","EPA-BBS Fauna Survey (1999)","09-11-1998","09-11-1998","09-11-1998","Incidental/Target site Site=L189, Yuleba SF190",-26.851796,149.674949,"GDA2020",300,,,,"U",0
3750544,"821128","Animalia","Chordata","Mammalia","Carnivora","Canidae","Vulpes vulpes","red fox",1071,"(Linnaeus, 1758)",,,False,"II","Queensland Historical Fauna Database","Smith (1996)","24-09-1996","24-09-1996","24-09-1996","Theodore prospect area, N & S of Theodore",-24.957235,150.017763,"GDA2020",15000,,,,"U",0
3677603,"721747","Animalia","Chordata","Mammalia","Carnivora","Canidae","Vulpes vulpes","red fox",1071,"(Linnaeus, 1758)",,,False,"II","Queensland Historical Fauna Database","EPA-BBS Fauna Survey (1999)","13-04-1999","13-04-1999","13-04-1999","Leyburn/Karara road Site=L305, various locations in BBS",-27.922053,151.674088,"GDA2020",300,,,,"U",0
3753963,"879513","Animalia","Chordata","Mammalia","Carnivora","Canidae","Vulpes vulpes","red fox",1071,"(Linnaeus, 1758)",,,False,"II","Queensland Historical Fauna Database","Thomas (1993)","01-01-1993","31-12-1993","01-01-1993","Idalia NP study site",-24.877610,144.759509,"GDA2020",6000,,,,"U",0
3755479,"880685","Animalia","Chordata","Mammalia","Carnivora","Canidae","Vulpes vulpes","red fox",1071,"(Linnaeus, 1758)",,,False,"II","Queensland Historical Fauna Database","ISON Environmental Planners (1994)","01-07-1992","31-07-1992","01-07-1992","Proposed power stn nr Brigalow",-26.906741,150.742770,"GDA2020",1800,,,,"U",0
3755739,"880946","Animalia","Chordata","Mammalia","Carnivora","Canidae","Vulpes vulpes","red fox",1071,"(Linnaeus, 1758)",,,False,"II","Queensland Historical Fauna Database","ERM Mitchell McCotter (1998)","01-12-1997","01-12-1997","01-12-1997","Site F4, proposed Tarong-Armidale transmission line",-27.109517,150.898603,"GDA2020",300,,,,"U",0
3677684,"721828","Animalia","Chordata","Mammalia","Carnivora","Canidae","Vulpes vulpes","red fox",1071,"(Linnaeus, 1758)",,,False,"II","Queensland Historical Fauna Database","EPA-BBS Fauna Survey (1999)","13-04-1999","13-04-1999","13-04-1999","Incidental/Target site Site=L321, Tandan SF81",-28.639026,150.991689,"GDA2020",300,,,,"U",0
3759656,"884957","Animalia","Chordata","Mammalia","Carnivora","Canidae","Vulpes vulpes","red fox",1071,"(Linnaeus, 1758)",,,False,"II","Queensland Historical Fauna Database","Fisher (1998)","01-01-1993","31-12-1993","01-01-1993","Taunton NP",-23.548414,149.217769,"GDA2020",1800,,,,"U",0
3765020,"890415","Animalia","Chordata","Mammalia","Carnivora","Canidae","Vulpes vulpes","red fox",1071,"(Linnaeus, 1758)",,,False,"II","Queensland Historical Fauna Database","PPK Environment & Infrastructure (1999)","01-01-1998","31-12-1998","01-01-1998","Proposed Barlil Weir area, Barambah Creek",-26.206727,151.873293,"GDA2020",900,,,,"U",0
3745094,"815646","Animalia","Chordata","Mammalia","Carnivora","Canidae","Vulpes vulpes","red fox",1071,"(Linnaeus, 1758)",,,False,"II","Queensland Historical Fauna Database","Calvert (1994)","09-04-1994","09-04-1994","09-04-1994","Site C/D, Rocky Springs estate nr Julago, SE of Townsville",-19.370383,146.886666,"GDA2020",900,,,,"U",0
3677741,"721890","Animalia","Chordata","Mammalia","Carnivora","Canidae","Vulpes vulpes","red fox",1071,"(Linnaeus, 1758)",,,False,"II","Queensland Historical Fauna Database","EPA-BBS Fauna Survey (1999)","05-05-1999","05-05-1999","05-05-1999","Warrego highway Site=L350, various locations in BBS",-27.078723,151.089745,"GDA2020",300,,,,"U",0
3765670,"891077","Animalia","Chordata","Mammalia","Carnivora","Canidae","Vulpes vulpes","red fox",1071,"(Linnaeus, 1758)",,,False,"II","Queensland Historical Fauna Database","Sinclair Knight Merz (1998)","22-04-1998","22-04-1998","22-04-1998","Millmerran-proposed power stn & mine",-27.940063,151.271930,"GDA2020",2500,,,,"U",0
3766260,"891511","Animalia","Chordata","Mammalia","Carnivora","Canidae","Vulpes vulpes","red fox",1071,"(Linnaeus, 1758)",,,False,"II","Queensland Historical Fauna Database","Sinclair Knight Merz (1999)","01-01-1999","31-12-1999","01-01-1999","Fauna site 6, Stuart Stage 2 area, NW of Gladstone",-23.773682,151.145228,"GDA2020",450,,,,"U",0
3742488,"813012","Animalia","Chordata","Mammalia","Carnivora","Canidae","Vulpes vulpes","red fox",1071,"(Linnaeus, 1758)",,,False,"II","Queensland Historical Fauna Database","Jarman et al. (1997)","03-01-1997","03-01-1997","03-01-1997","Sundown NP",-28.877565,151.651109,"GDA2020",9000,,,,"U",0
3767056,"892309","Animalia","Chordata","Mammalia","Carnivora","Canidae","Vulpes vulpes","red fox",1071,"(Linnaeus, 1758)",,,False,"II","Queensland Historical Fauna Database","Cameron McNamara (1981)","01-10-1980","31-10-1980","01-10-1980","Site L, Theodore Coal Project area nr Theodore",-25.135908,150.138587,"GDA2020",450,,,,"U",0
3770118,"895432","Animalia","Chordata","Mammalia","Carnivora","Canidae","Vulpes vulpes","red fox",1071,"(Linnaeus, 1758)",,,False,"II","Queensland Historical Fauna Database","Dames & Moore (1999)","01-08-1998","31-08-1998","01-08-1998","Slurry pipeline, Stanwell Magnesium Plant Area",-23.190078,150.284403,"GDA2020",34000,,,,"U",0
3796244,"923284","Animalia","Chordata","Mammalia","Carnivora","Canidae","Vulpes vulpes","red fox",1071,"(Linnaeus, 1758)",,,False,"II","Queensland Historical Fauna Database","CSIRO (1992)","01-01-1990","31-12-1990","01-01-1990","Noonbah Stn - receiver stn area",-24.198461,143.201173,"GDA2020",10000,,,,"U",0
3796305,"923347","Animalia","Chordata","Mammalia","Carnivora","Canidae","Vulpes vulpes","red fox",1071,"(Linnaeus, 1758)",,,False,"II","Queensland Historical Fauna Database","CSIRO (1992)","01-01-1990","31-12-1990","01-01-1990","10-30km S of Longreach",-23.631787,144.217822,"GDA2020",10000,,,,"U",0
3796618,"923660","Animalia","Chordata","Mammalia","Carnivora","Canidae","Vulpes vulpes","red fox",1071,"(Linnaeus, 1758)",,,False,"II","Queensland Historical Fauna Database","Munks (1993)","01-01-1992","31-12-1992","01-01-1992","Aramac Rd, Prairie-Torrens Creek Alluvials Province",-21.498451,145.051128,"GDA2020",54000,,,,"U",0
3742502,"813027","Animalia","Chordata","Mammalia","Carnivora","Canidae","Vulpes vulpes","red fox",1071,"(Linnaeus, 1758)",,,False,"II","Queensland Historical Fauna Database","Jarman et al. (1997)","03-01-1997","03-01-1997","03-01-1997","Ooline Creek, Sundown NP",-28.898399,151.587222,"GDA2020",900,,,,"U",0
3799106,"925891","Animalia","Chordata","Mammalia","Carnivora","Canidae","Vulpes vulpes","red fox",1071,"(Linnaeus, 1758)",,,False,"II","Queensland Historical Fauna Database","Dollery (1997)","01-01-1990","31-12-1990","01-01-1990","Mariala NP (general)",-26.031780,145.034500,"GDA2020",14000,,,,"U",0
3799293,"926078","Animalia","Chordata","Mammalia","Carnivora","Canidae","Vulpes vulpes","red fox",1071,"(Linnaeus, 1758)",,,False,"II","Queensland Historical Fauna Database","Lapidge & Henshall (2001)","01-01-1999","31-12-1999","01-01-1999","Lambert-Acton-Caranna Stns",-25.448443,145.401157,"GDA2020",17000,,,,"U",0
3799646,"926431","Animalia","Chordata","Mammalia","Carnivora","Canidae","Vulpes vulpes","red fox",1071,"(Linnaeus, 1758)",,,False,"II","Queensland Historical Fauna Database","Eddie (2000)","01-01-1980","31-12-1980","01-01-1980","Thruston NP (general)",-27.748425,147.667815,"GDA2020",15000,,,,"U",0
3800215,"927000","Animalia","Chordata","Mammalia","Carnivora","Canidae","Vulpes vulpes","red fox",1071,"(Linnaeus, 1758)",,,False,"II","Queensland Historical Fauna Database","Dollery (1997)","01-01-1990","31-12-1990","01-01-1990","Charleville region",-26.398445,145.251168,"GDA2020",54000,,,,"U",0
3800590,"927375","Animalia","Chordata","Mammalia","Carnivora","Canidae","Vulpes vulpes","red fox",1071,"(Linnaeus, 1758)",,,False,"II","Queensland Historical Fauna Database","Dollery (1997)","01-01-1990","31-12-1990","01-01-1990","Chesterton NP (general)",-26.198428,147.417803,"GDA2020",12000,,,,"U",0
3800871,"927656","Animalia","Chordata","Mammalia","Carnivora","Canidae","Vulpes vulpes","red fox",1071,"(Linnaeus, 1758)",,,False,"II","Queensland Historical Fauna Database","Dollery (1997)","01-01-1990","31-12-1990","01-01-1990","Currawinya NP (general)",-28.815119,144.534536,"GDA2020",40000,,,,"U",0
3801431,"928216","Animalia","Chordata","Mammalia","Carnivora","Canidae","Vulpes vulpes","red fox",1071,"(Linnaeus, 1758)",,,False,"II","Queensland Historical Fauna Database","Dollery (1997)","01-01-1990","31-12-1990","01-01-1990","Lake Bindegolly NP (general)",-28.060955,144.172033,"GDA2020",6000,,,,"U",0
3820349,"963606","Animalia","Chordata","Mammalia","Carnivora","Canidae","Vulpes vulpes","red fox",1071,"(Linnaeus, 1758)",,,False,"II","Queensland Historical Fauna Database","Barry (1984)","01-01-1984","31-01-1984","01-01-1984","Newington Stn, Portion 2",-27.065082,148.926123,"GDA2020",4500,,,,"U",0
3822211,"965468","Animalia","Chordata","Mammalia","Carnivora","Canidae","Vulpes vulpes","red fox",1071,"(Linnaeus, 1758)",,,False,"II","Queensland Historical Fauna Database","Mahon & Dickman (1995)","01-01-1995","31-12-1995","01-01-1995","Ethabuka Stn, western Qld",-23.831831,138.451224,"GDA2020",7200,,,,"U",0
3822213,"965470","Animalia","Chordata","Mammalia","Carnivora","Canidae","Vulpes vulpes","red fox",1071,"(Linnaeus, 1758)",,,False,"II","Queensland Historical Fauna Database","Mahon & Dickman (1995)","01-01-1995","31-12-1995","01-01-1995","Carlo Stn, western Qld",-23.448496,138.601219,"GDA2020",7200,,,,"U",0
3822215,"965472","Animalia","Chordata","Mammalia","Carnivora","Canidae","Vulpes vulpes","red fox",1071,"(Linnaeus, 1758)",,,False,"II","Queensland Historical Fauna Database","Mahon & Dickman (1995)","01-01-1995","31-12-1995","01-01-1995","Cravens Peak Stn, western Qld",-23.265163,138.517885,"GDA2020",7200,,,,"U",0
3823198,"966684","Animalia","Chordata","Mammalia","Carnivora","Canidae","Vulpes vulpes","red fox",1071,"(Linnaeus, 1758)",,,False,"II","Queensland Historical Fauna Database","Geeves & Thomas (1992b)","02-10-1991","02-10-1991","02-10-1991","Lakes area, Currawinya NP",-28.706788,144.276205,"GDA2020",7500,,,,"U",0
3826085,"969599","Animalia","Chordata","Mammalia","Carnivora","Canidae","Vulpes vulpes","red fox",1071,"(Linnaeus, 1758)",,,False,"II","Queensland Historical Fauna Database","Muths (1995)","01-01-1993","31-12-1993","01-01-1993","Idalia NP study site",-24.881776,144.767842,"GDA2020",1500,,,,"U",0
3828237,"971758","Animalia","Chordata","Mammalia","Carnivora","Canidae","Vulpes vulpes","red fox",1071,"(Linnaeus, 1758)",,,False,"II","Queensland Historical Fauna Database","Hobson (2002)","29-11-2001","29-11-2001","29-11-2001","Erringibba NP (general)",-27.288598,149.705006,"GDA2020",900,,,,"U",0
3765519,"890921","Animalia","Chordata","Mammalia","Carnivora","Canidae","Vulpes vulpes","red fox",1071,"(Linnaeus, 1758)",,,False,"II","Queensland Historical Fauna Database","ERM Mitchell McCotter (1999)","01-01-1998","31-12-1998","01-01-1998","Braemer substation site",-27.143678,150.896928,"GDA2020",450,,,,"U",0
3748623,"819199","Animalia","Chordata","Mammalia","Carnivora","Canidae","Vulpes vulpes","red fox",1071,"(Linnaeus, 1758)",,,False,"II","Queensland Historical Fauna Database","Brown & Lundie-Jenkins (1995)","01-09-1995","30-09-1995","01-09-1995","Kappunn area",-27.231738,151.109435,"GDA2020",10000,,,,"U",0
3753953,"879503","Animalia","Chordata","Mammalia","Carnivora","Canidae","Vulpes vulpes","red fox",1071,"(Linnaeus, 1758)",,,False,"II","Queensland Historical Fauna Database","Strong (1997)","01-01-1995","31-12-1995","01-01-1995","Helensvale Stn nr Gracemere",-23.373409,150.409420,"GDA2020",3000,,,,"U",0
3755822,"881029","Animalia","Chordata","Mammalia","Carnivora","Canidae","Vulpes vulpes","red fox",1071,"(Linnaeus, 1758)",,,False,"II","Queensland Historical Fauna Database","ERM Mitchell McCotter (1998)","01-12-1997","01-12-1997","01-12-1997","Proposed Tarong-Armidale transmission line",-27.731739,150.834444,"GDA2020",54000,,,,"U",0
3836968,,"Animalia","Chordata","Mammalia","Carnivora","Canidae","Vulpes vulpes","red fox",1071,"(Linnaeus, 1758)",,,False,"II","Rod Hobson's wildlife data","Darling Downs Grassland Fauna Survey","18-07-2001","20-07-2001","18-07-2001","Gowrie Mountain, Property of Enid Howell, SEQ.",-27.486166,151.769705,"GDA2020",150,,,,"C",0
3765125,"890524","Animalia","Chordata","Mammalia","Carnivora","Canidae","Vulpes vulpes","red fox",1071,"(Linnaeus, 1758)",,,False,"II","Queensland Historical Fauna Database","Kinhill (1999)","23-02-1999","23-02-1999","23-02-1999","Proposed Cooranga Weir area, Boyne River",-25.806732,151.334409,"GDA2020",3600,,,,"U",0
3748846,"819422","Animalia","Chordata","Mammalia","Carnivora","Canidae","Vulpes vulpes","red fox",1071,"(Linnaeus, 1758)",,,False,"II","Queensland Historical Fauna Database","Hollingsworth Consultants(1988)","01-01-1987","31-12-1987","01-01-1987","Ensham Coal mine nr Duckponds, 10km NW of Comet",-23.523421,148.484442,"GDA2020",3600,,,,"U",0
3749392,"819969","Animalia","Chordata","Mammalia","Carnivora","Canidae","Vulpes vulpes","red fox",1071,"(Linnaeus, 1758)",,,False,"II","Queensland Historical Fauna Database","Hyder Environmental (1999)","09-02-1999","09-02-1999","09-02-1999","Proposed Nangram Weir area, u/s of Condamine",-26.842855,150.330277,"GDA2020",8500,,,,"U",0
3749681,"820262","Animalia","Chordata","Mammalia","Carnivora","Canidae","Vulpes vulpes","red fox",1071,"(Linnaeus, 1758)",,,False,"II","Queensland Historical Fauna Database","GHD (2000)","01-05-1999","31-05-1999","01-05-1999","Proposed Condamine Weir area nr Condamine",-26.890078,150.163613,"GDA2020",9500,,,,"U",0
3837981,,"Animalia","Chordata","Mammalia","Carnivora","Canidae","Vulpes vulpes","red fox",1071,"(Linnaeus, 1758)",,,False,"II","Rod Hobson's wildlife data","Southern Brigalow Belt Fauna Survey","17-03-2003","23-03-2003","17-03-2003","Bendidee National Park, SEQ.",-28.310605,150.502470,"GDA2020",1000,1,"A",,"C",0
3766480,"891732","Animalia","Chordata","Mammalia","Carnivora","Canidae","Vulpes vulpes","red fox",1071,"(Linnaeus, 1758)",,,False,"II","Queensland Historical Fauna Database","Sinclair Knight Merz (1999)","01-01-1999","31-12-1999","01-01-1999","Fauna incidental, Stuart Stage 2 area, NW of Gladstone",-23.790071,151.134395,"GDA2020",3500,,,,"U",0
3798674,"925459","Animalia","Chordata","Mammalia","Carnivora","Canidae","Vulpes vulpes","red fox",1071,"(Linnaeus, 1758)",,,False,"II","Queensland Historical Fauna Database","Palmer (1995)","01-01-1991","31-12-1991","01-01-1991","Offham Stn, 70km N of Cunnamulla",-27.556773,145.934504,"GDA2020",7200,,,,"U",0
3841338,,"Animalia","Chordata","Mammalia","Carnivora","Canidae","Vulpes vulpes","red fox",1071,"(Linnaeus, 1758)",,,False,"II","Rod Hobson's wildlife data","Rod Hobson's incidental records","29-11-2001","03-12-2001","29-11-2001","Erringibba National Park, SEQ.",-27.287104,149.706623,"GDA2020",1000,,,,"C",0
3833337,,"Animalia","Chordata","Mammalia","Carnivora","Canidae","Vulpes vulpes","red fox",1071,"(Linnaeus, 1758)",,,False,"II","Moggill QPWS fauna data","Crossdale","05-08-1999",,"05-08-1999","'Crossdale' McKeys Road, Crossdale Esk Shire, SEQ.",-27.200411,152.530467,"GDA2020",100,,,,"V",0
3843862,,"Animalia","Chordata","Mammalia","Carnivora","Canidae","Vulpes vulpes","red fox",1071,"(Linnaeus, 1758)",,,False,"II","Mackay District","Kemmis Creek Nature Refuge (Proposed)","01-01-2002","30-11-2002","01-01-2002","Kemmis Creek Nature Refuge - Fauna",-21.479398,148.324605,"GDA2020",5000,,,,"C",0
3834405,,"Animalia","Chordata","Mammalia","Carnivora","Canidae","Vulpes vulpes","red fox",1071,"(Linnaeus, 1758)",,,False,"II","NatureSearch Moggill","Volunteer Incidental Records","24-01-2002","24-01-2002","24-01-2002","Archerfiels, Beatty Road near airport",-27.573513,153.013637,"GDA2020",5,1,"A",,"U",0
3836208,,"Animalia","Chordata","Mammalia","Carnivora","Canidae","Vulpes vulpes","red fox",1071,"(Linnaeus, 1758)",,,False,"II","Nature Search - South West","NatureSearch Incidental Records","22-03-2000",,"22-03-2000","""Hillside"", Boundary Road, Toowoomba, SEQ.",-27.596932,151.888451,"GDA2020",1000,,,,"V",0
3837032,,"Animalia","Chordata","Mammalia","Carnivora","Canidae","Vulpes vulpes","red fox",1071,"(Linnaeus, 1758)",,,False,"II","Rod Hobson's wildlife data","Darling Downs Grassland Fauna Survey","25-07-2001","27-07-2001","25-07-2001","Jimbour Stock Route, Jimbour, SEQ.",-26.958670,151.213320,"GDA2020",150,,,,"C",0
3852156,"1688","Animalia","Chordata","Mammalia","Carnivora","Canidae","Vulpes vulpes","red fox",1071,"(Linnaeus, 1758)",,,False,"II","Harry Hines fauna data","South-east Queensland frog survey and monitoring database","03-10-1996","03-10-1996","03-10-1996","Gheerulla Creek, at western end of Delicia Road Conservation Park, near Mapleton, south-east Queensland.",-26.616073,152.848881,"GDA2020",250,1,"A",,"C",0
3837213,,"Animalia","Chordata","Mammalia","Carnivora","Canidae","Vulpes vulpes","red fox",1071,"(Linnaeus, 1758)",,,False,"II","Rod Hobson's wildlife data","Darling Downs Grassland Fauna Survey","31-07-2001","03-08-2001","31-07-2001","Property of D. Wooldridge, Kent and Pedlar Roads, Bongeen, SEQ.",-27.480890,151.472765,"GDA2020",150,,,,"V",0
3836742,,"Animalia","Chordata","Mammalia","Carnivora","Canidae","Vulpes vulpes","red fox",1071,"(Linnaeus, 1758)",,,False,"II","Rod Hobson's wildlife data","Rod Hobson's incidental records","15-04-2001","15-04-2001","15-04-2001","Currawinya National Park, SWQ.",-28.843052,144.489274,"GDA2020",1000,,,,"C",0
3868225,,"Animalia","Chordata","Mammalia","Carnivora","Canidae","Vulpes vulpes","red fox",1071,"(Linnaeus, 1758)",,,False,"II","Fauna/flora inventory","Lochern National Park","27-10-1999","27-10-1999","27-10-1999","residence",-24.110181,143.286091,"GDA2020",100,1,"C",,"C",0
3878712,,"Animalia","Chordata","Mammalia","Carnivora","Canidae","Vulpes vulpes","red fox",1071,"(Linnaeus, 1758)",,,False,"II","Rod Hobson's wildlife data","Rod Hobson's incidental records","24-06-2003","24-06-2003","24-06-2003","Dunavant Gin, Moonie Highway, SEQ.",-27.218398,151.185535,"GDA2020",10,1,"A",,"V",0
3930170,,"Animalia","Chordata","Mammalia","Carnivora","Canidae","Vulpes vulpes","red fox",1071,"(Linnaeus, 1758)",,,False,"II","Central Region Natural Resource Management Unit","Welford Fauna Survey","18-11-2002",,"18-11-2002","Welford National Park",-25.128932,143.148504,"GDA2020",100,2,"A",,"C",0
3840267,,"Animalia","Chordata","Mammalia","Carnivora","Canidae","Vulpes vulpes","red fox",1071,"(Linnaeus, 1758)",,,False,"II","QPWS Toowoomba fauna surveys","Sundown National Park Fauna Survey","07-12-2002","13-12-2002","07-12-2002","Broadwater Campgrounds, Sundown National Park, SEQ.",-28.916686,151.585242,"GDA2020",1000,,,,"C",0
3930381,,"Animalia","Chordata","Mammalia","Carnivora","Canidae","Vulpes vulpes","red fox",1071,"(Linnaeus, 1758)",,,False,"II","Central Region Natural Resource Management Unit","Welford Fauna Survey","18-11-2002",,"18-11-2002","Welford National Park",-25.171095,143.334495,"GDA2020",100,,,,"C",0
3930686,,"Animalia","Chordata","Mammalia","Carnivora","Canidae","Vulpes vulpes","red fox",1071,"(Linnaeus, 1758)",,,False,"II","Wildlife Records System (Central Region) - Incidental","QPWS Estate Incidental & Summarised Records","13-03-2001","15-03-2001","13-03-2001","Bladensburg National Park",-22.516375,143.036674,"GDA2020",5000,,,,"C",0
3842085,,"Animalia","Chordata","Mammalia","Carnivora","Canidae","Vulpes vulpes","red fox",1071,"(Linnaeus, 1758)",,,False,"II","Rod Hobson's wildlife data","Rod Hobson's incidental records","23-02-2002","23-02-2002","23-02-2002","Irongate Conservation Park, Pittsworth, SEQ.",-27.655789,151.525599,"GDA2020",1000,1,"A",,"C",0
3837115,,"Animalia","Chordata","Mammalia","Carnivora","Canidae","Vulpes vulpes","red fox",1071,"(Linnaeus, 1758)",,,False,"II","Rod Hobson's wildlife data","Darling Downs Grassland Fauna Survey","31-07-2001","03-08-2001","31-07-2001","Clifton Shire Council Reserve, Clifton, SEQ.",-27.939220,151.914707,"GDA2020",150,,,,"C",0
3967184,,"Animalia","Chordata","Mammalia","Carnivora","Canidae","Vulpes vulpes","red fox",1071,"(Linnaeus, 1758)",,,False,"II","Rod Hobson's wildlife data","Rod Hobson's incidental records","07-03-2003","11-03-2003","07-03-2003","Myall Park, Glenmorgan, SEQ.",-27.205632,149.656114,"GDA2020",500,,,,"V",0
3849415,,"Animalia","Chordata","Mammalia","Carnivora","Canidae","Vulpes vulpes","red fox",1071,"(Linnaeus, 1758)",,,False,"II","Harry Hines fauna data","Harry Hines incidental records","13-11-2002",,"13-11-2002","Rocksberg, SEQ.",-27.124364,152.864450,"GDA2020",50,1,"A",,"C",0
3849567,,"Animalia","Chordata","Mammalia","Carnivora","Canidae","Vulpes vulpes","red fox",1071,"(Linnaeus, 1758)",,,False,"II","Harry Hines fauna data","Harry Hines incidental records","07-01-2003",,"07-01-2003","Peachester - Beerwah Road, SEQ.",-26.843182,152.900538,"GDA2020",50,1,"A",,"C",0
3837241,,"Animalia","Chordata","Mammalia","Carnivora","Canidae","Vulpes vulpes","red fox",1071,"(Linnaeus, 1758)",,,False,"II","Rod Hobson's wildlife data","Darling Downs Grassland Fauna Survey","14-08-2001","17-08-2001","14-08-2001","Property of S. Plant - Samarai, Plainview, SEQ.",-27.241722,151.684148,"GDA2020",150,,,,"C",0
3978653,,"Animalia","Chordata","Mammalia","Carnivora","Canidae","Vulpes vulpes","red fox",1071,"(Linnaeus, 1758)",,,False,"II","Rod Hobson's wildlife data","Rod Hobson's incidental records","30-12-2003","30-12-2003","30-12-2003","Munruben, SEQ.",-27.736433,153.033854,"GDA2020",100,1,"A",,"V",0
3839712,,"Animalia","Chordata","Mammalia","Carnivora","Canidae","Vulpes vulpes","red fox",1071,"(Linnaeus, 1758)",,,False,"II","Rod Hobson's wildlife data","Rod Hobson's incidental records","07-10-2002","09-10-2002","07-10-2002","Broadwater Campgrounds, Sundown National Park, SEQ.",-28.916686,151.585242,"GDA2020",1000,1,"A",,"C",0
3847114,,"Animalia","Chordata","Mammalia","Carnivora","Canidae","Vulpes vulpes","red fox",1071,"(Linnaeus, 1758)",,,False,"II","Central Region Natural Resource Management Unit","Central Highlands Bluegrass Biodiversity Conservation Proj.","08-04-2002",,"08-04-2002","Rolleston/ Albinia NP",-24.463999,148.621642,"GDA2020",100,,,,"C",0
3930773,,"Animalia","Chordata","Mammalia","Carnivora","Canidae","Vulpes vulpes","red fox",1071,"(Linnaeus, 1758)",,,False,"II","Wildlife Records System (Central Region) - Incidental","QPWS Estate Incidental & Summarised Records","20-05-2003",,"20-05-2003","Blackbutt Road",-24.360793,151.016922,"GDA2020",100,1,"A",,"C",0
3967736,,"Animalia","Chordata","Mammalia","Carnivora","Canidae","Vulpes vulpes","red fox",1071,"(Linnaeus, 1758)",,,False,"II","Rod Hobson's wildlife data","Rod Hobson's incidental records","17-10-2003","17-10-2003","17-10-2003","Tinana Creek, SEQ.",-25.619778,152.687997,"GDA2020",100,1,"A",,"V",0
3968972,,"Animalia","Chordata","Mammalia","Carnivora","Canidae","Vulpes vulpes","red fox",1071,"(Linnaeus, 1758)",,,False,"II","Rod Hobson's wildlife data","Rod Hobson's incidental records","12-11-2003","12-11-2003","12-11-2003","Kunari Property, Bongeen, SEQ.",-27.539854,151.446685,"GDA2020",100,2,"A",,"V",0
3856553,"6488","Animalia","Chordata","Mammalia","Carnivora","Canidae","Vulpes vulpes","red fox",1071,"(Linnaeus, 1758)",,,False,"II","Harry Hines fauna data","South-east Queensland frog survey and monitoring database","17-02-2000","17-02-2000","17-02-2000","Stanley River, downstream from the Beerwah-Kilcoy Road, west of Peachester, south-east Queensland.",-26.838753,152.878077,"GDA2020",250,1,"A",,"C",0
3998197,,"Animalia","Chordata","Mammalia","Carnivora","Canidae","Vulpes vulpes","red fox",1071,"(Linnaeus, 1758)",,,False,"II","Incidental Records","Al Young Incidental Fauna Data","25-08-2000",,"25-08-2000","Mt Rascal",-27.626932,151.914173,"GDA2020",100,1,"A",,"C",0
3857557,"7871","Animalia","Chordata","Mammalia","Carnivora","Canidae","Vulpes vulpes","red fox",1071,"(Linnaeus, 1758)",,,False,"II","Harry Hines fauna data","South-east Queensland frog survey and monitoring database","27-11-1999","28-11-1999","27-11-1999","Head of Munholme Creek, Kroombit Tops National Park, south-west of Gladstone, south-east Queensland.",-24.417973,151.037415,"GDA2020",250,1,"A",,"C",0
3995326,,"Animalia","Chordata","Mammalia","Carnivora","Canidae","Vulpes vulpes","red fox",1071,"(Linnaeus, 1758)",,,False,"II","Incidental Records","Dr Justin Watson","03-02-2003","07-02-2003","03-02-2003","Pacific beach, Tugun",-28.155543,153.501395,"GDA2020",1000,,,,"U",0
4311441,"60 (fauna)","Animalia","Chordata","Mammalia","Carnivora","Canidae","Vulpes vulpes","red fox",1071,"(Linnaeus, 1758)",,,False,"II","Wildlife Ecology (Indooroopilly) survey data","Remnant Vegetation","05-02-1999",,"05-02-1999","General area list centred on main road for State Forest 13, NW of St George",-27.766382,148.281685,"GDA2020",3000,1,"A",,"V",0
3930254,,"Animalia","Chordata","Mammalia","Carnivora","Canidae","Vulpes vulpes","red fox",1071,"(Linnaeus, 1758)",,,False,"II","Central Region Natural Resource Management Unit","Welford Fauna Survey","18-11-2002",,"18-11-2002","Welford National Park",-25.172144,143.136009,"GDA2020",800,2,"A",,"C",0
3966259,,"Animalia","Chordata","Mammalia","Carnivora","Canidae","Vulpes vulpes","red fox",1071,"(Linnaeus, 1758)",,,False,"II","Incidental Records","W Drury","01-12-2003","31-12-2003","01-12-2003","Monterey Keys Dve - Helensvale Road, Gold Coast",-27.873501,153.356588,"GDA2020",1000,,,,"C",0
3995696,,"Animalia","Chordata","Mammalia","Carnivora","Canidae","Vulpes vulpes","red fox",1071,"(Linnaeus, 1758)",,,False,"II","Incidental Records","Dr Justin Watson","01-09-2003","05-09-2003","01-09-2003","Karreman Bros Quarry, West Mount Cotton Rd, Sheldon",-27.603587,153.217606,"GDA2020",1500,,,,"U",0
3967650,,"Animalia","Chordata","Mammalia","Carnivora","Canidae","Vulpes vulpes","red fox",1071,"(Linnaeus, 1758)",,,False,"II","Rod Hobson's wildlife data","Rod Hobson's incidental records","16-10-2003","16-10-2003","16-10-2003","Teddington Weir, Tinana Creek, SEQ.",-25.668667,152.664943,"GDA2020",100,,,,"V",0
3995235,,"Animalia","Chordata","Mammalia","Carnivora","Canidae","Vulpes vulpes","red fox",1071,"(Linnaeus, 1758)",,,False,"II","Incidental Records","Dr Justin Watson","28-10-2002","30-10-2002","28-10-2002","North of the Sunshine Motorway, Maroochydore",-26.666654,153.075006,"GDA2020",1000,,,,"U",0
4326505,"17364 (fauna)","Animalia","Chordata","Mammalia","Carnivora","Canidae","Vulpes vulpes","red fox",1071,"(Linnaeus, 1758)",,,False,"II","Wildlife Ecology (Indooroopilly) survey data","Western Hardwoods Surveys","23-03-2002",,"23-03-2002","SF94, Warranna - Approx. 60.8km NE of Gurulmundi",-25.988095,150.428668,"GDA2020",150,1,"A",,"V",0
3997443,,"Animalia","Chordata","Mammalia","Carnivora","Canidae","Vulpes vulpes","red fox",1071,"(Linnaeus, 1758)",,,False,"II","Incidental Records","Al Young Incidental Fauna Data","10-12-1993",,"10-12-1993","Lake Braodwater",-27.349987,151.100006,"GDA2020",2000,3,"A",,"U",0
3997552,,"Animalia","Chordata","Mammalia","Carnivora","Canidae","Vulpes vulpes","red fox",1071,"(Linnaeus, 1758)",,,False,"II","Incidental Records","Al Young Incidental Fauna Data","27-08-1993",,"27-08-1993","Ravensbourne NP",-27.372487,152.178062,"GDA2020",500,1,"A",,"U",0
4331395,"21267 (fauna)","Animalia","Chordata","Mammalia","Carnivora","Canidae","Vulpes vulpes","red fox",1071,"(Linnaeus, 1758)",,,False,"II","Wildlife Ecology (Indooroopilly) survey data","General Fauna/Flora","21-05-1994","25-05-1994","21-05-1994","tidal WPZ >50m wide",-26.964961,152.951077,"GDA2020",4000,1,"A",,"V",0
4331396,"21268 (fauna)","Animalia","Chordata","Mammalia","Carnivora","Canidae","Vulpes vulpes","red fox",1071,"(Linnaeus, 1758)",,,False,"II","Wildlife Ecology (Indooroopilly) survey data","General Fauna/Flora","21-05-1994","25-05-1994","21-05-1994","freshwater Watercourse Protection Zone >50m wide",-27.075086,153.037213,"GDA2020",999,1,"A",,"V",0
4331397,"21269 (fauna)","Animalia","Chordata","Mammalia","Carnivora","Canidae","Vulpes vulpes","red fox",1071,"(Linnaeus, 1758)",,,False,"II","Wildlife Ecology (Indooroopilly) survey data","General Fauna/Flora","21-05-1994","25-05-1994","21-05-1994","freshwater WPZ <50m wide",-26.964961,152.951077,"GDA2020",4000,1,"A",,"V",0
4331398,"21270 (fauna)","Animalia","Chordata","Mammalia","Carnivora","Canidae","Vulpes vulpes","red fox",1071,"(Linnaeus, 1758)",,,False,"II","Wildlife Ecology (Indooroopilly) survey data","General Fauna/Flora","21-05-1994","25-05-1994","21-05-1994","pine plantations after 1st thinning",-26.964961,152.951077,"GDA2020",4000,1,"A",,"V",0
4331399,"21271 (fauna)","Animalia","Chordata","Mammalia","Carnivora","Canidae","Vulpes vulpes","red fox",1071,"(Linnaeus, 1758)",,,False,"II","Wildlife Ecology (Indooroopilly) survey data","General Fauna/Flora","21-05-1994","25-05-1994","21-05-1994","pine plantations before 1st thinning",-26.964961,152.951077,"GDA2020",4000,1,"A",,"V",0
4331400,"21272 (fauna)","Animalia","Chordata","Mammalia","Carnivora","Canidae","Vulpes vulpes","red fox",1071,"(Linnaeus, 1758)",,,False,"II","Wildlife Ecology (Indooroopilly) survey data","General Fauna/Flora","21-05-1994","25-05-1994","21-05-1994","pine plantations after clearfelling and before planting",-26.964961,152.951077,"GDA2020",4000,1,"A",,"V",0
4310919,,"Animalia","Chordata","Mammalia","Carnivora","Canidae","Vulpes vulpes","red fox",1071,"(Linnaeus, 1758)",,,False,"II","Moggill QPWS fauna data","Nature Refuges","09-02-2005","11-02-2005","09-02-2005","Granitica Nature Refuge, Parsih Lane, Eukey, SEQ.",-28.792210,151.987784,"GDA2020",800,1,"A",,"C",0
3997390,,"Animalia","Chordata","Mammalia","Carnivora","Canidae","Vulpes vulpes","red fox",1071,"(Linnaeus, 1758)",,,False,"II","Incidental Records","Al Young Incidental Fauna Data","02-09-1994",,"02-09-1994","Ravensbourne NP",-27.372487,152.178062,"GDA2020",500,1,"A",,"U",0
4313616,"2957 (fauna)","Animalia","Chordata","Mammalia","Carnivora","Canidae","Vulpes vulpes","red fox",1071,"(Linnaeus, 1758)",,,False,"II","Wildlife Ecology (Indooroopilly) survey data","General Fauna/Flora","14-10-1996","15-10-1996","14-10-1996","Whetstone SF (Paradelma site No. 1)",-28.326113,150.848158,"GDA2020",150,1,"A",,"V",0
4316727,"6701 (fauna)","Animalia","Chordata","Mammalia","Carnivora","Canidae","Vulpes vulpes","red fox",1071,"(Linnaeus, 1758)",,,False,"II","Wildlife Ecology (Indooroopilly) survey data","General Fauna/Flora","19-02-1997","21-02-1997","19-02-1997","Black-breasted button-quail study site, Googa SF, Ashby LA",-26.943531,152.016778,"GDA2020",150,1,"A",,"V",0
4316416,"6260 (fauna)","Animalia","Chordata","Mammalia","Carnivora","Canidae","Vulpes vulpes","red fox",1071,"(Linnaeus, 1758)",,,False,"II","Wildlife Ecology (Indooroopilly) survey data","Cypress_DH","23-11-1996",,"23-11-1996","Brigalow patch at end of comp 61",-28.320010,150.838798,"GDA2020",999,1,"A",,"V",0
4323770,"14572 (fauna)","Animalia","Chordata","Mammalia","Carnivora","Canidae","Vulpes vulpes","red fox",1071,"(Linnaeus, 1758)",,,False,"II","Wildlife Ecology (Indooroopilly) survey data","Texas Surveys","07-04-2003","10-04-2003","07-04-2003","Texas State Forest 1 (SF13) centre of Batterman's lease - west side of highway, cattle grazed",-28.690494,151.150269,"GDA2020",25,1,"A",,"V",0
4325371,"16227 (fauna)","Animalia","Chordata","Mammalia","Carnivora","Canidae","Vulpes vulpes","red fox",1071,"(Linnaeus, 1758)",,,False,"II","Wildlife Ecology (Indooroopilly) survey data","General Fauna/Flora","24-05-1995",,"24-05-1995","Annies Ck at Annies Ck Rd crossing",-24.462454,150.927261,"GDA2020",150,1,"A",,"V",0
4311064,,"Animalia","Chordata","Mammalia","Carnivora","Canidae","Vulpes vulpes","red fox",1071,"(Linnaeus, 1758)",,,False,"II","Harry Hines fauna data","Harry Hines incidental records","23-02-2005",,"23-02-2005","Springbrook Road, Springbrook, SEQ.",-28.200046,153.270826,"GDA2020",50,1,"A",,"C",0
4327403,"18270 (fauna)","Animalia","Chordata","Mammalia","Carnivora","Canidae","Vulpes vulpes","red fox",1071,"(Linnaeus, 1758)",,,False,"II","Wildlife Ecology (Indooroopilly) survey data","Spotted Gum","17-05-1995",,"17-05-1995","Coominglah SF",-24.946095,150.971834,"GDA2020",999,1,"A",,"V",0
4345637,"36459 (fauna)","Animalia","Chordata","Mammalia","Carnivora","Canidae","Vulpes vulpes","red fox",1071,"(Linnaeus, 1758)",,,False,"II","Wildlife Ecology (Indooroopilly) survey data","Land and Water Australia - Remnant Vegetation","25-02-2003","25-02-2003","25-02-2003","19.8km North of Drillham on Coates Road",-26.507899,149.945075,"GDA2020",25,1,"A",,"V",0
4330428,"1708 (fauna)","Animalia","Chordata","Mammalia","Carnivora","Canidae","Vulpes vulpes","red fox",1071,"(Linnaeus, 1758)",,,False,"II","Wildlife Ecology (Indooroopilly) survey data","General Fauna/Flora","25-02-1998",,"25-02-1998","Goomburra SF, on road to Sylvester's Lookout",-27.980293,152.360787,"GDA2020",400,1,"A",,"V",0
4345738,"36561 (fauna)","Animalia","Chordata","Mammalia","Carnivora","Canidae","Vulpes vulpes","red fox",1071,"(Linnaeus, 1758)",,,False,"II","Wildlife Ecology (Indooroopilly) survey data","Land and Water Australia - Remnant Vegetation","02-11-2003","02-11-2003","02-11-2003","Approx 75km East of Chinchilla on Warrego Hwy",-27.146121,151.211415,"GDA2020",50,1,"A",,"V",0
4425359,,"Animalia","Chordata","Mammalia","Carnivora","Canidae","Vulpes vulpes","red fox",1071,"(Linnaeus, 1758)",,,False,"II","Incidental Records","NatureSearch Additions","11-04-2005","13-04-2005","11-04-2005","Kooralbyn Hotel Resort, Routley Dve, Kooralbyn",-28.078987,152.837906,"GDA2020",1500,,,,"U",0
4357683,"48331 (fauna)","Animalia","Chordata","Mammalia","Carnivora","Canidae","Vulpes vulpes","red fox",1071,"(Linnaeus, 1758)",,,False,"II","Wildlife Ecology (Indooroopilly) survey data","Western Hardwoods Surveys","06-04-2001","11-04-2001","06-04-2001","SF 50, Expedition Range",-25.071909,149.295863,"GDA2020",150,1,"A",,"V",0
4341920,"32679 (fauna)","Animalia","Chordata","Mammalia","Carnivora","Canidae","Vulpes vulpes","red fox",1071,"(Linnaeus, 1758)",,,False,"II","Wildlife Ecology (Indooroopilly) survey data","Spotted Gum","03-07-1996","08-07-1996","03-07-1996","Poison Creek, Kennedy Development Road Crossing",-19.936323,144.267415,"GDA2020",400,1,"A",,"V",0
4342694,"33455 (fauna)","Animalia","Chordata","Mammalia","Carnivora","Canidae","Vulpes vulpes","red fox",1071,"(Linnaeus, 1758)",,,False,"II","Wildlife Ecology (Indooroopilly) survey data","Yellow-bellied Glider Surveys","03-09-1996",,"03-09-1996","Old railway line, Bracker SF near Inglewood",-28.538436,151.074524,"GDA2020",150,1,"A",,"V",0
4358696,"49377 (fauna)","Animalia","Chordata","Mammalia","Carnivora","Canidae","Vulpes vulpes","red fox",1071,"(Linnaeus, 1758)",,,False,"II","Wildlife Ecology (Indooroopilly) survey data","Southern Brigalow Belt Surveys","14-12-1999","19-12-1999","14-12-1999","Dunmore SF - Approx 3.0km SSW of Forestry Station",-27.599446,151.073146,"GDA2020",150,1,"A",,"V",0
4352755,"43248 (fauna)","Animalia","Chordata","Mammalia","Carnivora","Canidae","Vulpes vulpes","red fox",1071,"(Linnaeus, 1758)",,,False,"II","Wildlife Ecology (Indooroopilly) survey data","Dawson River Floodplain Surveys","01-03-2000","02-03-2000","01-03-2000","Behind old 'Avondale' homestead site, Boolburra. Site at 210 degrees.",-23.736718,149.780196,"GDA2020",999,1,"A",,"V",0
4442642,,"Animalia","Chordata","Mammalia","Carnivora","Canidae","Vulpes vulpes","red fox",1071,"(Linnaeus, 1758)",,,False,"II","Harry Hines fauna data","Harry Hines incidental records","17-02-2005","17-02-2005","17-02-2005","Inglewood - Millmerran Road, SEQ.",-28.358958,151.138442,"GDA2020",100,1,"A",,"C",0
4349161,"40024 (fauna)","Animalia","Chordata","Mammalia","Carnivora","Canidae","Vulpes vulpes","red fox",1071,"(Linnaeus, 1758)",,,False,"II","Wildlife Ecology (Indooroopilly) survey data","Dawson River Floodplain Surveys","26-03-2000","26-03-2000","26-03-2000","Wetland on east edge of floodplain, 'Lagoona'.",-25.144720,150.171996,"GDA2020",999,1,"A",,"V",0
4462371,"995510","Animalia","Chordata","Mammalia","Carnivora","Canidae","Vulpes vulpes","red fox",1071,"(Linnaeus, 1758)",,,False,"II","Queensland Historical Fauna Database","Woolley in Lundie-Jenkins (1999)","20-07-1999","20-07-1999","20-07-1999","Top/Middle Kates-Southern area, Toorak Stn",-21.094153,141.779452,"GDA2020",300,,,,"U",0
4462373,"995512","Animalia","Chordata","Mammalia","Carnivora","Canidae","Vulpes vulpes","red fox",1071,"(Linnaeus, 1758)",,,False,"II","Queensland Historical Fauna Database","Woolley in Lundie-Jenkins (1999)","22-07-1999","22-07-1999","22-07-1999","P4-Southern area, Toorak Stn",-21.089431,141.736397,"GDA2020",300,,,,"U",0
4462374,"995513","Animalia","Chordata","Mammalia","Carnivora","Canidae","Vulpes vulpes","red fox",1071,"(Linnaeus, 1758)",,,False,"II","Queensland Historical Fauna Database","Woolley in Lundie-Jenkins (1999)","22-07-1999","22-07-1999","22-07-1999","Penshurst-Southern area, Toorak Stn",-21.129431,141.710563,"GDA2020",300,,,,"U",0
4462375,"995514","Animalia","Chordata","Mammalia","Carnivora","Canidae","Vulpes vulpes","red fox",1071,"(Linnaeus, 1758)",,,False,"II","Queensland Historical Fauna Database","Woolley in Lundie-Jenkins (1999)","29-07-1999","29-07-1999","29-07-1999","Horse-Northern area, Toorak Stn",-21.029431,141.806952,"GDA2020",300,,,,"U",0
4462376,"995515","Animalia","Chordata","Mammalia","Carnivora","Canidae","Vulpes vulpes","red fox",1071,"(Linnaeus, 1758)",,,False,"II","Queensland Historical Fauna Database","Woolley in Lundie-Jenkins (1999)","29-07-1999","29-07-1999","29-07-1999","Horse-Northern area, Toorak Stn",-21.026653,141.811119,"GDA2020",300,,,,"U",0
4462377,"995516","Animalia","Chordata","Mammalia","Carnivora","Canidae","Vulpes vulpes","red fox",1071,"(Linnaeus, 1758)",,,False,"II","Queensland Historical Fauna Database","Woolley in Lundie-Jenkins (1999)","29-07-1999","29-07-1999","29-07-1999","No. 4-Northern area, Toorak Stn",-20.976653,141.801119,"GDA2020",300,,,,"U",0
4462380,"995519","Animalia","Chordata","Mammalia","Carnivora","Canidae","Vulpes vulpes","red fox",1071,"(Linnaeus, 1758)",,,False,"II","Queensland Historical Fauna Database","Woolley in Lundie-Jenkins (1999)","02-08-1999","02-08-1999","02-08-1999","Penshurst-Southern area, Toorak Stn",-21.153042,141.700008,"GDA2020",300,,,,"U",0
4462381,"995520","Animalia","Chordata","Mammalia","Carnivora","Canidae","Vulpes vulpes","red fox",1071,"(Linnaeus, 1758)",,,False,"II","Queensland Historical Fauna Database","Woolley in Lundie-Jenkins (1999)","02-08-1999","02-08-1999","02-08-1999","P1-Southern area, Toorak Stn",-21.089709,141.711952,"GDA2020",300,,,,"U",0
4462382,"995521","Animalia","Chordata","Mammalia","Carnivora","Canidae","Vulpes vulpes","red fox",1071,"(Linnaeus, 1758)",,,False,"II","Queensland Historical Fauna Database","Woolley in Lundie-Jenkins (1999)","03-08-1999","03-08-1999","03-08-1999","P4-Southern area, Toorak Stn",-21.089431,141.736397,"GDA2020",300,,,,"U",0
4462385,"995524","Animalia","Chordata","Mammalia","Carnivora","Canidae","Vulpes vulpes","red fox",1071,"(Linnaeus, 1758)",,,False,"II","Queensland Historical Fauna Database","Woolley in Lundie-Jenkins (1999)","04-08-1999","04-08-1999","04-08-1999","New Ram-Northern area, Toorak Stn",-21.031653,141.810841,"GDA2020",300,,,,"U",0
4462386,"995525","Animalia","Chordata","Mammalia","Carnivora","Canidae","Vulpes vulpes","red fox",1071,"(Linnaeus, 1758)",,,False,"II","Queensland Historical Fauna Database","Woolley in Lundie-Jenkins (1999)","04-08-1999","04-08-1999","04-08-1999","No. 3-Northern area, Toorak Stn",-21.003042,141.826674,"GDA2020",300,,,,"U",0
4462387,"995526","Animalia","Chordata","Mammalia","Carnivora","Canidae","Vulpes vulpes","red fox",1071,"(Linnaeus, 1758)",,,False,"II","Queensland Historical Fauna Database","Woolley in Lundie-Jenkins (1999)","06-08-1999","06-08-1999","06-08-1999","No. 4-Northern area, Toorak Stn",-20.976653,141.851119,"GDA2020",300,,,,"U",0
4462388,"995527","Animalia","Chordata","Mammalia","Carnivora","Canidae","Vulpes vulpes","red fox",1071,"(Linnaeus, 1758)",,,False,"II","Queensland Historical Fauna Database","Woolley in Lundie-Jenkins (1999)","07-08-1999","07-08-1999","07-08-1999","No. 7-Northern area, Toorak Stn",-21.023875,141.848341,"GDA2020",300,,,,"U",0
4462667,"995815","Animalia","Chordata","Mammalia","Carnivora","Canidae","Vulpes vulpes","red fox",1071,"(Linnaeus, 1758)",,,False,"II","Queensland Historical Fauna Database","Misfud (2000)","13-07-2000","13-07-2000","13-07-2000","Lyndon Stn, 45km west Barcaldine",-23.681653,144.867785,"GDA2020",5400,,,,"U",0
4462670,"995818","Animalia","Chordata","Mammalia","Carnivora","Canidae","Vulpes vulpes","red fox",1071,"(Linnaeus, 1758)",,,False,"II","Queensland Historical Fauna Database","Misfud (2000)","24-07-2000","24-07-2000","24-07-2000","N of Surprise Ck, Bladensburg NP",-22.548320,142.951119,"GDA2020",1800,,,,"U",0
4426055,,"Animalia","Chordata","Mammalia","Carnivora","Canidae","Vulpes vulpes","red fox",1071,"(Linnaeus, 1758)",,,False,"II","Incidental Records","NatureSearch Additions","20-09-1995","08-10-1995","20-09-1995","Mt Berryman Rd, Mount Berryman",-27.715787,152.336706,"GDA2020",1000,,,,"U",0
4424856,,"Animalia","Chordata","Mammalia","Carnivora","Canidae","Vulpes vulpes","red fox",1071,"(Linnaeus, 1758)",,,False,"II","Incidental Records","NatureSearch Additions","01-01-1993",,"01-01-1993","Crest Rd, Greenbank",-27.691987,153.025006,"GDA2020",1000,,,,"U",0
4368803,"59725 (fauna)","Animalia","Chordata","Mammalia","Carnivora","Canidae","Vulpes vulpes","red fox",1071,"(Linnaeus, 1758)",,,False,"II","Wildlife Ecology (Indooroopilly) survey data","Land and Water Australia - Remnant Vegetation","13-10-2002","14-10-2002","13-10-2002","Warrego H'way - approx 25km E of Mungallala. From Little Womalilla Ck, travel W along 'service rd' (S side Hwy) for 400m",-26.489280,147.793200,"GDA2020",50,1,"A",,"V",0
4368904,"59826 (fauna)","Animalia","Chordata","Mammalia","Carnivora","Canidae","Vulpes vulpes","red fox",1071,"(Linnaeus, 1758)",,,False,"II","Wildlife Ecology (Indooroopilly) survey data","Land and Water Australia - Remnant Vegetation","09-10-2003","10-11-2003","09-10-2003","Drillham. Head N on Gregory Rd. House on Trask Ln, Site N on Devoncourt Rd.",-26.567082,149.987090,"GDA2020",50,1,"A",,"V",0
4413784,,"Animalia","Chordata","Mammalia","Carnivora","Canidae","Vulpes vulpes","red fox",1071,"(Linnaeus, 1758)",,,False,"II","NatureSearch Moggill","Kathy Julian Property, 109 Coverty Road, Proston  SEQ","01-02-2004","28-02-2004","01-02-2004","Katy Julian Property, 109 Coverty Road, Prosoton SEQ",-26.283987,151.506256,"GDA2020",2000,1,"A",,"C",0
4540999,,"Animalia","Chordata","Mammalia","Carnivora","Canidae","Vulpes vulpes","red fox",1071,"(Linnaeus, 1758)",,,False,"II","Harry Hines fauna data","Harry Hines incidental records","01-06-2005","01-06-2005","01-06-2005","Back Creek Road, south of Stanthorpe, SEQ.",-28.721376,151.922516,"GDA2020",100,1,"A",,"C",0
4433485,,"Animalia","Chordata","Mammalia","Carnivora","Canidae","Vulpes vulpes","red fox",1071,"(Linnaeus, 1758)",,,False,"II","Incidental Records","NatureSearch Additions","01-09-1996",,"01-09-1996","Carbrook Golf Course and surrounds",-27.686987,153.248006,"GDA2020",1000,,,,"U",0
4438281,,"Animalia","Chordata","Mammalia","Carnivora","Canidae","Vulpes vulpes","red fox",1071,"(Linnaeus, 1758)",,,False,"II","Incidental Records","NatureSearch Additions","14-07-1993","15-07-1993","14-07-1993","Wolston Park Hospital grounds",-27.597787,152.912406,"GDA2020",1000,,,,"C",0
4442561,,"Animalia","Chordata","Mammalia","Carnivora","Canidae","Vulpes vulpes","red fox",1071,"(Linnaeus, 1758)",,,False,"II","Harry Hines fauna data","Harry Hines incidental records","25-03-2005","25-03-2005","25-03-2005","Cunningham Highway, near Harrisville, SEQ.",-27.779868,152.648183,"GDA2020",50,1,"A",,"C",0
4425672,,"Animalia","Chordata","Mammalia","Carnivora","Canidae","Vulpes vulpes","red fox",1071,"(Linnaeus, 1758)",,,False,"II","Incidental Records","NatureSearch Additions","07-06-1995","09-06-1995","07-06-1995","Qld Rail Ballast Reserve R 219, Buccan SEQ",-27.738087,153.136506,"GDA2020",1500,,,,"U",0
4442972,,"Animalia","Chordata","Mammalia","Carnivora","Canidae","Vulpes vulpes","red fox",1071,"(Linnaeus, 1758)",,,False,"II","Harry Hines fauna data","Harry Hines incidental records","19-10-2005",,"19-10-2005","Moonie Highway, southwest of Dalby, SEQ.",-27.233055,151.149585,"GDA2020",50,1,"A",,"C",0
1101981,,"Animalia","Chordata","Mammalia","Carnivora","Canidae","Vulpes vulpes","red fox",1071,"(Linnaeus, 1758)",,,False,"II","NatureSearch 1","NatureSearch Records","24-07-1993","24-07-1993","24-07-1993","bielby rd kenmore",-27.506725,152.942741,"GDA2020",1300,1,"A",,"U",0
1114359,,"Animalia","Chordata","Mammalia","Carnivora","Canidae","Vulpes vulpes","red fox",1071,"(Linnaeus, 1758)",,,False,"II","NatureSearch 1","NatureSearch Records","01-01-1989","01-03-1994","01-01-1989","No locality provided, Logan",-27.706724,152.976075,"GDA2020",1300,,,,"U",0
4462389,"995528","Animalia","Chordata","Mammalia","Carnivora","Canidae","Vulpes vulpes","red fox",1071,"(Linnaeus, 1758)",,,False,"II","Queensland Historical Fauna Database","Woolley in Lundie-Jenkins (1999)","08-08-1999","08-08-1999","08-08-1999","Penshurst, Toorak Stn",-21.136098,141.707785,"GDA2020",300,,,,"U",0
4462390,"995529","Animalia","Chordata","Mammalia","Carnivora","Canidae","Vulpes vulpes","red fox",1071,"(Linnaeus, 1758)",,,False,"II","Queensland Historical Fauna Database","Woolley in Lundie-Jenkins (1999)","10-08-1999","10-08-1999","10-08-1999","No. 7-Northern area, Toorak Stn",-21.027487,141.838063,"GDA2020",300,,,,"U",0
4462391,"995530","Animalia","Chordata","Mammalia","Carnivora","Canidae","Vulpes vulpes","red fox",1071,"(Linnaeus, 1758)",,,False,"II","Queensland Historical Fauna Database","Woolley in Lundie-Jenkins (1999)","10-08-1999","10-08-1999","10-08-1999","No. 6/7-Northern area, Toorak Stn",-21.016098,141.834174,"GDA2020",300,,,,"U",0
4462398,"995537","Animalia","Chordata","Mammalia","Carnivora","Canidae","Vulpes vulpes","red fox",1071,"(Linnaeus, 1758)",,,False,"II","Queensland Historical Fauna Database","Woolley in Lundie-Jenkins (1999)","16-06-1999","16-06-1999","16-06-1999","Yorkshire Downs Stn area",-20.898320,141.951119,"GDA2020",4000,,,,"U",0
4462399,"995538","Animalia","Chordata","Mammalia","Carnivora","Canidae","Vulpes vulpes","red fox",1071,"(Linnaeus, 1758)",,,False,"II","Queensland Historical Fauna Database","Woolley in Lundie-Jenkins (1999)","15-08-1999","15-08-1999","15-08-1999","Woodsberry Reserve area",-21.581653,143.867785,"GDA2020",3600,,,,"U",0
4462407,"995546","Animalia","Chordata","Mammalia","Carnivora","Canidae","Vulpes vulpes","red fox",1071,"(Linnaeus, 1758)",,,False,"II","Queensland Historical Fauna Database","Woolley in Lundie-Jenkins (1999)","12-08-1999","12-08-1999","12-08-1999","Stamford Reserve area",-21.264987,143.784452,"GDA2020",1800,,,,"U",0
4466155,"999356","Animalia","Chordata","Mammalia","Carnivora","Canidae","Vulpes vulpes","red fox",1071,"(Linnaeus, 1758)",,,False,"II","Queensland Historical Fauna Database","Schodde etal. (1992)","01-08-1991","31-08-1991","01-08-1991","Transect M2, S Sabina Pt, SWBTA",-22.411654,150.295562,"GDA2020",800,,,,"U",0
4466275,"999476","Animalia","Chordata","Mammalia","Carnivora","Canidae","Vulpes vulpes","red fox",1071,"(Linnaeus, 1758)",,,False,"II","Queensland Historical Fauna Database","Schodde etal. (1992)","01-08-1991","31-08-1991","01-08-1991","Transect M7a, NW Blue Route, SWBTA",-22.662209,150.660562,"GDA2020",800,,,,"U",0
4466276,"999477","Animalia","Chordata","Mammalia","Carnivora","Canidae","Vulpes vulpes","red fox",1071,"(Linnaeus, 1758)",,,False,"II","Queensland Historical Fauna Database","Schodde etal. (1992)","01-08-1991","31-08-1991","01-08-1991","Transect M8, SW Crab camp, SWBTA",-22.648598,150.726396,"GDA2020",2500,,,,"U",0
4466277,"999478","Animalia","Chordata","Mammalia","Carnivora","Canidae","Vulpes vulpes","red fox",1071,"(Linnaeus, 1758)",,,False,"II","Queensland Historical Fauna Database","Schodde etal. (1992)","01-08-1991","31-08-1991","01-08-1991","Transect M9 in Three Rivers area, SWBTA",-22.742765,150.786673,"GDA2020",2500,,,,"U",0
1045291,,"Animalia","Chordata","Mammalia","Carnivora","Canidae","Vulpes vulpes","red fox",1071,"(Linnaeus, 1758)",,,False,"II","NatureSearch 1","NatureSearch Records","27-07-1992","27-07-1992","27-07-1992","No locality provided, Caboolture",-27.090058,153.209400,"GDA2020",1300,1,"A",,"U",0
1048257,,"Animalia","Chordata","Mammalia","Carnivora","Canidae","Vulpes vulpes","red fox",1071,"(Linnaeus, 1758)",,,False,"II","NatureSearch 1","NatureSearch Records","26-01-1993","01-02-1993","26-01-1993","No locality provided, Caboolture",-27.090058,153.192733,"GDA2020",1300,2,"A",,"U",0
4466351,"999552","Animalia","Chordata","Mammalia","Carnivora","Canidae","Vulpes vulpes","red fox",1071,"(Linnaeus, 1758)",,,False,"II","Queensland Historical Fauna Database","Schodde etal. (1992)","01-02-1992","29-02-1992","01-02-1992","Transect M10, Mountain Track, SWBTA",-22.721654,150.526396,"GDA2020",2200,,,,"U",0
4466352,"999553","Animalia","Chordata","Mammalia","Carnivora","Canidae","Vulpes vulpes","red fox",1071,"(Linnaeus, 1758)",,,False,"II","Queensland Historical Fauna Database","Schodde etal. (1992)","01-02-1992","29-02-1992","01-02-1992","Transect M8, SW Crab camp, SWBTA",-22.648598,150.726396,"GDA2020",2500,,,,"U",0
1057295,,"Animalia","Chordata","Mammalia","Carnivora","Canidae","Vulpes vulpes","red fox",1071,"(Linnaeus, 1758)",,,False,"II","NatureSearch 1","NatureSearch Records","19-11-1992","19-11-1992","19-11-1992","No locality provided, Boonah",-27.956726,152.609417,"GDA2020",1300,1,"A",,"U",0
4469794,"1003000","Animalia","Chordata","Mammalia","Carnivora","Canidae","Vulpes vulpes","red fox",1071,"(Linnaeus, 1758)",,,False,"II","Queensland Historical Fauna Database","Schodde etal. (1992)","01-08-1991","31-08-1991","01-08-1991","Shoalwater Bay TA (general-land)",-22.598320,150.467785,"GDA2020",40000,,,,"U",0
4470155,"1003361","Animalia","Chordata","Mammalia","Carnivora","Canidae","Vulpes vulpes","red fox",1071,"(Linnaeus, 1758)",,,False,"II","Queensland Historical Fauna Database","Schodde etal. (1992)","01-02-1992","29-02-1992","01-02-1992","Shoalwater Bay TA (general-land)",-22.598320,150.467785,"GDA2020",40000,,,,"U",0
4473857,"1007109","Animalia","Chordata","Mammalia","Carnivora","Canidae","Vulpes vulpes","red fox",1071,"(Linnaeus, 1758)",,,False,"II","Queensland Historical Fauna Database","Lawrie (1983)","01-01-1980","31-12-1980","01-01-1980","Toomba Basalt Flow region",-19.998320,145.317785,"GDA2020",17000,,,,"U",0
1065721,,"Animalia","Chordata","Mammalia","Carnivora","Canidae","Vulpes vulpes","red fox",1071,"(Linnaeus, 1758)",,,False,"II","NatureSearch 1","NatureSearch Records","01-06-1992","30-06-1992","01-06-1992","No locality provided, Brisbane",-27.440058,153.009406,"GDA2020",1300,1,"A",,"C",0
1084283,,"Animalia","Chordata","Mammalia","Carnivora","Canidae","Vulpes vulpes","red fox",1071,"(Linnaeus, 1758)",,,False,"II","NatureSearch 1","NatureSearch Records","29-09-1992","29-09-1992","29-09-1992","Rubbish tip area, Fassifern",-27.956727,152.576084,"GDA2020",1300,1,"A",,"U",0
1046041,,"Animalia","Chordata","Mammalia","Carnivora","Canidae","Vulpes vulpes","red fox",1071,"(Linnaeus, 1758)",,,False,"II","NatureSearch 1","NatureSearch Records","01-06-1992","30-06-1992","01-06-1992","No locality provided, Brisbane",-27.506724,153.076072,"GDA2020",1300,1,"A",,"C",0
1054416,,"Animalia","Chordata","Mammalia","Carnivora","Canidae","Vulpes vulpes","red fox",1071,"(Linnaeus, 1758)",,,False,"II","NatureSearch 1","NatureSearch Records","01-04-1993","30-04-1993","01-04-1993","No locality provided, Boonah",-28.056726,152.676083,"GDA2020",1300,,,,"U",0
4492903,"1031535","Animalia","Chordata","Mammalia","Carnivora","Canidae","Vulpes vulpes","red fox",1071,"(Linnaeus, 1758)",,,False,"II","Queensland Historical Fauna Database","Hobson (2002)","01-01-2002","31-12-2002","01-01-2002","Samarai property, Rosalie Plains",-27.241654,151.684173,"GDA2020",500,,,,"U",0
4492904,"1031536","Animalia","Chordata","Mammalia","Carnivora","Canidae","Vulpes vulpes","red fox",1071,"(Linnaeus, 1758)",,,False,"II","Queensland Historical Fauna Database","Hobson (2002)","01-01-2002","31-12-2002","01-01-2002","Bongeen site 1, Bongeen",-27.535543,151.450284,"GDA2020",500,,,,"U",0
4492905,"1031537","Animalia","Chordata","Mammalia","Carnivora","Canidae","Vulpes vulpes","red fox",1071,"(Linnaeus, 1758)",,,False,"II","Queensland Historical Fauna Database","Hobson (2002)","01-01-2002","31-12-2002","01-01-2002","Howell property, Gowrie Mountain",-27.486098,151.769728,"GDA2020",500,,,,"U",0
4492906,"1031538","Animalia","Chordata","Mammalia","Carnivora","Canidae","Vulpes vulpes","red fox",1071,"(Linnaeus, 1758)",,,False,"II","Queensland Historical Fauna Database","Hobson (2002)","01-01-2002","31-12-2002","01-01-2002","Bongeen 2 site, Bongeen",-27.480821,151.472784,"GDA2020",500,,,,"U",0
4492907,"1031539","Animalia","Chordata","Mammalia","Carnivora","Canidae","Vulpes vulpes","red fox",1071,"(Linnaeus, 1758)",,,False,"II","Queensland Historical Fauna Database","Hobson (2002)","01-01-2002","31-12-2002","01-01-2002","Cecil Plains Stock Route",-27.381654,151.267784,"GDA2020",18000,,,,"U",0
4492908,"1031540","Animalia","Chordata","Mammalia","Carnivora","Canidae","Vulpes vulpes","red fox",1071,"(Linnaeus, 1758)",,,False,"II","Queensland Historical Fauna Database","Hobson (2002)","01-01-2002","31-12-2002","01-01-2002","Oakey-Bowenville Stock Route",-27.364987,151.584451,"GDA2020",12000,,,,"U",0
4492909,"1031541","Animalia","Chordata","Mammalia","Carnivora","Canidae","Vulpes vulpes","red fox",1071,"(Linnaeus, 1758)",,,False,"II","Queensland Historical Fauna Database","Hobson (2002)","01-01-2002","31-12-2002","01-01-2002","Dalby-Jimbour Stock Route",-27.064987,151.234451,"GDA2020",12000,,,,"U",0
4493149,"1031781","Animalia","Chordata","Mammalia","Carnivora","Canidae","Vulpes vulpes","red fox",1071,"(Linnaeus, 1758)",,,False,"II","Queensland Historical Fauna Database","Hobson (2002)","01-01-2002","31-12-2002","01-01-2002","Jimbour Stock Route",-26.958598,151.213340,"GDA2020",500,,,,"U",0
4466350,"999551","Animalia","Chordata","Mammalia","Carnivora","Canidae","Vulpes vulpes","red fox",1071,"(Linnaeus, 1758)",,,False,"II","Queensland Historical Fauna Database","Schodde etal. (1992)","01-02-1992","29-02-1992","01-02-1992","Transect M3 nr Mooly Ck, SWBTA",-22.448598,150.305285,"GDA2020",2600,,,,"U",0
4492902,"1031534","Animalia","Chordata","Mammalia","Carnivora","Canidae","Vulpes vulpes","red fox",1071,"(Linnaeus, 1758)",,,False,"II","Queensland Historical Fauna Database","Hobson (2002)","01-01-2002","31-12-2002","01-01-2002","Clifton 1 site",-27.939154,151.914728,"GDA2020",500,,,,"U",0
4480616,"1013910","Animalia","Chordata","Mammalia","Carnivora","Canidae","Vulpes vulpes","red fox",1071,"(Linnaeus, 1758)",,,False,"II","Queensland Historical Fauna Database","Sinclair Knight Merz (2001)","14-08-2001","14-08-2001","14-08-2001","Proposed Burnett River dam (Sites 1-7)",-25.381654,151.834451,"GDA2020",8000,,,,"U",0
1085951,,"Animalia","Chordata","Mammalia","Carnivora","Canidae","Vulpes vulpes","red fox",1071,"(Linnaeus, 1758)",,,False,"II","NatureSearch 1","NatureSearch Records","19-05-1993","21-05-1993","19-05-1993","NE corner of Gainsborough greens bordering artificial FW canal",-27.806722,153.326070,"GDA2020",1300,1,"A",,"U",0
4467203,"1000405","Animalia","Chordata","Mammalia","Carnivora","Canidae","Vulpes vulpes","red fox",1071,"(Linnaeus, 1758)",,,False,"II","Queensland Historical Fauna Database","Schodde etal. (1992)","07-02-1992","07-02-1992","07-02-1992","Site 22, 2.5km SE Mt Flinders, SWBTA",-22.556654,150.783062,"GDA2020",500,,,,"U",0
1054264,,"Animalia","Chordata","Mammalia","Carnivora","Canidae","Vulpes vulpes","red fox",1071,"(Linnaeus, 1758)",,,False,"II","NatureSearch 1","NatureSearch Records","01-03-1993","31-03-1993","01-03-1993","No locality provided, Boonah",-28.056726,152.676083,"GDA2020",1300,,,,"U",0
4707099,,"Animalia","Chordata","Mammalia","Carnivora","Canidae","Vulpes vulpes","red fox",1071,"(Linnaeus, 1758)",,,False,"II","Rod Hobson's wildlife data","Southern Brigalow Belt Fauna Survey","16-03-2004","17-03-2004","16-03-2004","Wondul Range National Park, Site 1, near Millmerran, SEQ.",-28.049504,151.049999,"GDA2020",50,1,"A",,"V",0
1092590,,"Animalia","Chordata","Mammalia","Carnivora","Canidae","Vulpes vulpes","red fox",1071,"(Linnaeus, 1758)",,,False,"II","NatureSearch 1","NatureSearch Records","04-06-1993","06-06-1993","04-06-1993","No locality provided, Logan",-27.706724,152.976075,"GDA2020",1300,1,"A",,"U",0
4466349,"999550","Animalia","Chordata","Mammalia","Carnivora","Canidae","Vulpes vulpes","red fox",1071,"(Linnaeus, 1758)",,,False,"II","Queensland Historical Fauna Database","Schodde etal. (1992)","01-02-1992","29-02-1992","01-02-1992","Transect M2, S Sabina Pt, SWBTA",-22.411654,150.295562,"GDA2020",800,,,,"U",0
4477433,"1010705","Animalia","Chordata","Mammalia","Carnivora","Canidae","Vulpes vulpes","red fox",1071,"(Linnaeus, 1758)",,,False,"II","Queensland Historical Fauna Database","Knight (Unpubl. wetland database)","01-01-1999","31-12-1999","01-01-1999","Purga wetland area",-27.739987,152.721950,"GDA2020",1000,,,,"U",0
4540268,,"Animalia","Chordata","Mammalia","Carnivora","Canidae","Vulpes vulpes","red fox",1071,"(Linnaeus, 1758)",,,False,"II","Lake Broadwater Natural History Association","Lake Broadwater Natural History Association collection","07-07-1982","07-07-1982","07-07-1982","Lake Broadwater Conservation Park, southwest track, 28km southwest of Dalby, SCQ.",-27.356954,151.096685,"GDA2020",2000,1,"A",,"K",0
4540274,,"Animalia","Chordata","Mammalia","Carnivora","Canidae","Vulpes vulpes","red fox",1071,"(Linnaeus, 1758)",,,False,"II","Lake Broadwater Natural History Association","Lake Broadwater Natural History Association collection","16-09-1982","16-09-1982","16-09-1982","Lake Broadwater Conservation Park, southwest track, 28km southwest of Dalby, SCQ.",-27.356954,151.096685,"GDA2020",2000,1,"A",,"K",0
4540280,,"Animalia","Chordata","Mammalia","Carnivora","Canidae","Vulpes vulpes","red fox",1071,"(Linnaeus, 1758)",,,False,"II","Lake Broadwater Natural History Association","Lake Broadwater Natural History Association collection","01-02-1987","28-02-1987","01-02-1987","Lake Broadwater Conservation Park, southwest track, 26km southwest of Dalby, SCQ.",-27.356954,151.096685,"GDA2020",2000,1,"A",,"K",0
4540283,,"Animalia","Chordata","Mammalia","Carnivora","Canidae","Vulpes vulpes","red fox",1071,"(Linnaeus, 1758)",,,False,"II","Lake Broadwater Natural History Association","Lake Broadwater Natural History Association collection","17-07-1987","17-07-1987","17-07-1987","Lake Broadwater Conservation Park, southwest track, 26km southwest of Dalby, SCQ.",-27.356954,151.096685,"GDA2020",2000,1,"A",,"K",0
4540359,,"Animalia","Chordata","Mammalia","Carnivora","Canidae","Vulpes vulpes","red fox",1071,"(Linnaeus, 1758)",,,False,"II","Lake Broadwater Natural History Association","Lake Broadwater Natural History Association collection","01-10-1988","31-10-1988","01-10-1988","Southwood, 20km west of Moonie, SCQ.",-27.815654,150.202579,"GDA2020",5000,1,"A",,"K",0
4540427,,"Animalia","Chordata","Mammalia","Carnivora","Canidae","Vulpes vulpes","red fox",1071,"(Linnaeus, 1758)",,,False,"II","Lake Broadwater Natural History Association","Lake Broadwater Natural History Association collection","21-09-1991","21-09-1991","21-09-1991","Lake Broadwater Conservation Park, 24km southwest of Dalby, SCQ.",-27.344154,151.105785,"GDA2020",3000,1,"A",,"K",0
4785415,,"Animalia","Chordata","Mammalia","Carnivora","Canidae","Vulpes vulpes","red fox",1071,"(Linnaeus, 1758)",,,False,"II","Harry Hines fauna data","Harry Hines incidental records","25-03-2007","25-03-2007","25-03-2007","Landsborough Highway, about 45km west of Longreach, CQ.",-23.129709,144.002230,"GDA2020",100,1,"A",,"V",0
4800786,,"Animalia","Chordata","Mammalia","Carnivora","Canidae","Vulpes vulpes","red fox",1071,"(Linnaeus, 1758)",,,False,"II","Harry Hines fauna data","Harry Hines miscellaneous survey data","04-08-2007","05-08-2007","04-08-2007","Dam in the headwaters of Reedy Creek, northeast of apiary site 28, Durikai State Forest, west of Warwick, SEQ.",-28.205888,151.658603,"GDA2020",500,1,"A",,"C",0
5655970,,"Animalia","Chordata","Mammalia","Carnivora","Canidae","Vulpes vulpes","red fox",1071,"(Linnaeus, 1758)",,,False,"II","Incidental Records","Western Rivers Incidental Sightings","26-02-2009",,"26-02-2009","Lochern NP",-24.115080,143.349330,"GDA2020",10,1,"A",,"C",0
5655971,,"Animalia","Chordata","Mammalia","Carnivora","Canidae","Vulpes vulpes","red fox",1071,"(Linnaeus, 1758)",,,False,"II","Incidental Records","Western Rivers Incidental Sightings","26-02-2009",,"26-02-2009","Lochern NP",-24.111344,143.295219,"GDA2020",10,1,"E",,"C",0
5655972,,"Animalia","Chordata","Mammalia","Carnivora","Canidae","Vulpes vulpes","red fox",1071,"(Linnaeus, 1758)",,,False,"II","Incidental Records","Western Rivers Incidental Sightings","26-02-2009",,"26-02-2009","Lochern NP",-24.131744,143.260899,"GDA2020",10,1,"E",,"C",0
5655975,,"Animalia","Chordata","Mammalia","Carnivora","Canidae","Vulpes vulpes","red fox",1071,"(Linnaeus, 1758)",,,False,"II","Incidental Records","Western Rivers Incidental Sightings","01-03-2009",,"01-03-2009","Lochern NP",-24.091959,143.335924,"GDA2020",10,1,"E",,"C",0
5655994,,"Animalia","Chordata","Mammalia","Carnivora","Canidae","Vulpes vulpes","red fox",1071,"(Linnaeus, 1758)",,,False,"II","Incidental Records","Western Rivers Incidental Sightings","03-07-2009",,"03-07-2009","Lochern NP",-24.112122,143.267911,"GDA2020",10,1,"A",,"C",0
4800646,,"Animalia","Chordata","Mammalia","Carnivora","Canidae","Vulpes vulpes","red fox",1071,"(Linnaeus, 1758)",,,False,"II","Harry Hines fauna data","Harry Hines miscellaneous survey data","11-05-2007","12-05-2007","11-05-2007","Dam in the headwaters of Thane Creek, near apiary site 101, Durikai State Forest, west of Warwick, SEQ.",-28.288126,151.696272,"GDA2020",250,1,"A",,"C",0
4809042,,"Animalia","Chordata","Mammalia","Carnivora","Canidae","Vulpes vulpes","red fox",1071,"(Linnaeus, 1758)",,,False,"II","Rod Hobson's wildlife data","Rod Hobson's incidental records","12-03-2007","20-03-2007","12-03-2007","Cattle Creek, Bunya Mountains National Park, SEQ.",-26.906654,151.571673,"GDA2020",200,,,,"V",0
4981838,,"Animalia","Chordata","Mammalia","Carnivora","Canidae","Vulpes vulpes","red fox",1071,"(Linnaeus, 1758)",,,False,"II","Harry Hines fauna data","Harry Hines miscellaneous survey data","19-09-2008","21-09-2008","19-09-2008","Dam in the headwaters of Reedy Creek, northeast of apiary site 28, Durikai State Forest, west of Warwick, SEQ.",-28.205888,151.658603,"GDA2020",500,1,"A",,"C",0
4490922,"1029532","Animalia","Chordata","Mammalia","Carnivora","Canidae","Vulpes vulpes","red fox",1071,"(Linnaeus, 1758)",,,False,"II","Queensland Historical Fauna Database","Montgomery Watson Harza (2001)","07-08-2001","07-08-2001","07-08-2001","Site N4, Eidsvold Weir area",-25.316654,151.050006,"GDA2020",4000,,,,"U",0
4707760,,"Animalia","Chordata","Mammalia","Carnivora","Canidae","Vulpes vulpes","red fox",1071,"(Linnaeus, 1758)",,,False,"II","Rod Hobson's wildlife data","Rod Hobson's incidental records","05-12-2005","09-12-2005","05-12-2005","Southwood National Park, SEQ.",-27.824154,150.102229,"GDA2020",5000,,,,"V",0
5687574,,"Animalia","Chordata","Mammalia","Carnivora","Canidae","Vulpes vulpes","red fox",1071,"(Linnaeus, 1758)",,,False,"II","Rod Hobson's wildlife data","Wainui Pastoral Company Survey, Bowenville","02-02-2009","03-02-2009","02-02-2009","Wainui Pastoral Company, Bowenville, SEQ.",-27.329941,151.434544,"GDA2020",6000,2,"A",,"C",0
5697093,,"Animalia","Chordata","Mammalia","Carnivora","Canidae","Vulpes vulpes","red fox",1071,"(Linnaeus, 1758)",,,False,"II","Incidental Records","WildNet Incidental Records","04-11-1983","04-11-1983","04-11-1983","The Clay Holes; Yuleba State Forest (S.F. 328)",-26.828680,149.495382,"GDA2020",500,,,,"C",0
4779109,,"Animalia","Chordata","Mammalia","Carnivora","Canidae","Vulpes vulpes","red fox",1071,"(Linnaeus, 1758)",,,False,"II","Incidental Records","Mark Sanders Incidental fauna data","20-12-2006","20-12-2006","20-12-2006","Severn River, Ballendean. Target 4 (Stalling Lane)",-28.747626,151.819867,"GDA2020",100,,,,"C",0
4985560,,"Animalia","Chordata","Mammalia","Carnivora","Canidae","Vulpes vulpes","red fox",1071,"(Linnaeus, 1758)",,,False,"II","Harry Hines fauna data","Harry Hines miscellaneous survey data","25-07-1997","25-07-1997","25-07-1997","Southern end of Lake Bindegolly, near Thargomindah, SCQ.",-28.095117,144.209265,"GDA2020",500,,,,"C",0
4985713,,"Animalia","Chordata","Mammalia","Carnivora","Canidae","Vulpes vulpes","red fox",1071,"(Linnaeus, 1758)",,,False,"II","Harry Hines fauna data","Harry Hines incidental records","05-11-2008","05-11-2008","05-11-2008","Pikedale Road, 13.3km from New England Highway, southwest of Warwick, SEQ.",-28.357909,151.836683,"GDA2020",50,1,"A",,"C",0
5729464,"82","Animalia","Chordata","Mammalia","Carnivora","Canidae","Vulpes vulpes","red fox",1071,"(Linnaeus, 1758)",,,False,"II","Incidental Records","Crafter Incidentals","06-05-2010","06-05-2010","06-05-2010","Longreach Jundah Rd",-23.633575,144.223573,"GDA2020",50,1,"A",,"C",0
5729474,"52","Animalia","Chordata","Mammalia","Carnivora","Canidae","Vulpes vulpes","red fox",1071,"(Linnaeus, 1758)",,,False,"II","Incidental Records","Crafter Incidentals","05-04-2010","05-04-2010","05-04-2010","Road Winton to Corfield",-22.248600,143.051240,"GDA2020",10,1,"A",,"C",0
5729478,"56","Animalia","Chordata","Mammalia","Carnivora","Canidae","Vulpes vulpes","red fox",1071,"(Linnaeus, 1758)",,,False,"II","Incidental Records","Crafter Incidentals","05-04-2010","05-04-2010","05-04-2010","Road Winton to Corfield",-21.804292,143.299410,"GDA2020",10,1,"A",,"C",0
5729481,"59","Animalia","Chordata","Mammalia","Carnivora","Canidae","Vulpes vulpes","red fox",1071,"(Linnaeus, 1758)",,,False,"II","Incidental Records","Crafter Incidentals","05-04-2010","05-04-2010","05-04-2010","Road Winton to Corfield",-21.705841,143.378952,"GDA2020",10,1,"A",,"C",0
5729501,"85","Animalia","Chordata","Mammalia","Carnivora","Canidae","Vulpes vulpes","red fox",1071,"(Linnaeus, 1758)",,,False,"II","Incidental Records","Crafter Incidentals","22-05-2010","22-05-2010","22-05-2010","Winton to Longreach via old Muttaburra Rd",-22.126367,143.110057,"GDA2020",10,1,"A",,"C",0
5732099,,"Animalia","Chordata","Mammalia","Carnivora","Canidae","Vulpes vulpes","red fox",1071,"(Linnaeus, 1758)",,,False,"II","Incidental Records","Western Rivers Incidental Sightings","21-09-2009",,"21-09-2009","Gully in northern access track, Lochern NP, c.120km SSW of Longreach",-24.100476,143.302981,"GDA2020",10,1,"A",,"C",0
5732100,,"Animalia","Chordata","Mammalia","Carnivora","Canidae","Vulpes vulpes","red fox",1071,"(Linnaeus, 1758)",,,False,"II","Incidental Records","Western Rivers Incidental Sightings","22-09-2009",,"22-09-2009","Near sandplot 4, Lochern NP, c.120km SSW of Longreach",-24.091966,143.311797,"GDA2020",25,1,"A",,"C",0
5732101,,"Animalia","Chordata","Mammalia","Carnivora","Canidae","Vulpes vulpes","red fox",1071,"(Linnaeus, 1758)",,,False,"II","Incidental Records","Western Rivers Incidental Sightings","22-09-2009",,"22-09-2009","Thomson River channels, Lochern NP, c.120km SSW of Longreach",-24.158370,143.363029,"GDA2020",10,1,"A",,"C",0
5732102,,"Animalia","Chordata","Mammalia","Carnivora","Canidae","Vulpes vulpes","red fox",1071,"(Linnaeus, 1758)",,,False,"II","Incidental Records","Western Rivers Incidental Sightings","22-09-2009",,"22-09-2009","Thomson River channels, Lochern NP, c.120km SSW of Longreach",-24.131537,143.369726,"GDA2020",50,1,"A",,"C",0
5732104,,"Animalia","Chordata","Mammalia","Carnivora","Canidae","Vulpes vulpes","red fox",1071,"(Linnaeus, 1758)",,,False,"II","Incidental Records","Western Rivers Incidental Sightings","23-09-2009",,"23-09-2009","Near Thomson North pig trap, Lochern NP, c.120km SSW of Longreach",-24.054375,143.354475,"GDA2020",10,1,"A",,"C",0
5732105,,"Animalia","Chordata","Mammalia","Carnivora","Canidae","Vulpes vulpes","red fox",1071,"(Linnaeus, 1758)",,,False,"II","Incidental Records","Western Rivers Incidental Sightings","12-10-2009",,"12-10-2009","Sandplot 5, Lochern NP, c.120km SSW of Longreach",-24.088136,143.317274,"GDA2020",10,1,"A",,"C",0
5732106,,"Animalia","Chordata","Mammalia","Carnivora","Canidae","Vulpes vulpes","red fox",1071,"(Linnaeus, 1758)",,,False,"II","Incidental Records","Western Rivers Incidental Sightings","14-10-2009",,"14-10-2009","North of Airstrip, Lochern NP, c.120km SSW of Longreach",-24.097455,143.267800,"GDA2020",10,1,"A",,"C",0
5732108,,"Animalia","Chordata","Mammalia","Carnivora","Canidae","Vulpes vulpes","red fox",1071,"(Linnaeus, 1758)",,,False,"II","Incidental Records","Western Rivers Incidental Sightings","18-10-2009",,"18-10-2009","North of Airstrip, Lochern NP, c.120km SSW of Longreach",-24.097455,143.267800,"GDA2020",10,1,"A",,"C",0
5732109,,"Animalia","Chordata","Mammalia","Carnivora","Canidae","Vulpes vulpes","red fox",1071,"(Linnaeus, 1758)",,,False,"II","Incidental Records","Western Rivers Incidental Sightings","25-10-2009",,"25-10-2009","Near Sandplot 5, Lochern NP, c.120km SSW of Longreach",-24.088278,143.316834,"GDA2020",10,1,"A",,"C",0
5655090,,"Animalia","Chordata","Mammalia","Carnivora","Canidae","Vulpes vulpes","red fox",1071,"(Linnaeus, 1758)",,,False,"II","Fauna/flora inventory","Lochern National Park","26-09-1999",,"26-09-1999","Lochern NP, house",-24.109709,143.286118,"GDA2020",200,1,"A",,"C",0
5677945,,"Animalia","Chordata","Mammalia","Carnivora","Canidae","Vulpes vulpes","red fox",1071,"(Linnaeus, 1758)",,,False,"II","Incidental Records","Customer Service Records","01-08-2009","30-09-2009","01-08-2009","Werin St, Tewantin",-26.378487,153.035006,"GDA2020",50,2,"A",,"U",0
5681146,,"Animalia","Chordata","Mammalia","Carnivora","Canidae","Vulpes vulpes","red fox",1071,"(Linnaeus, 1758)",,,False,"II","Incidental Records","Rod Hobson Incidental Records","14-12-2009",,"14-12-2009","Dunmore State Forest",-27.578780,151.094455,"GDA2020",300,1,"A",,"C",0
4969252,,"Animalia","Chordata","Mammalia","Carnivora","Canidae","Vulpes vulpes","red fox",1071,"(Linnaeus, 1758)",,,False,"II","Harry Hines fauna data","Harry Hines incidental records","14-07-2008","14-07-2008","14-07-2008","Bruce Highway, south of Deception Bay Road, SEQ.",-27.200475,152.988662,"GDA2020",100,1,"A",,"V",0
5754788,,"Animalia","Chordata","Mammalia","Carnivora","Canidae","Vulpes vulpes","red fox",1071,"(Linnaeus, 1758)",,,False,"II","Incidental Records","Mark Sanders Incidental fauna data","19-11-2009",,"19-11-2009","Condamine River, near Winton's Rd",-26.951637,150.868576,"GDA2020",100,,,,"C",0
5660364,,"Animalia","Chordata","Mammalia","Carnivora","Canidae","Vulpes vulpes","red fox",1071,"(Linnaeus, 1758)",,,False,"II","Springbrook Management Unit","Incidental Fauna Records","11-03-2008",,"11-03-2008","On Carrick Road, Next to Settlement Campground, Springbrook National Park.",-28.217017,153.271947,"GDA2020",100,1,"A",,"C",0
5660365,,"Animalia","Chordata","Mammalia","Carnivora","Canidae","Vulpes vulpes","red fox",1071,"(Linnaeus, 1758)",,,False,"II","Springbrook Management Unit","Incidental Fauna Records","11-03-2008",,"11-03-2008","On road next to Settlement Campground, Settlement, Springbrook National park.",-28.193456,153.272112,"GDA2020",100,1,"A",,"C",0
5660369,,"Animalia","Chordata","Mammalia","Carnivora","Canidae","Vulpes vulpes","red fox",1071,"(Linnaeus, 1758)",,,False,"II","Springbrook Management Unit","Incidental Fauna Records","06-05-2008",,"06-05-2008","Bottom of Pine Creek Rd, Numinbah, QLD.",-28.108184,153.245989,"GDA2020",200,1,"A",,"C",0
5701220,,"Animalia","Chordata","Mammalia","Carnivora","Canidae","Vulpes vulpes","red fox",1071,"(Linnaeus, 1758)",,,False,"II","Harry Hines fauna data","Harry Hines incidental records","16-02-2009","17-02-2009","16-02-2009","Ingaby Road, north of St George, SCQ.",-27.639987,148.718895,"GDA2020",100,1,"A",,"C",0
5729406,"51","Animalia","Chordata","Mammalia","Carnivora","Canidae","Vulpes vulpes","red fox",1071,"(Linnaeus, 1758)",,,False,"II","Incidental Records","Crafter Incidentals","16-03-2010","16-03-2010","16-03-2010","15 km sth Augathella on Charleville Rd",-25.882164,146.557124,"GDA2020",10,1,"A",,"C",0
5755032,,"Animalia","Chordata","Mammalia","Carnivora","Canidae","Vulpes vulpes","red fox",1071,"(Linnaeus, 1758)",,,False,"II","Incidental Records","Mark Sanders Incidental fauna data","22-11-2009",,"22-11-2009","Warrego Hwy/Auburn Rd",-26.729587,150.612296,"GDA2020",100,,,,"C",0
5755159,,"Animalia","Chordata","Mammalia","Carnivora","Canidae","Vulpes vulpes","red fox",1071,"(Linnaeus, 1758)",,,False,"II","Incidental Records","Mark Sanders Incidental fauna data","24-11-2009",,"24-11-2009","Grays Rd, S of Chinchilla",-26.918447,150.666476,"GDA2020",100,,,,"C",0
5754849,,"Animalia","Chordata","Mammalia","Carnivora","Canidae","Vulpes vulpes","red fox",1071,"(Linnaeus, 1758)",,,False,"II","Incidental Records","Mark Sanders Incidental fauna data","20-11-2009",,"20-11-2009","Condamine River, near Logie Rd",-26.986517,150.923376,"GDA2020",100,,,,"C",0
5751531,,"Animalia","Chordata","Mammalia","Carnivora","Canidae","Vulpes vulpes","red fox",1071,"(Linnaeus, 1758)",,,False,"II","Incidental Records","WildNet Incidental Records","14-12-2010",,"14-12-2010","Railway tracks near Virginia railway station",-27.379846,153.060477,"GDA2020",50,2,"A",,"U",0
5754745,,"Animalia","Chordata","Mammalia","Carnivora","Canidae","Vulpes vulpes","red fox",1071,"(Linnaeus, 1758)",,,False,"II","Incidental Records","Mark Sanders Incidental fauna data","19-11-2009",,"19-11-2009","approx 11.5km SSW of Warra",-27.023329,150.877737,"GDA2020",100,,,,"C",0
5799264,,"Animalia","Chordata","Mammalia","Carnivora","Canidae","Vulpes vulpes","red fox",1071,"(Linnaeus, 1758)",,,False,"II","Rod Hobson's wildlife data","Dept of Transport and Main Roads Grassland Fauna Survey","28-06-2011",,"28-06-2011","Bowenville-Norwin Rd, Bowenville, SEQ.",-27.315787,151.478046,"GDA2020",50,1,"A",,"C",0
5729439,"80","Animalia","Chordata","Mammalia","Carnivora","Canidae","Vulpes vulpes","red fox",1071,"(Linnaeus, 1758)",,,False,"II","Incidental Records","Crafter Incidentals","02-05-2010","02-05-2010","02-05-2010","Boulia Rd West of Middleton",-22.683209,143.564945,"GDA2020",50,1,"A",,"C",0
5751268,,"Animalia","Chordata","Mammalia","Carnivora","Canidae","Vulpes vulpes","red fox",1071,"(Linnaeus, 1758)",,,False,"II","Moggill QPWS fauna data","Bribie Island wetlands survey","07-01-2010","07-01-2010","07-01-2010","McMahon Road between First Avenue and Powerline Track, Bribie Island National Park, SEQ.",-27.071654,153.175562,"GDA2020",50,2,"A",,"C",0
5784101,"365","Animalia","Chordata","Mammalia","Carnivora","Canidae","Vulpes vulpes","red fox",1071,"(Linnaeus, 1758)",,,False,"II","Incidental Records","Bruce Thomson Incidental Records","13-11-2008","13-11-2008","13-11-2008","Condamine State Forest",-26.899868,150.307085,"GDA2020",10,1,"A",,"C",0
5872411,,"Animalia","Chordata","Mammalia","Carnivora","Canidae","Vulpes vulpes","red fox",1071,"(Linnaeus, 1758)",,,False,"II","Incidental Records","Tina Ball Miscellaneous Data","10-05-2012","07-06-2012","10-05-2012","Flat Top Range NP, Rockhampton",-23.394307,150.704131,"GDA2020",500,1,"A",,"C",0
5872481,,"Animalia","Chordata","Mammalia","Carnivora","Canidae","Vulpes vulpes","red fox",1071,"(Linnaeus, 1758)",,,False,"II","Incidental Records","Tina Ball Miscellaneous Data","21-05-2012","25-05-2012","21-05-2012","Humboldt",-24.204817,148.980443,"GDA2020",500,1,"A",,"C",0
5872604,,"Animalia","Chordata","Mammalia","Carnivora","Canidae","Vulpes vulpes","red fox",1071,"(Linnaeus, 1758)",,,False,"II","Incidental Records","Tina Ball Miscellaneous Data","10-05-2012","07-06-2012","10-05-2012","Mt Hopeful, Rockhampton",-23.745354,150.544110,"GDA2020",500,1,"A",,"C",0
5872612,,"Animalia","Chordata","Mammalia","Carnivora","Canidae","Vulpes vulpes","red fox",1071,"(Linnaeus, 1758)",,,False,"II","Incidental Records","Tina Ball Miscellaneous Data","10-05-2012","07-06-2012","10-05-2012","Mt Hopeful, Rockhampton",-23.742283,150.545242,"GDA2020",500,1,"A",,"C",0
5790513,,"Animalia","Chordata","Mammalia","Carnivora","Canidae","Vulpes vulpes","red fox",1071,"(Linnaeus, 1758)",,,False,"II","Harry Hines fauna data","Harry Hines incidental records","06-01-2011","06-01-2011","06-01-2011","McCarthy Rd, Thagoona, SEQ.",-27.632765,152.618062,"GDA2020",100,1,"A",,"C",0
5751481,,"Animalia","Chordata","Mammalia","Carnivora","Canidae","Vulpes vulpes","red fox",1071,"(Linnaeus, 1758)",,,False,"II","Incidental Records","R. Johnson Incidental Records","06-11-2010","06-11-2010","06-11-2010","Glengarlin NP",-27.046376,148.687507,"GDA2020",10,1,"A",,"C",0
5757041,,"Animalia","Chordata","Mammalia","Carnivora","Canidae","Vulpes vulpes","red fox",1071,"(Linnaeus, 1758)",,,False,"II","Incidental Records","Mark Sanders Incidental fauna data","07-05-2010",,"07-05-2010","Cherwondah State Forest",-26.289067,149.943996,"GDA2020",100,,,,"C",0
5920128,,"Animalia","Chordata","Mammalia","Carnivora","Canidae","Vulpes vulpes","red fox",1071,"(Linnaeus, 1758)",,,False,"II","Harry Hines fauna data","Harry Hines incidental records","12-12-2012","12-12-2012","12-12-2012","Kroombit Forest Drive, west of The Lookout, Kroombit Tops National Park, southwest of Gladstone, SEQ.",-24.396730,151.014050,"GDA2020",50,1,"A",,"C",0
5960184,,"Animalia","Chordata","Mammalia","Carnivora","Canidae","Vulpes vulpes","red fox",1071,"(Linnaeus, 1758)",,,False,"II","Incidental Records","Tina Ball Miscellaneous Data","25-06-2009","25-06-2009","25-06-2009","Cape Palmerston National Park",-21.542199,149.466167,"GDA2020",100,,,,"C",0
5960186,,"Animalia","Chordata","Mammalia","Carnivora","Canidae","Vulpes vulpes","red fox",1071,"(Linnaeus, 1758)",,,False,"II","Incidental Records","Tina Ball Miscellaneous Data","03-04-2008","03-04-2008","03-04-2008","Cape Palmerston National Park",-21.538908,149.468311,"GDA2020",100,,,,"C",0
5960188,,"Animalia","Chordata","Mammalia","Carnivora","Canidae","Vulpes vulpes","red fox",1071,"(Linnaeus, 1758)",,,False,"II","Incidental Records","Tina Ball Miscellaneous Data","08-05-2008","08-05-2008","08-05-2008","Cape Palmerston National Park",-21.538908,149.468311,"GDA2020",100,,,,"C",0
5960189,,"Animalia","Chordata","Mammalia","Carnivora","Canidae","Vulpes vulpes","red fox",1071,"(Linnaeus, 1758)",,,False,"II","Incidental Records","Tina Ball Miscellaneous Data","30-05-2008","30-05-2008","30-05-2008","Cape Palmerston National Park",-21.538908,149.468311,"GDA2020",100,,,,"C",0
5798102,,"Animalia","Chordata","Mammalia","Carnivora","Canidae","Vulpes vulpes","red fox",1071,"(Linnaeus, 1758)",,,False,"II","Rod Hobson's wildlife data","Rod Hobson's incidental records","07-11-2010",,"07-11-2010","Warrego Highway via Oakey, SEQ.",-27.470777,151.739876,"GDA2020",20,1,"A",,"C",0
5827480,,"Animalia","Chordata","Mammalia","Carnivora","Canidae","Vulpes vulpes","red fox",1071,"(Linnaeus, 1758)",,,False,"II","Harry Hines fauna data","Harry Hines incidental records","14-07-2008","14-07-2008","14-07-2008","Bruce Highway, south of Deception Bay Rd turn-off, SEQ.",-27.200543,152.988617,"GDA2020",100,1,"A",,"C",0
5791639,,"Animalia","Chordata","Mammalia","Carnivora","Canidae","Vulpes vulpes","red fox",1071,"(Linnaeus, 1758)",,,False,"II","Rod Hobson's wildlife data","Rod Hobson's incidental records","08-02-2009","08-02-2009","08-02-2009","Wainui Pastoral Company, Bowenville, SEQ.",-27.342284,151.465386,"GDA2020",50,,,,"C",0
5795250,,"Animalia","Chordata","Mammalia","Carnivora","Canidae","Vulpes vulpes","red fox",1071,"(Linnaeus, 1758)",,,False,"II","Rod Hobson's wildlife data","Rod Hobson's incidental records","16-03-2010","16-03-2010","16-03-2010","""Valencia"" via Clermont, CQ.",-22.956886,147.805663,"GDA2020",300,,,,"C",0
5986989,,"Animalia","Chordata","Mammalia","Carnivora","Canidae","Vulpes vulpes","red fox",1071,"(Linnaeus, 1758)",,,False,"II","Incidental Records","WildNet Incidental Records","10-12-2013","11-12-2013","10-12-2013","Railway tracks near Virginia railway station",-27.379846,153.060477,"GDA2020",50,2,"A",,"U",0
5796102,,"Animalia","Chordata","Mammalia","Carnivora","Canidae","Vulpes vulpes","red fox",1071,"(Linnaeus, 1758)",,,False,"II","Rod Hobson's wildlife data","Rod Hobson's incidental records","17-04-2010",,"17-04-2010","Kumbarilla Lane, Kumbarilla via Dalby, SEQ.",-27.256374,150.882835,"GDA2020",50,1,"A",,"C",0
5986735,,"Animalia","Chordata","Mammalia","Carnivora","Canidae","Vulpes vulpes","red fox",1071,"(Linnaeus, 1758)",,,False,"II","Incidental Records","Tina Ball Miscellaneous Data","05-03-2013","05-03-2013","05-03-2013","Cape Palmerston National Park",-21.536321,149.468625,"GDA2020",100,,,,"C",0
5993763,,"Animalia","Chordata","Mammalia","Carnivora","Canidae","Vulpes vulpes","red fox",1071,"(Linnaeus, 1758)",,,False,"II","Incidental Records","Terry Reis Incidental Records","26-01-2014","28-01-2014","26-01-2014","Egernia Nature Refuge, Sonego Lane, Greenlands",-28.631837,151.807676,"GDA2020",700,1,"A",,"C",0
5998563,,"Animalia","Chordata","Mammalia","Carnivora","Canidae","Vulpes vulpes","red fox",1071,"(Linnaeus, 1758)",,,False,"II","Incidental Records","Rod Hobson Incidental Records","01-07-2014",,"01-07-2014","'Lowana', Rockmount via Helidon, SEQ.",-27.675007,152.039336,"GDA2020",200,1,"A",,"C",0
5998570,,"Animalia","Chordata","Mammalia","Carnivora","Canidae","Vulpes vulpes","red fox",1071,"(Linnaeus, 1758)",,,False,"II","Incidental Records","Rod Hobson Incidental Records","18-06-2014","26-06-2014","18-06-2014","Durikai State Forest via Inglewood, SEQ.",-28.276212,151.660856,"GDA2020",50,3,"A",,"C",0
5987023,,"Animalia","Chordata","Mammalia","Carnivora","Canidae","Vulpes vulpes","red fox",1071,"(Linnaeus, 1758)",,,False,"II","Incidental Records","Rod Hobson Incidental Records","15-10-2013","25-11-2013","15-10-2013","Southwood NP",-27.825682,150.103117,"GDA2020",8500,,,,"C",0
5976730,,"Animalia","Chordata","Mammalia","Carnivora","Canidae","Vulpes vulpes","red fox",1071,"(Linnaeus, 1758)",,,False,"II","Rod Hobson's wildlife data","Rod Hobson's incidental records","17-04-2012","20-04-2012","17-04-2012","Tin Hut, Palmgrove National Park [Scientific], CQ.",-24.930007,149.335697,"GDA2020",500,,,,"C",0
5992062,,"Animalia","Chordata","Mammalia","Carnivora","Canidae","Vulpes vulpes","red fox",1071,"(Linnaeus, 1758)",,,False,"II","Harry Hines fauna data","Harry Hines miscellaneous survey data","28-03-2012","28-03-2012","28-03-2012","Goomoolara Picnic Area including Mundoran Creek, Springbrook National Park, SEQ.",-28.224103,153.284641,"GDA2020",100,1,"A",,"C",0
5985098,,"Animalia","Chordata","Mammalia","Carnivora","Canidae","Vulpes vulpes","red fox",1071,"(Linnaeus, 1758)",,,False,"II","Rod Hobson's wildlife data","Citizens of the Lockyer Fauna Survey","18-05-2013","18-05-2013","18-05-2013","Scanlan Property, Mount Campbell Rd, Stockyard, SEQ.",-27.645813,152.058222,"GDA2020",500,1,"A",,"C",0
5825597,,"Animalia","Chordata","Mammalia","Carnivora","Canidae","Vulpes vulpes","red fox",1071,"(Linnaeus, 1758)",,,False,"II","Incidental Records","WildNet Incidental Records","01-09-2011","11-01-2012","01-09-2011","Kooralbyn and surrounds, south west of Beaudesert",-28.090587,152.855789,"GDA2020",2000,,,,"U",0
5986633,,"Animalia","Chordata","Mammalia","Carnivora","Canidae","Vulpes vulpes","red fox",1071,"(Linnaeus, 1758)",,,False,"II","Incidental Records","WildNet Incidental Records","11-11-2013",,"11-11-2013","Railway tracks near Virginia railway station",-27.379846,153.060477,"GDA2020",50,2,"A",,"U",0
5828546,,"Animalia","Chordata","Mammalia","Carnivora","Canidae","Vulpes vulpes","red fox",1071,"(Linnaeus, 1758)",,,False,"II","Jesse Rowlands fauna survey and monitoring datasets","Jesse Rowland miscellaneous fauna data","28-05-2011","28-05-2011","28-05-2011","On corner of Hickling Lane and Old Wallangarra Rd, Wyberba, SEQ.",-28.874562,151.894536,"GDA2020",200,,,,"C",0
5905838,,"Animalia","Chordata","Mammalia","Carnivora","Canidae","Vulpes vulpes","red fox",1071,"(Linnaeus, 1758)",,,False,"II","Incidental Records","R. Johnson Incidental Records","05-01-2000",,"05-01-2000","Bungeworgorai C&W Res, 8km S of Roma",-26.640987,148.761007,"GDA2020",100,3,"A",,"C",0
6015689,,"Animalia","Chordata","Mammalia","Carnivora","Canidae","Vulpes vulpes","red fox",1071,"(Linnaeus, 1758)",,,False,"II","Incidental Records","Rod Hobson Incidental Records","09-07-2014","09-07-2014","09-07-2014","P & E Darvall (Palm Creek), Mt Whitestone via Helidon",-26.677867,152.088906,"GDA2020",250,1,"A",,"C",0
6015690,,"Animalia","Chordata","Mammalia","Carnivora","Canidae","Vulpes vulpes","red fox",1071,"(Linnaeus, 1758)",,,False,"II","Incidental Records","Rod Hobson Incidental Records","10-07-2014","10-07-2014","10-07-2014","P & E Darvall (Palm Creek), Mt Whitestone via Helidon",-26.677867,152.088906,"GDA2020",250,1,"A",,"C",0
6015699,,"Animalia","Chordata","Mammalia","Carnivora","Canidae","Vulpes vulpes","red fox",1071,"(Linnaeus, 1758)",,,False,"II","Incidental Records","Rod Hobson Incidental Records","29-07-2014","29-07-2014","29-07-2014","P & E Darvall (Palm Creek), Mt Whitestone via Helidon",-26.677867,152.088906,"GDA2020",250,,,,"U",0
5915254,,"Animalia","Chordata","Mammalia","Carnivora","Canidae","Vulpes vulpes","red fox",1071,"(Linnaeus, 1758)",,,False,"II","Rod Hobson's wildlife data","Rod Hobson's incidental records","07-12-2011",,"07-12-2011","Bowenville-Norwin Rd, Bowenville, SEQ.",-27.319787,151.468406,"GDA2020",500,1,"A",,"C",0
5917273,"194","Animalia","Chordata","Mammalia","Carnivora","Canidae","Vulpes vulpes","red fox",1071,"(Linnaeus, 1758)",,,False,"II","Rod Hobson's wildlife data","Richard Underwood Nature Reserve Fauna Survey","08-12-2012","08-12-2012","08-12-2012","Yarran Downs brigalow tank, northeast of St George, SCQ.",-27.664564,148.602255,"GDA2020",20,1,"A",,"C",0
5999311,,"Animalia","Chordata","Mammalia","Carnivora","Canidae","Vulpes vulpes","red fox",1071,"(Linnaeus, 1758)",,,False,"II","Incidental Records","Rod Hobson Incidental Records","03-07-2014",,"03-07-2014","Southwood National Park",-27.844048,150.045285,"GDA2020",100,1,"A",,"C",0
6003407,,"Animalia","Chordata","Mammalia","Carnivora","Canidae","Vulpes vulpes","red fox",1071,"(Linnaeus, 1758)",,,False,"II","Rod Hobson's wildlife data","Rod Hobson's incidental records","05-05-2014","08-05-2014","05-05-2014","Boondandilla Homestead Ruins, Boondandilla State Forest, SEQ.",-27.898517,150.594566,"GDA2020",500,,,,"C",0
6001815,"204","Animalia","Chordata","Mammalia","Carnivora","Canidae","Vulpes vulpes","red fox",1071,"(Linnaeus, 1758)",,,False,"II","Rod Hobson's wildlife data","Taroom Fauna Survey February 2014","19-02-2014","19-02-2014","19-02-2014","Northern boundary, Highworth Bend Conservation Park, Warnoah QLD",-24.821737,149.913077,"GDA2020",30,,,,"C",0
6002228,,"Animalia","Chordata","Mammalia","Carnivora","Canidae","Vulpes vulpes","red fox",1071,"(Linnaeus, 1758)",,,False,"II","Rod Hobson's wildlife data","Rod Hobson's incidental records","04-01-2014","07-01-2014","04-01-2014","Bringalily State Forest, Bringalily, SEQ.",-27.176107,151.129356,"GDA2020",500,,,,"C",0
6003765,,"Animalia","Chordata","Mammalia","Carnivora","Canidae","Vulpes vulpes","red fox",1071,"(Linnaeus, 1758)",,,False,"II","Rod Hobson's wildlife data","Rod Hobson's incidental records","13-06-2014","14-06-2014","13-06-2014","'Highwoods', Loves Rd, Jimbour East, SEQ.",-26.896786,151.284405,"GDA2020",500,1,"A",,"C",0
6003508,,"Animalia","Chordata","Mammalia","Carnivora","Canidae","Vulpes vulpes","red fox",1071,"(Linnaeus, 1758)",,,False,"II","Rod Hobson's wildlife data","Rod Hobson's incidental records","08-05-2014","11-05-2014","08-05-2014","Bringalily State Forest via Inglewood, SEQ.",-27.176107,152.129356,"GDA2020",500,,,,"C",0
6003911,,"Animalia","Chordata","Mammalia","Carnivora","Canidae","Vulpes vulpes","red fox",1071,"(Linnaeus, 1758)",,,False,"II","Rod Hobson's wildlife data","Rod Hobson's incidental records","12-07-2014",,"12-07-2014","Bielefeld Bridge, Black Snake Creek, Marburg, SEQ.",-27.562767,152.595926,"GDA2020",150,1,"A",,"C",0
6080606,,"Animalia","Chordata","Mammalia","Carnivora","Canidae","Vulpes vulpes","red fox",1071,"(Linnaeus, 1758)",,,False,"II","Incidental Records","Mark Sanders Incidental fauna data","25-10-2014",,"25-10-2014","Sisters of Mercy, Nudgee",-27.362017,153.093386,"GDA2020",100,,,,"C",0
6080593,,"Animalia","Chordata","Mammalia","Carnivora","Canidae","Vulpes vulpes","red fox",1071,"(Linnaeus, 1758)",,,False,"II","Incidental Records","Mark Sanders Incidental fauna data","24-10-2014",,"24-10-2014","Sisters of Mercy, Nudgee",-27.366787,153.096476,"GDA2020",100,,,,"C",0
6006042,,"Animalia","Chordata","Mammalia","Carnivora","Canidae","Vulpes vulpes","red fox",1071,"(Linnaeus, 1758)",,,False,"II","Springbrook Management Unit","Incidental Fauna Records","07-10-2011",,"07-10-2011","Settlement Day Use Area Oval, Springbrook National Park, Springbrook, 4213, QLD",-28.193236,153.270446,"GDA2020",200,1,"A",,"C",0
6015963,"24","Animalia","Chordata","Mammalia","Carnivora","Canidae","Vulpes vulpes","red fox",1071,"(Linnaeus, 1758)",,,False,"II","Western Region Resource Projects","Forest Den NP","26-01-2011","26-01-2011","26-01-2011","Four Mile",-22.150554,145.183307,"GDA2020",100,1,"A",,"C",0
6016002,,"Animalia","Chordata","Mammalia","Carnivora","Canidae","Vulpes vulpes","red fox",1071,"(Linnaeus, 1758)",,,False,"II","Incidental Records","Rod Hobson Incidental Records","12-06-2014","12-06-2014","12-06-2014","P & E Darvall (Palm Creek), Mt Whitestone via Helidon",-26.677867,152.088906,"GDA2020",250,1,"A",,"C",0
6016025,,"Animalia","Chordata","Mammalia","Carnivora","Canidae","Vulpes vulpes","red fox",1071,"(Linnaeus, 1758)",,,False,"II","Incidental Records","Rod Hobson Incidental Records","14-06-2014","14-06-2014","14-06-2014","P & E Darvall (Palm Creek), Mt Whitestone via Helidon",-26.677867,152.088906,"GDA2020",250,1,"A",,"C",0
6027254,"45","Animalia","Chordata","Mammalia","Carnivora","Canidae","Vulpes vulpes","red fox",1071,"(Linnaeus, 1758)",,,False,"II","Incidental Records","Brett Kerr - Incidental sightings","20-10-2009","20-10-2009","20-10-2009","Butterfly Bog Nature Refuge",-26.826548,152.861489,"GDA2020",300,1,"A",,"C",0
6088719,"61","Animalia","Chordata","Mammalia","Carnivora","Canidae","Vulpes vulpes","red fox",1071,"(Linnaeus, 1758)",,,False,"II","Sunshine Coast Regional Council environmental reserve biodiversity assessments","Doonan Creek Environmental Reserve biodiversity surveys","10-03-2014","14-03-2014","10-03-2014","Mapped 12.12.12, northwest corner of Doonan Creek Environmental Reserve, Verrierdale, QLD.",-26.494999,153.046467,"GDA2020",150,,,,"C",0
6088715,"57","Animalia","Chordata","Mammalia","Carnivora","Canidae","Vulpes vulpes","red fox",1071,"(Linnaeus, 1758)",,,False,"II","Sunshine Coast Regional Council environmental reserve biodiversity assessments","Doonan Creek Environmental Reserve biodiversity surveys","02-12-2013","24-03-2014","02-12-2013","Mapped RE12.3.5, 880m W of Doonan Ck, Doonan Creek Environmental Reserve, Verrierdale, QLD.",-26.495919,153.050792,"GDA2020",150,,,,"C",0
6088717,"59","Animalia","Chordata","Mammalia","Carnivora","Canidae","Vulpes vulpes","red fox",1071,"(Linnaeus, 1758)",,,False,"II","Sunshine Coast Regional Council environmental reserve biodiversity assessments","Doonan Creek Environmental Reserve biodiversity surveys","02-12-2013","24-03-2014","02-12-2013","Mapped 12.9-10.4 polygon, NE corner of Doonan Creek Environmental Reserve, Verrierdale, QLD.",-26.494064,153.060956,"GDA2020",150,,,,"C",0
6088716,"58","Animalia","Chordata","Mammalia","Carnivora","Canidae","Vulpes vulpes","red fox",1071,"(Linnaeus, 1758)",,,False,"II","Sunshine Coast Regional Council environmental reserve biodiversity assessments","Doonan Creek Environmental Reserve biodiversity surveys","02-12-2013","24-03-2014","02-12-2013","Mapped RE12.3.5/12.3.1, 1140m W of Doonan Ck, Doonan Creek Environmental Reserve, Verrierdale, QLD.",-26.501056,153.051898,"GDA2020",150,,,,"C",0
6088718,"60","Animalia","Chordata","Mammalia","Carnivora","Canidae","Vulpes vulpes","red fox",1071,"(Linnaeus, 1758)",,,False,"II","Sunshine Coast Regional Council environmental reserve biodiversity assessments","Doonan Creek Environmental Reserve biodiversity surveys","02-12-2013","24-03-2014","02-12-2013","Edge of mapped RE12.9-10.4 and RE12.3.5, NE corner of Doonan Creek Environmental Reserve, Verrierdale, QLD.",-26.492304,153.059520,"GDA2020",150,,,,"C",0
6088970,"317","Animalia","Chordata","Mammalia","Carnivora","Canidae","Vulpes vulpes","red fox",1071,"(Linnaeus, 1758)",,,False,"II","Sunshine Coast Regional Council environmental reserve biodiversity assessments","Doonan Creek Environmental Reserve biodiversity surveys","01-03-2014","31-03-2014","01-03-2014","Centre of Doonan Creek Environmental Reserve, Verrierdale, QLD.",-26.500405,153.054407,"GDA2020",10,,,,"V",0
6088971,"318","Animalia","Chordata","Mammalia","Carnivora","Canidae","Vulpes vulpes","red fox",1071,"(Linnaeus, 1758)",,,False,"II","Sunshine Coast Regional Council environmental reserve biodiversity assessments","Doonan Creek Environmental Reserve biodiversity surveys","01-03-2014","31-03-2014","01-03-2014","NE corner of Doonan Creek Environmental Reserve, Verrierdale, QLD.",-26.494011,153.058397,"GDA2020",10,,,,"V",0
6088972,"319","Animalia","Chordata","Mammalia","Carnivora","Canidae","Vulpes vulpes","red fox",1071,"(Linnaeus, 1758)",,,False,"II","Sunshine Coast Regional Council environmental reserve biodiversity assessments","Doonan Creek Environmental Reserve biodiversity surveys","01-03-2014","31-03-2014","01-03-2014","NE corner of Doonan Creek Environmental Reserve, Verrierdale, QLD.",-26.494742,153.058849,"GDA2020",10,,,,"V",0
6088973,"320","Animalia","Chordata","Mammalia","Carnivora","Canidae","Vulpes vulpes","red fox",1071,"(Linnaeus, 1758)",,,False,"II","Sunshine Coast Regional Council environmental reserve biodiversity assessments","Doonan Creek Environmental Reserve biodiversity surveys","01-03-2014","31-03-2014","01-03-2014","SE corner of Doonan Creek Environmental Reserve, Verrierdale, QLD.",-26.509849,153.056137,"GDA2020",10,,,,"V",0
6309533,,"Animalia","Chordata","Mammalia","Carnivora","Canidae","Vulpes vulpes","red fox",1071,"(Linnaeus, 1758)",,,False,"II","Western Region Resource Projects","Western Region Road Transects","12-10-2012","12-10-2012","12-10-2012","Tocal Road",-23.663412,143.892605,"GDA2020",10,1,"A",,"C",0
6309808,,"Animalia","Chordata","Mammalia","Carnivora","Canidae","Vulpes vulpes","red fox",1071,"(Linnaeus, 1758)",,,False,"II","Western Region Resource Projects","Western Region Road Transects","30-03-2011","30-03-2011","30-03-2011","Landsborough Hway",-25.842695,146.600130,"GDA2020",10,1,"A",,"C",0
6097743,,"Animalia","Chordata","Mammalia","Carnivora","Canidae","Vulpes vulpes","red fox",1071,"(Linnaeus, 1758)",,,False,"II","Rowena Thomas fauna lists","Goomboorian National Park fauna survey March 2015","16-03-2015","27-03-2015","16-03-2015","Goomboorian National Park, off Wilson Pocket Rd",-26.148222,152.789695,"GDA2020",50,,,,"C",0
6103495,,"Animalia","Chordata","Mammalia","Carnivora","Canidae","Vulpes vulpes","red fox",1071,"(Linnaeus, 1758)",,,False,"II","Incidental Records","WildNet Incidental Records","05-12-2015","28-01-2016","05-12-2015","Old Homebush Rd, Gowrie Junction via Toowoomba, SEQ.",-27.474012,151.895926,"GDA2020",200,,,,"C",0
6250109,,"Animalia","Chordata","Mammalia","Carnivora","Canidae","Vulpes vulpes","red fox",1071,"(Linnaeus, 1758)",,,False,"II","Incidental Records","Martin Ambrose Incidental Records","01-06-2016",,"01-06-2016","'Highwoods', 74 Loves Rd, Jimbour East via Jimbour, SEQ",-26.895896,151.283270,"GDA2020",500,1,"A",,"C",0
6547226,"29","Animalia","Chordata","Mammalia","Carnivora","Canidae","Vulpes vulpes","red fox",1071,"(Linnaeus, 1758)",,,False,"II","Incidental Records","Tully Park Incidental Records","01-01-2002","14-02-2017","01-01-2002","Mount Tully, 5km SE of Lee's Hill, New England Tableland",-28.716490,151.960202,"GDA2020",350,,,,"C",0
6277817,,"Animalia","Chordata","Mammalia","Carnivora","Canidae","Vulpes vulpes","red fox",1071,"(Linnaeus, 1758)",,,False,"II","Rod Hobson's wildlife data","Rod Hobson's incidental records","10-02-2015",,"10-02-2015","Domville State Forest via Captains Mountain, SEQ.",-27.928017,151.207956,"GDA2020",200,,,,"C",0
6281298,,"Animalia","Chordata","Mammalia","Carnivora","Canidae","Vulpes vulpes","red fox",1071,"(Linnaeus, 1758)",,,False,"II","Rod Hobson's wildlife data","Rod Hobson's incidental records","09-03-2016","09-03-2016","09-03-2016","Bracker Creek, Warroo Reserve via Inglewood SEQ",-28.565087,151.347036,"GDA2020",400,1,"A",,"C",0
6545744,,"Animalia","Chordata","Mammalia","Carnivora","Canidae","Vulpes vulpes","red fox",1071,"(Linnaeus, 1758)",,,False,"II","Incidental Records","Rod Hobson Incidental Records","16-10-2017","16-10-2017","16-10-2017","Crows Nest National Park SEQ",-27.253885,152.109167,"GDA2020",50,1,"A",,"C",0
6619743,,"Animalia","Chordata","Mammalia","Carnivora","Canidae","Vulpes vulpes","red fox",1071,"(Linnaeus, 1758)",,,False,"II","Harry Hines fauna data","Kroombit Tops quoll survey","29-04-2018","07-06-2018","29-04-2018","Headwaters of a tributary of Dry Creek, east of the north running firebreak that joins Razorback Track west of Splat Track, Kroombit Tops National Park, south-west of Gladstone, SEQ.",-24.399684,150.926426,"GDA2020",25,1,"A",,"C",0
6107391,,"Animalia","Chordata","Mammalia","Carnivora","Canidae","Vulpes vulpes","red fox",1071,"(Linnaeus, 1758)",,,False,"II","Harry Hines fauna data","Harry Hines incidental records","02-08-2014","02-08-2014","02-08-2014","Centenary Highway, Jindalee, SEQ.",-27.538321,152.946395,"GDA2020",100,1,"A",,"C",0
6107711,,"Animalia","Chordata","Mammalia","Carnivora","Canidae","Vulpes vulpes","red fox",1071,"(Linnaeus, 1758)",,,False,"II","Ian Gynthers fauna data","Water mouse survey data","22-09-2011","23-09-2011","22-09-2011","Bullock Creek Regional Park, near Donnybrook, SEQ",-27.010293,153.071284,"GDA2020",200,,,,"U",0
6278093,,"Animalia","Chordata","Mammalia","Carnivora","Canidae","Vulpes vulpes","red fox",1071,"(Linnaeus, 1758)",,,False,"II","Rod Hobson's wildlife data","Rod Hobson's incidental records","21-02-2015",,"21-02-2015","923 Preston Boundary Rd, Preston via Toowoomba, SEQ.",-27.673797,151.991386,"GDA2020",10,1,"A",,"C",0
6309422,,"Animalia","Chordata","Mammalia","Carnivora","Canidae","Vulpes vulpes","red fox",1071,"(Linnaeus, 1758)",,,False,"II","Western Region Resource Projects","Western Region Road Transects","04-06-2011","04-06-2011","04-06-2011","Isisford - Stonehenge Rd",-24.247808,143.576278,"GDA2020",10,1,"A",,"C",0
6309439,,"Animalia","Chordata","Mammalia","Carnivora","Canidae","Vulpes vulpes","red fox",1071,"(Linnaeus, 1758)",,,False,"II","Western Region Resource Projects","Western Region Road Transects","04-06-2011","04-06-2011","04-06-2011","Isisford - Stonehenge Rd",-24.006220,143.434455,"GDA2020",10,1,"A",,"C",0
6319882,,"Animalia","Chordata","Mammalia","Carnivora","Canidae","Vulpes vulpes","red fox",1071,"(Linnaeus, 1758)",,,False,"II","Incidental Records","Rod Hobson Incidental Records","02-07-2017","02-07-2017","02-07-2017","Grunke Road, Groomsville SEQ",-27.325956,151.975621,"GDA2020",150,1,"A",,"C",0
6614623,,"Animalia","Chordata","Mammalia","Carnivora","Canidae","Vulpes vulpes","red fox",1071,"(Linnaeus, 1758)",,,False,"II","Incidental Records","Rod Hobson Incidental Records","30-04-2018","30-04-2018","30-04-2018","Merrol St, Highfields, SEQ.",-27.467765,151.941395,"GDA2020",50,1,"A",,"C",0
6534903,,"Animalia","Chordata","Mammalia","Carnivora","Canidae","Vulpes vulpes","red fox",1071,"(Linnaeus, 1758)",,,False,"II","Incidental Records","Rod Hobson Incidental Records","28-07-2017","28-07-2017","28-07-2017","1440 Chambers Flat Toad, Chambers Flat SEQ",-27.747203,153.061550,"GDA2020",50,1,"A",,"C",0
6630777,,"Animalia","Chordata","Mammalia","Carnivora","Canidae","Vulpes vulpes","red fox",1071,"(Linnaeus, 1758)",,,False,"II","Incidental Records","WildNet Incidental Records","15-06-2018",,"15-06-2018","Bowenville Norwin Rd, Formartin.",-27.366281,151.422012,"GDA2020",100,2,"A",,"C",0
6708316,"430","Animalia","Chordata","Mammalia","Carnivora","Canidae","Vulpes vulpes","red fox",1071,"(Linnaeus, 1758)",,,False,"II","Incidental Records","Biosecurity QLD bait trial 2018","21-09-2018","21-09-2018","21-09-2018","Main Range National Park",-27.976655,152.374991,"GDA2020",50,1,"A",,"C",0
6712415,,"Animalia","Chordata","Mammalia","Carnivora","Canidae","Vulpes vulpes","red fox",1071,"(Linnaeus, 1758)",,,False,"II","Incidental Records","D'Aguilar National Park (South D'Aguilar MU)","20-02-2019","27-03-2019","20-02-2019","Clear Mtn CP - Centre Rd 01 - One Mile Creek",-27.314425,152.911081,"GDA2020",100,1,"A",,"C",0
6725690,"129","Animalia","Chordata","Mammalia","Carnivora","Canidae","Vulpes vulpes","red fox",1071,"(Linnaeus, 1758)",,,False,"II","Ecological Assessment","Julia Creek Dunnart monitoring using thermal image cameras","10-09-2015","10-09-2015","10-09-2015","Bladensburg National Park",-22.483142,143.107155,"GDA2020",100,1,"A",,"C",0
6694088,"6","Animalia","Chordata","Mammalia","Carnivora","Canidae","Vulpes vulpes","red fox",1071,"(Linnaeus, 1758)",,,False,"II","Incidental Records","Rod Hobson Incidental Records","02-06-2018","02-06-2018","02-06-2018","Darren Lockyer Way, Warrego Highway via Gatton SEQ",-27.537861,152.276813,"GDA2020",50,1,"A",,"C",0
6708193,"307","Animalia","Chordata","Mammalia","Carnivora","Canidae","Vulpes vulpes","red fox",1071,"(Linnaeus, 1758)",,,False,"II","Incidental Records","Biosecurity QLD bait trial 2018","08-09-2018","08-09-2018","08-09-2018","Girraween National Park",-28.842410,151.976298,"GDA2020",50,1,"A",,"C",0
6564251,"135","Animalia","Chordata","Mammalia","Carnivora","Canidae","Vulpes vulpes","red fox",1071,"(Linnaeus, 1758)",,,False,"II","Rod Hobson's wildlife data","Rod Hobson's incidental records","28-01-2018","28-01-2018","28-01-2018","nr. junction Kleinton and Meringandan Roads, Kleinton SEQ",-27.433766,151.948641,"GDA2020",100,1,"A",,"C",0
6737324,,"Animalia","Chordata","Mammalia","Carnivora","Canidae","Vulpes vulpes","red fox",1071,"(Linnaeus, 1758)",,,False,"II","Incidental Records","Ecosure Sightings Data","22-05-2017","30-05-2017","22-05-2017","Facing Island, Gladstone Harbour",-23.787387,151.339907,"GDA2020",1500,,,,"C",0
6737527,,"Animalia","Chordata","Mammalia","Carnivora","Canidae","Vulpes vulpes","red fox",1071,"(Linnaeus, 1758)",,,False,"II","Incidental Records","Ecosure Sightings Data","16-04-2018","16-04-2018","16-04-2018","Springs Rd, Agnes Water",-24.219887,151.917307,"GDA2020",85,,,,"C",0
6737681,,"Animalia","Chordata","Mammalia","Carnivora","Canidae","Vulpes vulpes","red fox",1071,"(Linnaeus, 1758)",,,False,"II","Incidental Records","Ecosure Sightings Data","13-02-2018","15-02-2018","13-02-2018","Aldoga",-23.876287,151.051507,"GDA2020",800,,,,"C",0
6738300,,"Animalia","Chordata","Mammalia","Carnivora","Canidae","Vulpes vulpes","red fox",1071,"(Linnaeus, 1758)",,,False,"II","Incidental Records","Ecosure Sightings Data","11-07-2016","15-07-2016","11-07-2016","Boyne Island",-23.917887,151.309807,"GDA2020",750,,,,"C",0
6738403,,"Animalia","Chordata","Mammalia","Carnivora","Canidae","Vulpes vulpes","red fox",1071,"(Linnaeus, 1758)",,,False,"II","Fauna records Diamantina National Park","Spotlighting Transects","28-01-2018",,"28-01-2018","Fox spotlight trnasect",-23.634431,141.084258,"GDA2020",100,1,"A",,"C",0
6566474,"3710","Animalia","Chordata","Mammalia","Carnivora","Canidae","Vulpes vulpes","red fox",1071,"(Linnaeus, 1758)",,,False,"II","Incidental Records","Andrew McDougall Incidental Records","01-10-2017","01-10-2017","01-10-2017","Glendale, central Queensland",-23.244887,150.489907,"GDA2020",50,1,"A",,"C",0
6708197,"311","Animalia","Chordata","Mammalia","Carnivora","Canidae","Vulpes vulpes","red fox",1071,"(Linnaeus, 1758)",,,False,"II","Incidental Records","Biosecurity QLD bait trial 2018","08-09-2018","08-09-2018","08-09-2018","Girraween National Park",-28.844313,151.975251,"GDA2020",50,1,"A",,"C",0
6708201,"315","Animalia","Chordata","Mammalia","Carnivora","Canidae","Vulpes vulpes","red fox",1071,"(Linnaeus, 1758)",,,False,"II","Incidental Records","Biosecurity QLD bait trial 2018","08-09-2018","08-09-2018","08-09-2018","Girraween National Park",-28.845228,151.974233,"GDA2020",50,1,"A",,"C",0
6712455,,"Animalia","Chordata","Mammalia","Carnivora","Canidae","Vulpes vulpes","red fox",1071,"(Linnaeus, 1758)",,,False,"II","Incidental Records","D'Aguilar National Park (South D'Aguilar MU)","05-04-2019","22-05-2019","05-04-2019","Sampford CP 01 - Estate Break",-27.380896,152.920515,"GDA2020",100,1,"A",,"C",0
6712431,,"Animalia","Chordata","Mammalia","Carnivora","Canidae","Vulpes vulpes","red fox",1071,"(Linnaeus, 1758)",,,False,"II","Incidental Records","D'Aguilar National Park (South D'Aguilar MU)","19-02-2019","26-03-2019","19-02-2019","Hellhole Break - riparian zone near hoop pine forest",-27.438446,152.868261,"GDA2020",100,1,"A",,"C",0
6718769,"2834","Animalia","Chordata","Mammalia","Carnivora","Canidae","Vulpes vulpes","red fox",1071,"(Linnaeus, 1758)",,,False,"II","Rod Hobson's wildlife data","Rod Hobson's incidental records","04-06-2019","04-06-2019","04-06-2019","Warrego Highway, Gatton SEQ",-27.545034,152.310378,"GDA2020",50,1,"A",,"C",0
6725660,"99","Animalia","Chordata","Mammalia","Carnivora","Canidae","Vulpes vulpes","red fox",1071,"(Linnaeus, 1758)",,,False,"II","Ecological Assessment","Julia Creek Dunnart monitoring using thermal image cameras","08-09-2015","08-09-2015","08-09-2015","Bladensburg National Park",-22.610444,143.061327,"GDA2020",100,1,"A",,"C",0
6736985,"46","Animalia","Chordata","Mammalia","Carnivora","Canidae","Vulpes vulpes","red fox",1071,"(Linnaeus, 1758)",,,False,"II","Incidental Records","Daisy Hill Conservation Park surveys 2019","23-09-2019","01-10-2019","23-09-2019","Ford Road Conservation Park",-27.604548,153.168086,"GDA2020",1,1,"A",,"C",0
6755956,"3646","Animalia","Chordata","Mammalia","Carnivora","Canidae","Vulpes vulpes","red fox",1071,"(Linnaeus, 1758)",,,False,"II","Australian Wildlife Conservancy data","Australian Wildlife Conservancy data","18-04-2011","18-04-2011","18-04-2011","Bowra",-27.972107,145.485187,"GDA2020",100,1,"A",,"C",0
6736992,"53","Animalia","Chordata","Mammalia","Carnivora","Canidae","Vulpes vulpes","red fox",1071,"(Linnaeus, 1758)",,,False,"II","Incidental Records","Daisy Hill Conservation Park surveys 2019","23-09-2019","01-10-2019","23-09-2019","Ford Road Conservation Park",-27.608881,153.160451,"GDA2020",1,1,"A",,"C",0
7085502,"10657","Animalia","Chordata","Mammalia","Carnivora","Canidae","Vulpes vulpes","red fox",1071,"(Linnaeus, 1758)",,,False,"II","Rod Hobson's wildlife data","Rod Hobson's incidental records","27-04-2021","27-04-2021","27-04-2021","McIntyre-Yargullen Road, Jondaryan SEQ",-27.468941,151.616404,"GDA2020",200,1,"A",,"C",0
7116626,,"Animalia","Chordata","Mammalia","Carnivora","Canidae","Vulpes vulpes","red fox",1071,"(Linnaeus, 1758)",,,False,"II","Incidental Records","Ecosure Sightings Data","06-02-2017","08-02-2017","06-02-2017","Boyne Island",-23.925187,151.312707,"GDA2020",2000,,,,"C",0
6736997,"58","Animalia","Chordata","Mammalia","Carnivora","Canidae","Vulpes vulpes","red fox",1071,"(Linnaeus, 1758)",,,False,"II","Incidental Records","Daisy Hill Conservation Park surveys 2019","24-09-2019","02-10-2019","24-09-2019","Ford Road Conservation Park",-27.607227,153.163197,"GDA2020",5,2,"A",,"C",0
6755953,"3643","Animalia","Chordata","Mammalia","Carnivora","Canidae","Vulpes vulpes","red fox",1071,"(Linnaeus, 1758)",,,False,"II","Australian Wildlife Conservancy data","Australian Wildlife Conservancy data","17-04-2011","17-04-2011","17-04-2011","Bowra",-27.951727,145.532177,"GDA2020",100,1,"A",,"C",0
6745310,"5773","Animalia","Chordata","Mammalia","Carnivora","Canidae","Vulpes vulpes","red fox",1071,"(Linnaeus, 1758)",,,False,"II","Rod Hobson's wildlife data","Rod Hobson's incidental records","07-12-2019","07-12-2019","07-12-2019","Priors Pocket, Moggill SEQ",-27.599325,152.898650,"GDA2020",500,1,"A",,"C",0
7148790,,"Animalia","Chordata","Mammalia","Carnivora","Canidae","Vulpes vulpes","red fox",1071,"(Linnaeus, 1758)",,,False,"II","Bushfire Recovery Project","Camera trapping - threatened species bushfire project","28-01-2021","29-04-2021","28-01-2021","Top of Laheys Tabletop, along the escarpment overlooking the Coomera River, Lamington National Park, SEQ.",-28.166273,153.157659,"GDA2020",25,,,,"C",0
7148802,,"Animalia","Chordata","Mammalia","Carnivora","Canidae","Vulpes vulpes","red fox",1071,"(Linnaeus, 1758)",,,False,"II","Bushfire Recovery Project","Camera trapping - threatened species bushfire project","28-01-2021","15-04-2021","28-01-2021","Laheys Tabletop, southwest of Tabletop Road, along the escarpment above Canungra Creek, Lamington National Park, SEQ.",-28.155289,153.148099,"GDA2020",25,,,,"C",0
7148806,,"Animalia","Chordata","Mammalia","Carnivora","Canidae","Vulpes vulpes","red fox",1071,"(Linnaeus, 1758)",,,False,"II","Bushfire Recovery Project","Camera trapping - threatened species bushfire project","28-01-2021","10-02-2021","28-01-2021","Laheys Tabletop, west of Tabletop Road, on a grassy slope overlooking Canungra Creek, Lamington National Park, SEQ.",-28.142054,153.140871,"GDA2020",25,,,,"C",0
7148924,,"Animalia","Chordata","Mammalia","Carnivora","Canidae","Vulpes vulpes","red fox",1071,"(Linnaeus, 1758)",,,False,"II","Bushfire Recovery Project","Camera trapping - threatened species bushfire project","05-11-2020","18-05-2021","05-11-2020","Top of a small north facing escarpment on a westerly ridge, 450m north of the uppermost part of Drummer Break, Mount Barney National Park, SEQ.",-28.282241,152.595634,"GDA2020",50,,,,"C",0
7149489,,"Animalia","Chordata","Mammalia","Carnivora","Canidae","Vulpes vulpes","red fox",1071,"(Linnaeus, 1758)",,,False,"II","Bushfire Recovery Project","Camera trapping - threatened species bushfire project","11-05-2021","15-05-2021","11-05-2021","In rainforest, near the edge of the open forest, north of the track, west of the Gambubal Hastings River Mouse Standard Grid Site, northeast of Bald Mountain, Main Range National Park, SEQ.",-28.227294,152.426208,"GDA2020",25,,,,"C",0
7149615,,"Animalia","Chordata","Mammalia","Carnivora","Canidae","Vulpes vulpes","red fox",1071,"(Linnaeus, 1758)",,,False,"II","Bushfire Recovery Project","Camera trapping - threatened species bushfire project","30-07-2021","15-12-2021","30-07-2021","North of the base of the Prow of the Steamers, south of Steamer Creek, Main Range National Park, SEQ.",-28.207168,152.418075,"GDA2020",100,,,,"C",0
7149634,,"Animalia","Chordata","Mammalia","Carnivora","Canidae","Vulpes vulpes","red fox",1071,"(Linnaeus, 1758)",,,False,"II","Bushfire Recovery Project","Camera trapping - threatened species bushfire project","26-08-2021","16-12-2021","26-08-2021","Wallaby flat, southwest of Mount Machar Track, northwest of Mount Machar, Glen Rock area of Main Range National Park, SEQ.",-27.910196,152.241095,"GDA2020",100,,,,"C",0
6745407,"5878","Animalia","Chordata","Mammalia","Carnivora","Canidae","Vulpes vulpes","red fox",1071,"(Linnaeus, 1758)",,,False,"II","Rod Hobson's wildlife data","Rod Hobson's incidental records","30-12-2019","30-12-2019","30-12-2019","Loveday Cove, Cooby Dam, Groomsville SEQ",-27.389618,151.943640,"GDA2020",200,1,"A",,"C",0
6755441,"3151","Animalia","Chordata","Mammalia","Carnivora","Canidae","Vulpes vulpes","red fox",1071,"(Linnaeus, 1758)",,,False,"II","Australian Wildlife Conservancy data","Australian Wildlife Conservancy data","13-10-2014","13-10-2014","13-10-2014","Bowra",-27.993287,145.669227,"GDA2020",100,1,"A",,"C",0
6755639,"3359","Animalia","Chordata","Mammalia","Carnivora","Canidae","Vulpes vulpes","red fox",1071,"(Linnaeus, 1758)",,,False,"II","Australian Wildlife Conservancy data","Australian Wildlife Conservancy data","06-04-2011","06-04-2011","06-04-2011","Bowra",-28.047297,145.556327,"GDA2020",100,1,"A",,"C",0
7030030,"8868","Animalia","Chordata","Mammalia","Carnivora","Canidae","Vulpes vulpes","red fox",1071,"(Linnaeus, 1758)",,,False,"II","Rod Hobson's wildlife data","Rod Hobson's incidental records","10-11-2020","10-11-2020","10-11-2020","Willow Poplar Bridge, Gowrie Creek, Warrego Highway, Oakey SEQ",-27.470989,151.740329,"GDA2020",20,1,"A",,"C",0
7181477,"12439","Animalia","Chordata","Mammalia","Carnivora","Canidae","Vulpes vulpes","red fox",1071,"(Linnaeus, 1758)",,,False,"II","Rod Hobson's wildlife data","Rod Hobson's incidental records","22-08-2022","22-08-2022","22-08-2022","Kingsthorpe Haden Road, Cutella SEQ",-27.453264,151.819767,"GDA2020",100,1,"A",,"C",0
6755952,"3642","Animalia","Chordata","Mammalia","Carnivora","Canidae","Vulpes vulpes","red fox",1071,"(Linnaeus, 1758)",,,False,"II","Australian Wildlife Conservancy data","Australian Wildlife Conservancy data","17-04-2011","17-04-2011","17-04-2011","Bowra",-27.951727,145.532177,"GDA2020",100,1,"A",,"C",0
7085318,"10907","Animalia","Chordata","Mammalia","Carnivora","Canidae","Vulpes vulpes","red fox",1071,"(Linnaeus, 1758)",,,False,"II","Rod Hobson's wildlife data","Rod Hobson's incidental records","14-04-2021","16-04-2021","14-04-2021","cottage, ""Highwoods"", Loves Road, East Jimbour SEQ",-26.896382,151.283908,"GDA2020",300,1,"A",,"C",0
7323162,"17193","Animalia","Chordata","Mammalia","Carnivora","Canidae","Vulpes vulpes","red fox",1071,"(Linnaeus, 1758)",,,False,"II","Rod Hobson's wildlife data","Rod Hobson's incidental records","05-05-2007","05-05-2007","05-05-2007","Wooldridge property, ""Kunari"", Bongeen SEQ",-27.536438,151.440811,"GDA2020",200,,,,"C",0
7125701,"10736","Animalia","Chordata","Mammalia","Carnivora","Canidae","Vulpes vulpes","red fox",1071,"(Linnaeus, 1758)",,,False,"II","Rod Hobson's wildlife data","Rod Hobson's incidental records","01-05-2021","03-05-2021","01-05-2021","cottage, ""Highwoods"", Loves Road, East Jimbour SEQ",-26.896382,151.283908,"GDA2020",300,,,,"C",0
7029492,"24","Animalia","Chordata","Mammalia","Carnivora","Canidae","Vulpes vulpes","red fox",1071,"(Linnaeus, 1758)",,,False,"II","Incidental Records","Terry Reis Incidental Records","16-12-2020","16-12-2020","16-12-2020","Dohles Roads Road, Griffin",-27.272977,153.026346,"GDA2020",50,1,"A",,"C",0
7324625,"18667","Animalia","Chordata","Mammalia","Carnivora","Canidae","Vulpes vulpes","red fox",1071,"(Linnaeus, 1758)",,,False,"II","Rod Hobson's wildlife data","Rod Hobson's incidental records","01-06-2023","01-06-2023","01-06-2023","Warrego Highway, Karrabin SEQ",-27.577496,152.692068,"GDA2020",100,1,"A",,"C",0
7325536,"19581","Animalia","Chordata","Mammalia","Carnivora","Canidae","Vulpes vulpes","red fox",1071,"(Linnaeus, 1758)",,,False,"II","Rod Hobson's wildlife data","Rod Hobson's incidental records","03-07-2023","03-07-2023","03-07-2023","Knust Road, Mt. Tyson SEQ",-27.590122,151.560077,"GDA2020",100,1,"A",,"C",0
7125871,"10905","Animalia","Chordata","Mammalia","Carnivora","Canidae","Vulpes vulpes","red fox",1071,"(Linnaeus, 1758)",,,False,"II","Rod Hobson's wildlife data","Rod Hobson's incidental records","23-05-2021","23-05-2021","23-05-2021","Old Goombungee Road, Birnam SEQ",-27.493136,151.925419,"GDA2020",50,1,"A",,"C",0
7125888,"10923","Animalia","Chordata","Mammalia","Carnivora","Canidae","Vulpes vulpes","red fox",1071,"(Linnaeus, 1758)",,,False,"II","Rod Hobson's wildlife data","Rod Hobson's incidental records","29-05-2021","29-05-2021","29-05-2021","Dalby-Jandowae Road, Dalby SEQ",-27.131011,151.244374,"GDA2020",100,1,"A",,"C",0
7179377,"11016","Animalia","Chordata","Mammalia","Carnivora","Canidae","Vulpes vulpes","red fox",1071,"(Linnaeus, 1758)",,,False,"II","Rod Hobson's wildlife data","Rod Hobson's incidental records","03-04-2022","03-04-2022","03-04-2022","McEwan State Forest, Stoneleigh via Pittsworth SEQ",-27.665187,151.633240,"GDA2020",300,1,"A",,"C",0
7180340,"12013","Animalia","Chordata","Mammalia","Carnivora","Canidae","Vulpes vulpes","red fox",1071,"(Linnaeus, 1758)",,,False,"II","Rod Hobson's wildlife data","Rod Hobson's incidental records","28-06-2022","28-06-2022","28-06-2022","Warrego Highway, Kingsthorpe SEQ",-27.480499,151.763213,"GDA2020",50,1,"A",,"C",0
7180341,"12014","Animalia","Chordata","Mammalia","Carnivora","Canidae","Vulpes vulpes","red fox",1071,"(Linnaeus, 1758)",,,False,"II","Rod Hobson's wildlife data","Rod Hobson's incidental records","28-06-2022","28-06-2022","28-06-2022","Warrego Highway, Kingsthorpe SEQ",-27.481617,151.766449,"GDA2020",50,1,"A",,"C",0
7181019,"12701","Animalia","Chordata","Mammalia","Carnivora","Canidae","Vulpes vulpes","red fox",1071,"(Linnaeus, 1758)",,,False,"II","Rod Hobson's wildlife data","Rod Hobson's incidental records","06-08-2022","06-08-2022","06-08-2022","powerline easement, Doctor Creek, Jondaryan SEQ",-27.383729,151.615638,"GDA2020",200,1,"A",,"C",0
7325537,"19582","Animalia","Chordata","Mammalia","Carnivora","Canidae","Vulpes vulpes","red fox",1071,"(Linnaeus, 1758)",,,False,"II","Rod Hobson's wildlife data","Rod Hobson's incidental records","03-07-2023","03-07-2023","03-07-2023","Knust Road, Mt. Tyson SEQ",-27.583884,151.561254,"GDA2020",100,1,"A",,"C",0
7236557,"12760","Animalia","Chordata","Mammalia","Carnivora","Canidae","Vulpes vulpes","red fox",1071,"(Linnaeus, 1758)",,,False,"II","Rod Hobson's wildlife data","Rod Hobson's incidental records","13-09-2022","13-09-2022","13-09-2022","Evanslea Road, Evanslea SEQ",-27.536342,151.520818,"GDA2020",100,1,"A",,"C",0
7326520,"20677","Animalia","Chordata","Mammalia","Carnivora","Canidae","Vulpes vulpes","red fox",1071,"(Linnaeus, 1758)",,,False,"II","Rod Hobson's wildlife data","Rod Hobson's incidental records","05-09-2023","05-09-2023","05-09-2023","""Glendon"", 246 Watson Road, Nangwee SEQ",-27.519154,151.254451,"GDA2020",300,2,"A",,"C",0
7300509,"19771","Animalia","Chordata","Mammalia","Carnivora","Canidae","Vulpes vulpes","red fox",1071,"(Linnaeus, 1758)",,,False,"II","Rod Hobson's wildlife data","Rod Hobson's incidental records","07-03-2023","07-03-2023","07-03-2023","Acton Vale Stud Road, Wellcamp SEQ",-27.584908,151.848505,"GDA2020",50,1,"A",,"C",0
9037227,,"Animalia","Chordata","Mammalia","Carnivora","Canidae","Vulpes vulpes","red fox",1071,"(Linnaeus, 1758)",,,False,"II","Department of Transport and Main Roads Wildlife Records","Mackay Port Access Flora and Fauna 2019","23-09-2024","29-11-2024","23-09-2024","Bassett Basin, mangrove areas east of Mackay Port, south of the railway line from east of Glenpark Street bridge to Harbour Road",-21.109337,149.191077,"GDA2020",1300,1,"E",,"C",0
